,actual,pred,forecast,au_returns,vol_regime,period_regime
2021-05-14,0,1,6.0462079326919414e-05,-0.004749557,low_vol,covid
2021-05-17,0,1,4.663982745948209e-05,-0.001107771,low_vol,covid
2021-05-18,1,1,4.5247170311149876e-05,-0.005223118,low_vol,covid
2021-05-19,0,1,4.510685352692386e-05,0.004890556,low_vol,covid
2021-05-20,1,1,4.509271594829648e-05,-0.004222283,low_vol,covid
2021-05-21,0,1,4.509129152048802e-05,0.00233553,low_vol,covid
2021-05-24,0,1,4.5091148002659755e-05,-0.002112815,low_vol,covid
2021-05-25,1,1,4.5091133542560825e-05,-0.002117374,low_vol,covid
2021-05-26,0,1,4.509113208563757e-05,0.004452384,low_vol,covid
2021-05-27,1,1,4.509113193884568e-05,-0.000777731,low_vol,covid
2021-05-28,0,1,4.50911319240557e-05,0.00066664,low_vol,covid
2021-06-01,1,1,4.5091131922565536e-05,-0.002223919,low_vol,covid
2021-06-02,1,1,4.50911319224154e-05,0.000778943,low_vol,covid
2021-06-03,0,1,4.509113192240027e-05,0.006651892,low_vol,covid
2021-06-04,0,1,4.5091131922398745e-05,-0.00398584,low_vol,covid
2021-06-07,1,1,4.5091131922398596e-05,-0.002110084,low_vol,covid
2021-06-08,1,1,4.5091131922398575e-05,0.001444258,low_vol,covid
2021-06-09,0,1,4.5091131922398575e-05,0.000443961,low_vol,covid
2021-06-10,1,1,4.5091131922398575e-05,-0.000443961,low_vol,covid
2021-06-11,0,1,4.5091131922398575e-05,0.005314403,low_vol,covid
2021-06-14,1,1,4.5091131922398575e-05,-0.000441804,low_vol,covid
2021-06-15,1,1,3.965922491368072e-05,0.000220968,low_vol,covid
2021-06-16,1,1,4.3638652272504195e-05,0.006495276,low_vol,covid
2021-06-17,1,1,4.385821132238027e-05,0.008305175,low_vol,covid
2021-06-18,0,1,4.387032516993565e-05,0.003693291,low_vol,covid
2021-06-21,0,1,4.387099353365228e-05,-0.004019808,low_vol,covid
2021-06-22,1,1,4.387103040963703e-05,-0.001416169,low_vol,covid
2021-06-23,1,1,4.3871032444215236e-05,0.000762815,low_vol,covid
2021-06-24,0,1,4.3871032556470094e-05,0.000217805,low_vol,covid
2021-06-25,1,1,4.387103256266359e-05,-0.000108938,low_vol,covid
2021-06-28,1,1,4.3871032563005305e-05,0.00076215,low_vol,covid
2021-06-29,1,1,4.3871032563024164e-05,0.001848593,low_vol,covid
2021-06-30,1,1,4.38710325630252e-05,0.004227871,low_vol,covid
2021-07-01,0,1,4.387103256302526e-05,0.001729313,low_vol,covid
2021-07-02,1,1,4.387103256302526e-05,-0.004003632,low_vol,covid
2021-07-06,1,1,4.387103256302526e-05,0.003463578,low_vol,covid
2021-07-07,0,1,4.387103256302526e-05,0.000971935,low_vol,covid
2021-07-08,0,1,4.387103256302526e-05,-0.003027016,low_vol,covid
2021-07-09,1,1,4.387103256302526e-05,-0.002493398,low_vol,covid
2021-07-12,1,1,4.387103256302526e-05,0.0010849,low_vol,covid
2021-07-13,0,1,4.387103256302526e-05,0.005622208,low_vol,covid
2021-07-14,1,1,4.387103256302526e-05,-0.003672464,low_vol,covid
2021-07-15,1,0,-3.389340702786219e-06,0.002269893,low_vol,covid
2021-07-16,1,1,4.608801326284504e-05,0.000755488,low_vol,covid
2021-07-19,1,1,5.03347215383549e-05,0.002155373,low_vol,covid
2021-07-20,0,1,5.0699222259024225e-05,0.000860883,low_vol,covid
2021-07-21,1,1,5.073050784935654e-05,-0.002369172,low_vol,covid
2021-07-22,1,1,5.0733193133930585e-05,0.000754429,low_vol,covid
2021-07-23,0,1,5.073342361554103e-05,0.000969192,low_vol,covid
2021-07-26,0,1,5.073344339808969e-05,-0.002802353,low_vol,covid
2021-07-27,0,1,5.073344509605262e-05,-0.002377365,low_vol,covid
2021-07-28,0,1,5.0733445241791085e-05,-0.001190805,low_vol,covid
2021-07-29,1,1,5.0733445254300014e-05,-0.004995114,low_vol,covid
2021-07-30,0,1,5.073344525537367e-05,0.003368993,low_vol,covid
2021-08-02,1,1,5.073344525546582e-05,-0.001302737,low_vol,covid
2021-08-03,1,1,5.073344525547373e-05,0.000325843,low_vol,covid
2021-08-04,0,1,5.0733445255474415e-05,0.002061241,low_vol,covid
2021-08-05,1,1,5.073344525547447e-05,-0.000325172,low_vol,covid
2021-08-06,1,1,5.0733445255474476e-05,0.00605282,low_vol,covid
2021-08-09,1,1,5.0733445255474476e-05,0.001615009,low_vol,covid
2021-08-10,0,1,5.0733445255474476e-05,0.001182739,low_vol,covid
2021-08-11,1,1,5.0733445255474476e-05,-0.001613098,low_vol,covid
2021-08-12,0,1,5.0733445255474476e-05,0.001398196,low_vol,covid
2021-08-13,1,1,7.241823353023802e-05,-0.005604717,low_vol,covid
2021-08-16,1,1,5.448070847830278e-05,0.001188233,low_vol,covid
2021-08-17,1,1,5.2869327127011736e-05,0.005383303,low_vol,covid
2021-08-18,1,1,5.272457193632793e-05,0.000107394,low_vol,covid
2021-08-19,0,1,5.2711568146000383e-05,0.004606085,low_vol,covid
2021-08-20,0,1,5.271039997674798e-05,-0.00074838,low_vol,covid
2021-08-23,0,1,5.271029503662145e-05,-0.005792153,low_vol,covid
2021-08-24,0,1,5.271028560953703e-05,-0.000753292,low_vol,covid
2021-08-25,1,1,5.271028476267394e-05,-0.000646108,low_vol,covid
2021-08-26,0,1,5.27102846865977e-05,0.002474537,low_vol,covid
2021-08-27,0,1,5.271028467976355e-05,-0.003983802,low_vol,covid
2021-08-30,0,1,5.271028467914961e-05,-0.000431649,low_vol,covid
2021-08-31,0,1,5.271028467909446e-05,-0.000215936,low_vol,covid
2021-09-01,0,1,5.271028467908951e-05,-0.001945109,low_vol,covid
2021-09-02,0,1,5.271028467908906e-05,-0.002382431,low_vol,covid
2021-09-03,1,1,5.2710284679089027e-05,-0.002062219,low_vol,covid
2021-09-07,1,1,5.271028467908902e-05,0.005201526,low_vol,covid
2021-09-08,0,1,5.271028467908902e-05,0.001404168,low_vol,covid
2021-09-09,1,1,5.271028467908902e-05,-0.001836528,low_vol,covid
2021-09-10,1,1,5.271028467908902e-05,0.001080714,low_vol,covid
2021-09-13,1,1,5.271028467908902e-05,0.000431975,low_vol,covid
2021-09-14,0,1,5.7764864850363563e-05,0.000323838,low_vol,covid
2021-09-15,1,1,5.134812121983246e-05,-0.001728462,low_vol,covid
2021-09-16,1,1,5.082713290285644e-05,0.003992482,low_vol,covid
2021-09-17,1,1,5.078483281389323e-05,0.0036547,low_vol,covid
2021-09-20,0,1,5.078139838462104e-05,0.000429102,low_vol,covid
2021-09-21,1,1,5.078111953640311e-05,-0.000429102,low_vol,covid
2021-09-22,0,1,5.078109689615564e-05,0.002785839,low_vol,covid
2021-09-23,1,1,5.0781095057948425e-05,-0.00385936,low_vol,covid
2021-09-24,1,1,5.0781094908700684e-05,0.002467451,low_vol,covid
2021-09-27,1,1,5.078109489658296e-05,0.000535541,low_vol,covid
2021-09-28,1,1,5.07810948955991e-05,0.00416778,low_vol,covid
2021-09-29,0,1,5.078109489551922e-05,0.006060299,low_vol,covid
2021-09-30,0,1,5.078109489551273e-05,-0.000954413,low_vol,covid
2021-10-01,0,1,5.0781094895512205e-05,-0.002230593,low_vol,covid
2021-10-04,1,1,5.0781094895512164e-05,-0.002448799,low_vol,covid
2021-10-05,1,1,5.078109489551216e-05,0.001810595,low_vol,covid
2021-10-06,0,1,5.078109489551216e-05,0.00308094,low_vol,covid
2021-10-07,0,1,5.078109489551216e-05,-0.000530484,low_vol,covid
2021-10-08,1,1,5.078109489551216e-05,-0.001593303,low_vol,covid
2021-10-11,1,1,5.078109489551216e-05,0.00265407,low_vol,covid
2021-10-12,0,1,5.078109489551216e-05,0.002118164,low_vol,covid
2021-10-13,0,1,9.294418645441907e-05,-0.004665913,low_vol,covid
2021-10-14,0,1,6.004243602736598e-05,-0.001276354,low_vol,covid
2021-10-15,1,1,5.75325493443555e-05,-0.000212843,low_vol,covid
2021-10-18,0,1,5.734108441985185e-05,0.000106387,low_vol,covid
2021-10-19,0,1,5.732647865395679e-05,-0.001704443,low_vol,covid
2021-10-20,1,1,5.7325364463470286e-05,-0.002455335,low_vol,covid
2021-10-21,0,1,5.732527946823969e-05,0.002242024,low_vol,covid
2021-10-22,1,1,5.7325272984438844e-05,-0.001707718,low_vol,covid
2021-10-25,1,1,5.73252724898267e-05,0.002134212,low_vol,covid
2021-10-26,0,1,5.732527245209556e-05,0.001491259,low_vol,covid
2021-10-27,0,1,5.732527244921727e-05,-0.000958377,low_vol,covid
2021-10-28,1,1,5.73252724489977e-05,-0.005448463,low_vol,covid
2021-10-29,0,1,5.732527244898095e-05,0.008214739,low_vol,covid
2021-11-01,1,1,5.7325272448979675e-05,-0.002553251,low_vol,covid
2021-11-02,0,1,5.732527244897957e-05,0.00223439,low_vol,covid
2021-11-03,1,1,5.7325272448979566e-05,-0.002447415,low_vol,covid
2021-11-04,0,1,5.7325272448979566e-05,0.005206939,low_vol,covid
2021-11-05,0,1,5.7325272448979566e-05,-0.000318003,low_vol,covid
2021-11-08,0,1,5.7325272448979566e-05,-0.002866665,low_vol,covid
2021-11-09,1,1,5.7325272448979566e-05,-0.000957438,low_vol,covid
2021-11-10,1,1,5.7325272448979566e-05,0.00942753,low_vol,covid
2021-11-11,0,1,0.00019218942463378067,0.003473159,low_vol,covid
2021-11-12,1,1,5.814946687713215e-05,-0.000525491,low_vol,covid
2021-11-15,1,1,5.809578746322727e-05,0.002939085,low_vol,covid
2021-11-16,0,1,5.809576596605936e-05,0.005331058,low_vol,covid
2021-11-17,0,1,5.8095765957450324e-05,-0.000938684,low_vol,covid
2021-11-18,1,1,5.8095765957446875e-05,-0.00303079,low_vol,covid
2021-11-19,1,1,5.8095765957446875e-05,0.005532072,low_vol,covid
2021-11-22,0,1,5.8095765957446875e-05,0.004465919,low_vol,covid
2021-11-23,1,1,5.8095765957446875e-05,-0.000103654,low_vol,covid
2021-11-24,0,1,5.8095765957446875e-05,0.00362074,low_vol,covid
2021-11-26,1,1,5.8095765957446875e-05,-0.00777488,low_vol,covid
2021-11-29,0,1,5.8095765957446875e-05,0.002598349,low_vol,covid
2021-11-30,1,1,5.8095765957446875e-05,-0.003639566,low_vol,covid
2021-12-01,1,1,5.8095765957446875e-05,0.000624924,low_vol,covid
2021-12-02,0,1,5.8095765957446875e-05,0.000832493,low_vol,covid
2021-12-03,1,1,5.8095765957446875e-05,-0.000103974,low_vol,covid
2021-12-06,1,1,5.8095765957446875e-05,0.001767041,low_vol,covid
2021-12-07,0,1,5.8095765957446875e-05,0.000830498,low_vol,covid
2021-12-08,1,1,5.8095765957446875e-05,-0.004993284,low_vol,covid
2021-12-09,0,1,5.8095765957446875e-05,0.003955014,low_vol,covid
2021-12-10,1,1,5.8095765957446875e-05,-0.002287788,low_vol,covid
2021-12-13,1,1,2.9056000791424978e-05,0.002807057,low_vol,covid
2021-12-14,0,1,6.221269663526264e-05,0.002592152,low_vol,covid
2021-12-15,0,1,6.189975812370051e-05,-0.000621479,low_vol,covid
2021-12-16,1,1,6.190271169037916e-05,-0.004881871,low_vol,covid
2021-12-17,0,1,6.190268381411657e-05,0.00550335,low_vol,covid
2021-12-20,0,1,6.190268407721746e-05,-0.00020709,low_vol,covid
2021-12-21,0,1,6.190268407473427e-05,-0.000621687,low_vol,covid
2021-12-22,0,1,6.19026840747577e-05,-0.004258157,low_vol,covid
2021-12-23,1,1,6.190268407475748e-05,-0.000624729,low_vol,covid
2021-12-27,1,1,6.190268407475748e-05,0.000728746,low_vol,covid
2021-12-28,0,1,6.190268407475748e-05,0.001144112,low_vol,covid
2021-12-29,1,1,6.190268407475748e-05,-0.002810564,low_vol,covid
2021-12-30,0,1,6.190268407475748e-05,0.000416893,low_vol,covid
2021-12-31,1,1,6.190268407475748e-05,-0.003130905,low_vol,covid
2022-01-03,1,1,6.190268407475748e-05,0.005940299,low_vol,post_covid
2022-01-04,0,1,6.190268407475748e-05,0.000519431,low_vol,post_covid
2022-01-05,1,1,6.190268407475748e-05,-0.001039053,low_vol,post_covid
2022-01-06,0,1,6.190268407475748e-05,0.000623546,low_vol,post_covid
2022-01-07,1,1,6.190268407475748e-05,-0.005312812,low_vol,post_covid
2022-01-10,0,1,6.190268407475748e-05,0.002607835,low_vol,post_covid
2022-01-11,0,1,6.190268407475748e-05,-0.003861965,low_vol,post_covid
2022-01-12,0,1,8.003448701692654e-06,-0.00650514,low_vol,post_covid
2022-01-13,1,1,6.47601618571191e-05,-0.002212963,low_vol,post_covid
2022-01-14,1,1,5.953520666548459e-05,0.004000819,low_vol,post_covid
2022-01-18,0,1,6.001620979686444e-05,0.005867017,low_vol,post_covid
2022-01-19,1,1,5.997192922336447e-05,-0.002300788,low_vol,post_covid
2022-01-20,0,1,5.997600564004779e-05,0.002405185,low_vol,post_covid
2022-01-21,1,1,5.997563036999904e-05,-0.001045025,low_vol,post_covid
2022-01-24,1,1,5.99756649169113e-05,0.002923355,low_vol,post_covid
2022-01-25,1,1,5.997566173656384e-05,0.000312699,low_vol,post_covid
2022-01-26,1,1,5.9975662029342826e-05,0.005612163,low_vol,post_covid
2022-01-27,1,1,5.997566200238994e-05,0.007948473,low_vol,post_covid
2022-01-28,0,1,5.997566200487119e-05,0.000102755,low_vol,post_covid
2022-01-31,0,1,5.997566200464277e-05,-0.007533143,low_vol,post_covid
2022-02-01,0,1,5.99756620046638e-05,-0.001554984,low_vol,post_covid
2022-02-02,0,1,5.9975662004661864e-05,-0.004679434,low_vol,post_covid
2022-02-03,1,1,5.997566200466204e-05,-0.005854137,low_vol,post_covid
2022-02-04,0,1,5.997566200466203e-05,0.001047953,low_vol,post_covid
2022-02-07,1,1,5.997566200466203e-05,-0.000838242,low_vol,post_covid
2022-02-08,0,1,5.997566200466203e-05,0.002512542,low_vol,post_covid
2022-02-09,1,1,5.997566200466203e-05,-0.001569629,low_vol,post_covid
2022-02-10,1,1,5.997566200466203e-05,0.000628195,low_vol,post_covid
2022-02-11,1,1,6.837437365367216e-05,0.005531494,low_vol,post_covid
2022-02-14,0,1,5.904632414362591e-05,0.003013782,low_vol,post_covid
2022-02-15,0,1,5.932508057754788e-05,-0.003950981,low_vol,post_covid
2022-02-16,1,1,5.9316750309856955e-05,-0.003025731,low_vol,post_covid
2022-02-17,1,1,5.931699924889964e-05,0.00104445,low_vol,post_covid
2022-02-18,0,1,5.931699180968528e-05,0.002502064,low_vol,post_covid
2022-02-22,1,1,5.931699203199638e-05,-0.000104151,low_vol,post_covid
2022-02-23,1,1,5.93169920253529e-05,0.001664798,low_vol,post_covid
2022-02-24,0,1,5.931699202555143e-05,0.009827803,low_vol,post_covid
2022-02-25,1,1,5.9316992025545504e-05,-0.005367443,low_vol,post_covid
2022-02-28,1,1,5.931699202554568e-05,0.000931013,low_vol,post_covid
2022-03-01,0,1,5.931699202554567e-05,0.007212112,low_vol,post_covid
2022-03-02,1,1,5.931699202554567e-05,-0.000205383,high_vol,post_covid
2022-03-03,1,1,5.931699202554567e-05,0.004098802,low_vol,post_covid
2022-03-04,1,1,5.931699202554567e-05,0.008755916,low_vol,post_covid
2022-03-07,0,1,5.931699202554567e-05,0.006466622,high_vol,post_covid
2022-03-08,0,1,5.931699202554567e-05,-0.002319168,high_vol,post_covid
2022-03-09,1,1,5.931699202554567e-05,-0.011064381,high_vol,post_covid
2022-03-10,1,1,5.931699202554567e-05,0.005496766,high_vol,post_covid
2022-03-11,0,1,5.931699202554567e-05,0.006173177,high_vol,post_covid
2022-03-14,1,1,5.931699202554567e-05,-0.000605563,high_vol,post_covid
2022-03-15,0,1,6.307928821270667e-05,0.000100965,high_vol,post_covid
2022-03-16,0,1,7.045116674165372e-05,-0.006989164,high_vol,post_covid
2022-03-17,1,1,7.074345991130816e-05,-0.003767967,high_vol,post_covid
2022-03-18,1,1,7.075504926355958e-05,0.002242166,high_vol,post_covid
2022-03-21,0,1,7.075550877852451e-05,0.002744846,high_vol,post_covid
2022-03-22,1,1,7.07555269981798e-05,-0.00010155,high_vol,post_covid
2022-03-23,1,1,7.075552772058465e-05,0.00131911,high_vol,post_covid
2022-03-24,1,1,7.075552774922783e-05,0.001722286,high_vol,post_covid
2022-03-25,1,1,7.075552775036352e-05,0.000202395,high_vol,post_covid
2022-03-28,0,1,7.075552775040856e-05,0.002829702,high_vol,post_covid
2022-03-29,0,1,7.075552775041034e-05,-0.006987672,high_vol,post_covid
2022-03-30,1,1,7.075552775041041e-05,-0.006218488,high_vol,post_covid
2022-03-31,1,1,7.075552775041041e-05,0.005303395,high_vol,post_covid
2022-04-01,1,1,7.075552775041041e-05,0.003249721,high_vol,post_covid
2022-04-04,1,1,7.075552775041041e-05,0.003643366,high_vol,post_covid
2022-04-05,1,1,7.075552775041041e-05,0.00483729,high_vol,post_covid
2022-04-06,1,1,7.075552775041041e-05,0.001306046,high_vol,post_covid
2022-04-07,1,1,7.075552775041041e-05,0.001504906,high_vol,post_covid
2022-04-08,1,1,7.075552775041041e-05,0.000501158,high_vol,post_covid
2022-04-11,1,1,7.075552775041041e-05,0.00130173,high_vol,post_covid
2022-04-12,0,1,7.075552775041041e-05,0.003596054,high_vol,post_covid
2022-04-13,1,1,0.00013118390961231542,-0.00409656,low_vol,post_covid
2022-04-14,1,1,7.709166154984916e-05,0.004395636,low_vol,post_covid
2022-04-18,1,1,7.44331937931511e-05,0.004574837,high_vol,post_covid
2022-04-19,0,1,7.430253827287691e-05,0.001784479,high_vol,post_covid
2022-04-20,1,1,7.429611695558422e-05,-0.005661795,low_vol,post_covid
2022-04-21,1,1,7.429580136757319e-05,0.001890854,high_vol,post_covid
2022-04-22,1,1,7.429578585739231e-05,0.006342929,low_vol,post_covid
2022-04-25,1,1,7.429578509511459e-05,0.005222446,high_vol,post_covid
2022-04-26,1,1,7.429578505765097e-05,0.005390878,high_vol,post_covid
2022-04-27,1,1,7.429578505580975e-05,0.006333701,high_vol,post_covid
2022-04-28,0,1,7.429578505571926e-05,0.006486984,high_vol,post_covid
2022-04-29,1,1,7.429578505571482e-05,-0.006389833,high_vol,post_covid
2022-05-02,0,1,7.42957850557146e-05,0.007547194,high_vol,post_covid
2022-05-03,0,1,7.429578505571459e-05,-0.002606021,high_vol,post_covid
2022-05-04,1,1,7.429578505571459e-05,-0.008541301,high_vol,post_covid
2022-05-05,0,1,7.429578505571459e-05,0.011243733,high_vol,post_covid
2022-05-06,0,1,7.429578505571459e-05,-0.000867811,high_vol,post_covid
2022-05-09,1,1,7.429578505571459e-05,-9.65e-05,high_vol,post_covid
2022-05-10,0,1,7.429578505571459e-05,0.002601501,high_vol,post_covid
2022-05-11,1,1,7.429578505571459e-05,-0.000673819,high_vol,post_covid
2022-05-12,0,1,7.429578505571459e-05,0.009583207,high_vol,post_covid
2022-05-13,0,1,0.0002237799470136117,-0.002769697,high_vol,post_covid
2022-05-16,0,1,0.00010556877304162068,-0.003544867,high_vol,post_covid
2022-05-17,1,1,9.042068634318817e-05,-0.007998133,high_vol,post_covid
2022-05-18,0,1,8.84795455617118e-05,0.004344236,high_vol,post_covid
2022-05-19,1,1,8.823079945875344e-05,-0.01055543,high_vol,post_covid
2022-05-20,0,1,8.819892406654725e-05,0.004177402,high_vol,post_covid
2022-05-23,0,1,8.81948394171147e-05,-0.010427417,high_vol,post_covid
2022-05-24,1,1,8.819431599262226e-05,-0.00215751,high_vol,post_covid
2022-05-25,0,1,8.819424891876347e-05,0.001961524,high_vol,post_covid
2022-05-26,0,1,8.81942403236316e-05,-0.002256078,high_vol,post_covid
2022-05-27,1,1,8.819423922221455e-05,-0.001572518,high_vol,post_covid
2022-05-31,1,1,8.819423908107424e-05,0.000786568,high_vol,post_covid
2022-06-01,0,1,8.819423906298791e-05,0.00783169,high_vol,post_covid
2022-06-02,1,1,8.819423906067026e-05,-0.007635182,high_vol,post_covid
2022-06-03,1,1,8.819423906037327e-05,0.003629083,high_vol,post_covid
2022-06-06,0,1,8.819423906033521e-05,0.00293287,high_vol,post_covid
2022-06-07,1,1,8.819423906033033e-05,-0.001172131,high_vol,post_covid
2022-06-08,1,1,8.819423906032971e-05,0.002147821,high_vol,post_covid
2022-06-09,1,1,8.819423906032963e-05,0.006609669,high_vol,post_covid
2022-06-10,1,1,8.819423906032961e-05,0.008969538,high_vol,post_covid
2022-06-13,1,1,8.819423906032961e-05,0.0088898,high_vol,post_covid
2022-06-14,0,1,0.00021516941042044952,0.004178494,high_vol,post_covid
2022-06-15,0,1,0.00010152074674837512,-0.003417442,high_vol,post_covid
2022-06-16,1,1,8.968040039917227e-05,-0.014656198,high_vol,post_covid
2022-06-17,0,1,8.844682846669798e-05,0.010272252,high_vol,post_covid
2022-06-21,0,1,8.831831029098678e-05,-0.002486322,high_vol,post_covid
2022-06-22,1,1,8.830492078280058e-05,-0.002300667,high_vol,post_covid
2022-06-23,0,1,8.830352581334605e-05,0.002204893,high_vol,post_covid
2022-06-24,0,1,8.830338048016786e-05,-0.002300815,high_vol,post_covid
2022-06-27,1,1,8.83033653388093e-05,-0.002402346,high_vol,post_covid
2022-06-28,1,1,8.830336376132548e-05,0.005468948,high_vol,post_covid
2022-06-29,0,1,8.830336359697727e-05,0.005724646,high_vol,post_covid
2022-06-30,1,1,8.830336357985485e-05,-0.004003801,high_vol,post_covid
2022-07-01,1,1,8.830336357807097e-05,0.004289164,high_vol,post_covid
2022-07-05,1,1,8.830336357788512e-05,0.012852196,high_vol,post_covid
2022-07-06,1,1,8.830336357786576e-05,0.005617978,high_vol,post_covid
2022-07-07,0,1,8.830336357786374e-05,0.000280061,high_vol,post_covid
2022-07-08,1,1,8.830336357786353e-05,-0.001120717,high_vol,post_covid
2022-07-11,1,1,8.83033635778635e-05,0.009394056,high_vol,post_covid
2022-07-12,0,1,8.83033635778635e-05,0.000462798,high_vol,post_covid
2022-07-13,1,1,8.83033635778635e-05,-0.001018383,high_vol,post_covid
2022-07-14,0,1,8.83033635778635e-05,0.005357997,high_vol,post_covid
2022-07-15,0,1,0.00016316272531740375,-0.004432171,high_vol,post_covid
2022-07-18,0,1,0.00011046061711163344,-0.006405767,high_vol,post_covid
2022-07-19,1,1,0.00010042495359077814,-0.006447137,high_vol,post_covid
2022-07-20,0,1,9.85139381545342e-05,0.003742534,high_vol,post_covid
2022-07-21,0,1,9.815003795102763e-05,-0.001588842,high_vol,post_covid
2022-07-22,0,1,9.808074318992807e-05,-0.001685081,high_vol,post_covid
2022-07-25,1,1,9.806754791311982e-05,-0.002345107,high_vol,post_covid
2022-07-26,0,1,9.806503523644292e-05,0.006645778,high_vol,post_covid
2022-07-27,0,1,9.806455676644381e-05,-0.006927621,high_vol,post_covid
2022-07-28,0,1,9.80644656550238e-05,-0.000939835,high_vol,post_covid
2022-07-29,0,1,9.806444830536579e-05,-0.00424026,high_vol,post_covid
2022-08-01,1,1,9.806444500160174e-05,-0.004258389,high_vol,post_covid
2022-08-02,1,1,9.806444437249097e-05,0.007463788,high_vol,post_covid
2022-08-03,0,1,9.806444425269416e-05,0.002538232,high_vol,post_covid
2022-08-04,1,1,9.806444422988217e-05,-0.007728593,high_vol,post_covid
2022-08-05,0,1,9.806444422553825e-05,0.008760833,high_vol,post_covid
2022-08-08,0,1,9.806444422471107e-05,-0.001689668,high_vol,post_covid
2022-08-09,0,1,9.806444422455356e-05,-0.000657861,high_vol,post_covid
2022-08-10,0,1,9.806444422452357e-05,-0.011060337,high_vol,post_covid
2022-08-11,1,1,9.806444422451785e-05,-0.00104618,high_vol,post_covid
2022-08-12,1,1,9.806444422451676e-05,0.005125305,high_vol,post_covid
2022-08-15,0,1,0.00014111742476413598,0.008671991,high_vol,post_covid
2022-08-16,1,1,9.460938126045596e-05,-0.000469402,high_vol,post_covid
2022-08-17,1,1,8.943185471538185e-05,0.000657058,high_vol,post_covid
2022-08-18,1,1,8.885546450187338e-05,0.008502772,high_vol,post_covid
2022-08-19,1,1,8.879129763081322e-05,0.006399232,high_vol,post_covid
2022-08-22,0,1,8.878415422822734e-05,0.008102474,high_vol,post_covid
2022-08-23,1,1,8.87833589860773e-05,-0.003950943,high_vol,post_covid
2022-08-24,0,1,8.878327045542686e-05,0.000552209,high_vol,post_covid
2022-08-25,1,1,8.87832605997168e-05,-0.001934139,high_vol,post_covid
2022-08-26,1,1,8.878325950252593e-05,0.003037714,high_vol,post_covid
2022-08-29,0,1,8.878325938038072e-05,0.000367518,high_vol,post_covid
2022-08-30,0,1,8.878325936678285e-05,-0.00064335,high_vol,post_covid
2022-08-31,1,1,8.878325936526907e-05,-0.000643764,high_vol,post_covid
2022-09-01,0,1,8.878325936510054e-05,0.009066462,high_vol,post_covid
2022-09-02,1,1,8.878325936508177e-05,-0.001459754,high_vol,post_covid
2022-09-06,0,1,8.878325936507969e-05,0.006189155,high_vol,post_covid
2022-09-07,0,1,8.878325936507946e-05,-0.0033629,high_vol,post_covid
2022-09-08,0,1,8.878325936507943e-05,-0.001184216,high_vol,post_covid
2022-09-09,0,1,8.878325936507943e-05,-0.00649263,high_vol,post_covid
2022-09-12,1,1,8.878325936507943e-05,-0.006165741,high_vol,post_covid
2022-09-13,0,1,8.878325936507943e-05,0.013660518,high_vol,post_covid
2022-09-14,1,1,0.00025156240532163237,-0.001457956,high_vol,post_covid
2022-09-15,1,1,0.00010385636685648995,0.000729209,high_vol,post_covid
2022-09-16,0,1,0.00010053901423509908,0.000182271,high_vol,post_covid
2022-09-19,1,1,0.00010046450930267381,-0.000182271,high_vol,post_covid
2022-09-20,1,1,0.00010046283598494452,0.004364467,high_vol,post_covid
2022-09-21,1,1,0.00010046279840364444,0.003803302,high_vol,post_covid
2022-09-22,1,1,0.00010046279755960025,0.006396698,high_vol,post_covid
2022-09-23,1,1,0.00010046279754064372,0.016389464,high_vol,post_covid
2022-09-26,1,1,0.00010046279754021798,0.008007399,high_vol,post_covid
2022-09-27,0,1,0.00010046279754020841,8.77e-05,high_vol,post_covid
2022-09-28,0,1,0.00010046279754020819,-0.013321199,high_vol,post_covid
2022-09-29,0,1,0.00010046279754020819,-0.003113176,high_vol,post_covid
2022-09-30,0,1,0.00010046279754020819,-0.001158776,high_vol,post_covid
2022-10-03,0,1,0.00010046279754020819,-0.003305517,high_vol,post_covid
2022-10-04,1,1,0.00010046279754020819,-0.015147709,high_vol,post_covid
2022-10-05,1,1,0.00010046279754020819,0.009044106,high_vol,post_covid
2022-10-06,1,1,0.00010046279754020819,0.010656998,high_vol,post_covid
2022-10-07,1,1,0.00010046279754020819,0.004798738,high_vol,post_covid
2022-10-10,1,1,0.00010046279754020819,0.003009618,high_vol,post_covid
2022-10-11,1,1,0.00010046279754020819,0.000706855,high_vol,post_covid
2022-10-12,0,1,0.00010046279754020819,0.000882833,high_vol,post_covid
2022-10-13,1,1,0.00012413357332040652,-0.008507665,high_vol,post_covid
2022-10-14,0,1,0.00011124219720883156,0.008419396,high_vol,post_covid
2022-10-17,1,1,0.00010980961182968755,-0.011271445,high_vol,post_covid
2022-10-18,1,1,0.0001096504123112828,0.000802929,high_vol,post_covid
2022-10-19,0,1,0.00010963272087939379,0.007551954,high_vol,post_covid
2022-10-20,0,1,0.00010963075487619591,-0.000885558,high_vol,post_covid
2022-10-21,0,1,0.00010963053639933106,-0.007737111,high_vol,post_covid
2022-10-24,0,1,0.00010963051212056054,-0.00017861,high_vol,post_covid
2022-10-25,0,1,0.00010963050942252339,-0.009329941,high_vol,post_covid
2022-10-26,1,1,0.00010963050912269748,-0.011330282,high_vol,post_covid
2022-10-27,1,1,0.0001096305090893786,0.008080297,high_vol,post_covid
2022-10-28,1,1,0.00010963050908567595,0.000723148,high_vol,post_covid
2022-10-31,0,1,0.0001096305090852645,0.007740818,high_vol,post_covid
2022-11-01,0,1,0.00010963050908521877,-0.000448369,high_vol,post_covid
2022-11-02,1,1,0.00010963050908521369,-0.001166853,high_vol,post_covid
2022-11-03,0,1,0.00010963050908521312,0.01408978,high_vol,post_covid
2022-11-04,0,1,0.00010963050908521306,-0.01831965,high_vol,post_covid
2022-11-07,0,1,0.00010963050908521305,-0.006877805,high_vol,post_covid
2022-11-08,1,1,0.00010963050908521305,-0.004550841,high_vol,post_covid
2022-11-09,0,1,0.00010963050908521305,0.00844807,high_vol,post_covid
2022-11-10,0,1,0.00010963050908521305,-0.02139416,high_vol,post_covid
2022-11-11,1,0,-0.00010992492484628097,-0.017902559,high_vol,post_covid
2022-11-14,0,1,0.00011431734200844127,0.003475023,high_vol,post_covid
2022-11-15,0,1,9.264258823770972e-05,-0.002440648,high_vol,post_covid
2022-11-16,1,1,9.473762124647878e-05,-0.001128482,high_vol,post_covid
2022-11-17,1,1,9.45351200621858e-05,0.003850347,high_vol,post_covid
2022-11-18,1,1,9.455469337175582e-05,0.002246962,high_vol,post_covid
2022-11-21,0,1,9.455280145962275e-05,0.008474196,high_vol,post_covid
2022-11-22,0,1,9.455298432759949e-05,-0.005765803,high_vol,post_covid
2022-11-23,0,1,9.455296665199166e-05,-0.010689266,high_vol,post_covid
2022-11-25,1,1,9.455296836047621e-05,-0.001131888,high_vol,post_covid
2022-11-28,1,1,9.455296819533793e-05,0.006772046,high_vol,post_covid
2022-11-29,0,1,9.455296821129983e-05,0.00131147,high_vol,post_covid
2022-11-30,0,1,9.455296820975698e-05,-0.008177916,high_vol,post_covid
2022-12-01,0,1,9.455296820990611e-05,-0.011581614,high_vol,post_covid
2022-12-02,1,1,9.45529682098917e-05,-0.001720187,high_vol,post_covid
2022-12-05,1,1,9.455296820989309e-05,0.007053001,high_vol,post_covid
2022-12-06,0,1,9.455296820989296e-05,0.00275052,high_vol,post_covid
2022-12-07,0,1,9.455296820989297e-05,-0.004556713,high_vol,post_covid
2022-12-08,1,1,9.455296820989297e-05,-0.003144824,high_vol,post_covid
2022-12-09,1,1,9.455296820989297e-05,0.000381725,high_vol,post_covid
2022-12-12,0,1,9.455296820989297e-05,0.00304849,high_vol,post_covid
2022-12-13,0,1,0.00013318783354926994,-0.010999048,high_vol,post_covid
2022-12-14,1,1,8.595620355813678e-05,-0.002021726,high_vol,post_covid
2022-12-15,1,1,8.502865071183882e-05,0.007584167,high_vol,post_covid
2022-12-16,1,1,8.501043507365659e-05,0.001338043,high_vol,post_covid
2022-12-19,0,1,8.501007734797475e-05,0.000191045,high_vol,post_covid
2022-12-20,1,1,8.501007032282074e-05,-0.007187726,high_vol,post_covid
2022-12-21,1,1,8.501007018485808e-05,0.001825806,high_vol,post_covid
2022-12-22,0,1,8.501007018214872e-05,0.00258878,high_vol,post_covid
2022-12-23,0,1,8.501007018209551e-05,-0.001149782,high_vol,post_covid
2022-12-27,1,1,8.501007018209447e-05,-0.001247036,high_vol,post_covid
2022-12-28,0,1,8.501007018209444e-05,0.002684039,high_vol,post_covid
2022-12-29,0,1,8.501007018209444e-05,-0.005952997,high_vol,post_covid
2022-12-30,1,1,8.501007018209444e-05,-0.003086419,high_vol,post_covid
2023-01-03,0,1,8.501007018209444e-05,0.00961361,high_vol,post_covid
2023-01-04,1,1,8.501007018209444e-05,-0.002586548,high_vol,post_covid
2023-01-05,0,1,8.501007018209444e-05,0.007549378,high_vol,post_covid
2023-01-06,0,1,8.501007018209444e-05,-0.011104878,high_vol,post_covid
2023-01-09,1,1,8.501007018209444e-05,-0.008507372,high_vol,post_covid
2023-01-10,0,1,8.501007018209444e-05,0.002327366,high_vol,post_covid
2023-01-11,0,1,8.501007018209444e-05,-0.000484381,high_vol,post_covid
2023-01-12,0,1,8.501007018209444e-05,-0.009151178,high_vol,post_covid
2023-01-13,1,0,-5.773395085163468e-05,-0.000489147,high_vol,post_covid
2023-01-17,0,1,7.929317482973408e-05,0.001857398,high_vol,post_covid
2023-01-18,0,1,7.584329840353411e-05,-0.000293028,high_vol,post_covid
2023-01-19,0,1,7.593015454458553e-05,-0.002935166,high_vol,post_covid
2023-01-20,1,1,7.592796780271238e-05,-0.000489983,high_vol,post_covid
2023-01-23,0,1,7.592802285742656e-05,0.001273547,high_vol,post_covid
2023-01-24,0,1,7.592802147133633e-05,-0.002156241,high_vol,post_covid
2023-01-25,1,1,7.592802150623335e-05,-0.002751021,high_vol,post_covid
2023-01-26,1,1,7.592802150535477e-05,0.001965766,high_vol,post_covid
2023-01-27,1,1,7.592802150537689e-05,0.000883388,high_vol,post_covid
2023-01-30,0,1,7.592802150537633e-05,0.003427832,high_vol,post_covid
2023-01-31,0,1,7.592802150537635e-05,-0.001761428,high_vol,post_covid
2023-02-01,1,1,7.592802150537635e-05,-0.008656332,high_vol,post_covid
2023-02-02,1,1,7.592802150537635e-05,0.005222446,high_vol,post_covid
2023-02-03,1,1,7.592802150537635e-05,0.011433145,high_vol,post_covid
2023-02-06,0,1,7.592802150537635e-05,0.006778418,high_vol,post_covid
2023-02-07,0,1,7.592802150537635e-05,-0.00183533,high_vol,post_covid
2023-02-08,0,1,7.592802150537635e-05,-0.000193354,high_vol,post_covid
2023-02-09,1,1,7.592802150537635e-05,-0.00183906,high_vol,post_covid
2023-02-10,0,1,7.592802150537635e-05,0.003964192,high_vol,post_covid
2023-02-13,0,1,7.592802150537635e-05,-0.002705565,high_vol,post_covid
2023-02-14,1,1,3.178100171402653e-05,-0.00116173,high_vol,post_covid
2023-02-15,0,1,8.061342413481465e-05,0.006661814,high_vol,post_covid
2023-02-16,0,1,7.863022855099486e-05,-0.00057751,high_vol,post_covid
2023-02-17,1,1,7.871077062793283e-05,0.0,high_vol,post_covid
2023-02-21,1,1,7.870749963125937e-05,0.003076331,high_vol,post_covid
2023-02-22,1,1,7.870763247386345e-05,0.003927735,high_vol,post_covid
2023-02-23,1,1,7.870762707882358e-05,9.56e-05,high_vol,post_covid
2023-02-24,0,1,7.87076272979284e-05,0.005814807,high_vol,post_covid
2023-02-27,1,1,7.870762728903005e-05,-0.005145818,high_vol,post_covid
2023-02-28,0,1,7.870762728939144e-05,0.001908988,high_vol,post_covid
2023-03-01,1,1,7.870762728937676e-05,-0.003725816,high_vol,post_covid
2023-03-02,0,1,7.870762728937736e-05,0.005250314,high_vol,post_covid
2023-03-03,0,1,7.870762728937733e-05,-0.004867603,high_vol,post_covid
2023-03-06,1,1,7.870762728937733e-05,-0.00162779,high_vol,post_covid
2023-03-07,1,1,7.870762728937733e-05,0.012097154,high_vol,post_covid
2023-03-08,0,1,7.870762728937733e-05,0.000378653,high_vol,post_covid
2023-03-09,0,1,7.870762728937733e-05,-0.003318068,high_vol,post_covid
2023-03-10,0,1,7.870762728937733e-05,-0.006956012,high_vol,post_covid
2023-03-13,0,1,7.870762728937733e-05,-0.009415031,high_vol,post_covid
2023-03-14,1,1,7.870762728937733e-05,0.0,high_vol,post_covid
2023-03-15,0,1,7.870762728937733e-05,0.010084148,high_vol,post_covid
2023-03-16,0,1,0.00023543361814404746,-0.002200253,high_vol,post_covid
2023-03-17,0,1,7.843238020973086e-05,-0.006822677,high_vol,post_covid
2023-03-20,0,1,8.20805253500702e-05,-0.004154799,high_vol,post_covid
2023-03-21,0,1,8.199575555372916e-05,-0.000193635,high_vol,post_covid
2023-03-22,1,1,8.199772529947537e-05,-0.008851803,high_vol,post_covid
2023-03-23,1,1,8.199767952965555e-05,0.00175713,high_vol,post_covid
2023-03-24,0,1,8.199768059318185e-05,0.005737958,high_vol,post_covid
2023-03-27,0,1,8.19976805684693e-05,-0.002524539,high_vol,post_covid
2023-03-28,1,1,8.199768056904354e-05,-0.004189205,high_vol,post_covid
2023-03-29,0,1,8.19976805690302e-05,0.002048073,high_vol,post_covid
2023-03-30,1,1,8.199768056903051e-05,-0.004883299,high_vol,post_covid
2023-03-31,0,1,8.19976805690305e-05,0.00361596,high_vol,post_covid
2023-04-03,0,1,8.19976805690305e-05,-0.004105634,high_vol,post_covid
2023-04-04,1,1,8.19976805690305e-05,-0.004909672,high_vol,post_covid
2023-04-05,0,1,8.19976805690305e-05,0.002556059,high_vol,post_covid
2023-04-06,1,1,8.19976805690305e-05,-0.000294582,high_vol,post_covid
2023-04-10,0,1,8.19976805690305e-05,0.007436454,high_vol,post_covid
2023-04-11,0,1,8.19976805690305e-05,-0.003711352,high_vol,post_covid
2023-04-12,0,1,8.19976805690305e-05,-0.006872849,high_vol,post_covid
2023-04-13,1,1,8.19976805690305e-05,-0.004839255,high_vol,post_covid
2023-04-14,1,1,8.19976805690305e-05,0.005331775,high_vol,post_covid
2023-04-17,0,1,0.00015309249330372715,0.005401392,high_vol,post_covid
2023-04-18,1,1,7.097569562887841e-05,-0.003433886,high_vol,post_covid
2023-04-19,0,1,7.244168854122744e-05,0.00215984,high_vol,post_covid
2023-04-20,0,1,7.24155168530965e-05,-0.001275746,high_vol,post_covid
2023-04-21,0,1,7.241598408404547e-05,-0.000196373,high_vol,post_covid
2023-04-24,1,1,7.241597574278913e-05,-0.004626688,high_vol,post_covid
2023-04-25,0,1,7.24159758917017e-05,0.00501947,high_vol,post_covid
2023-04-26,1,1,7.241597588904322e-05,-0.003836127,high_vol,post_covid
2023-04-27,1,1,7.241597588909068e-05,0.000295598,high_vol,post_covid
2023-04-28,1,1,7.241597588908984e-05,0.001673458,high_vol,post_covid
2023-05-01,0,1,7.241597588908985e-05,0.00471008,high_vol,post_covid
2023-05-02,0,1,7.241597588908985e-05,-0.001861766,high_vol,post_covid
2023-05-03,1,1,7.241597588908985e-05,-0.006099407,high_vol,post_covid
2023-05-04,0,1,7.241597588908985e-05,0.000591942,high_vol,post_covid
2023-05-05,1,1,7.241597588908985e-05,-0.001875549,high_vol,post_covid
2023-05-08,1,1,7.241597588908985e-05,0.001579659,high_vol,post_covid
2023-05-09,0,1,7.241597588908985e-05,0.002659936,high_vol,post_covid
2023-05-10,1,1,7.241597588908985e-05,-0.001575385,high_vol,post_covid
2023-05-11,1,1,7.241597588908985e-05,0.005699084,high_vol,post_covid
2023-05-12,0,1,7.241597588908985e-05,0.006056507,high_vol,post_covid
2023-05-15,1,1,7.241597588908985e-05,-0.002437718,high_vol,post_covid
2023-05-16,1,1,3.733749848823787e-05,0.001268328,high_vol,post_covid
2023-05-17,1,1,7.446126783323857e-05,0.003115264,high_vol,post_covid
2023-05-18,0,1,7.454444603954476e-05,0.006781045,high_vol,post_covid
2023-05-19,0,1,7.454463240569579e-05,-0.003675455,high_vol,post_covid
2023-05-22,1,1,7.45446328232612e-05,0.0,high_vol,post_covid
2023-05-23,1,1,7.454463282419678e-05,0.002806146,high_vol,post_covid
2023-05-24,1,1,7.454463282419888e-05,0.003857672,high_vol,post_covid
2023-05-25,0,1,7.454463282419888e-05,0.003075444,low_vol,post_covid
2023-05-26,0,1,7.454463282419888e-05,0.0,low_vol,post_covid
2023-05-30,1,1,7.454463282419888e-05,-0.000383923,low_vol,post_covid
2023-05-31,0,1,7.454463282419888e-05,0.001438933,low_vol,post_covid
2023-06-01,1,1,7.454463282419888e-05,-0.007311964,low_vol,post_covid
2023-06-02,0,1,7.454463282419888e-05,0.004432025,low_vol,post_covid
2023-06-05,1,1,7.454463282419888e-05,-0.000192257,low_vol,post_covid
2023-06-06,0,1,7.454463282419888e-05,0.001249193,low_vol,post_covid
2023-06-07,0,1,7.454463282419888e-05,-0.000288131,low_vol,post_covid
2023-06-08,1,1,7.454463282419888e-05,-0.007327474,low_vol,post_covid
2023-06-09,1,1,7.454463282419888e-05,0.002126644,low_vol,post_covid
2023-06-12,0,1,7.454463282419888e-05,0.000675705,low_vol,post_covid
2023-06-13,0,1,7.454463282419888e-05,-0.002802349,low_vol,post_covid
2023-06-14,0,1,7.454463282419888e-05,-0.003198396,low_vol,post_covid
2023-06-15,1,1,3.0494139748776316e-05,-0.008677472,low_vol,post_covid
2023-06-16,1,1,7.538473044217077e-05,0.001761084,high_vol,post_covid
2023-06-20,0,1,7.575612169379802e-05,0.002343272,low_vol,post_covid
2023-06-21,1,1,7.575919430789499e-05,-0.004594126,low_vol,post_covid
2023-06-22,1,1,7.575921972841135e-05,0.003130196,low_vol,post_covid
2023-06-23,0,1,7.575921993872173e-05,0.004968612,low_vol,post_covid
2023-06-26,0,1,7.575921994046168e-05,-0.002042893,low_vol,post_covid
2023-06-27,1,1,7.575921994047607e-05,-0.001949553,low_vol,post_covid
2023-06-28,1,1,7.57592199404762e-05,0.004089643,low_vol,post_covid
2023-06-29,0,1,7.57592199404762e-05,0.004169632,low_vol,post_covid
2023-06-30,1,1,7.57592199404762e-05,-0.004169632,low_vol,post_covid
2023-07-03,1,1,7.57592199404762e-05,0.00077702,low_vol,post_covid
2023-07-05,0,1,7.57592199404762e-05,0.003682936,low_vol,post_covid
2023-07-06,0,1,7.57592199404762e-05,-0.001936716,low_vol,post_covid
2023-07-07,0,1,7.57592199404762e-05,-0.008761753,low_vol,post_covid
2023-07-10,0,1,7.57592199404762e-05,-0.002937678,high_vol,post_covid
2023-07-11,0,1,7.57592199404762e-05,-0.002356387,high_vol,post_covid
2023-07-12,0,1,7.57592199404762e-05,-0.011965599,low_vol,post_covid
2023-07-13,1,1,7.57592199404762e-05,-0.007489176,high_vol,post_covid
2023-07-14,0,1,7.57592199404762e-05,0.001402314,high_vol,post_covid
2023-07-17,1,1,7.57592199404762e-05,-0.000700949,high_vol,post_covid
2023-07-18,1,1,4.859942060976593e-05,0.001001162,high_vol,post_covid
2023-07-19,1,1,6.835719924050099e-05,0.003396231,high_vol,post_covid
2023-07-20,1,1,6.573414201558487e-05,0.005965403,high_vol,post_covid
2023-07-21,1,1,6.608238102229596e-05,0.001881679,high_vol,post_covid
2023-07-24,0,1,6.6036148555599e-05,0.002766515,high_vol,post_covid
2023-07-25,0,1,6.604228641188648e-05,0.0,high_vol,post_covid
2023-07-26,1,1,6.604147154557072e-05,-0.004549049,high_vol,post_covid
2023-07-27,0,1,6.604157972782223e-05,0.008684524,high_vol,post_covid
2023-07-28,1,1,6.604156536546694e-05,-0.001474939,high_vol,post_covid
2023-07-31,1,1,6.604156727222378e-05,0.002358934,high_vol,post_covid
2023-08-01,1,1,6.604156701908135e-05,0.004310375,high_vol,post_covid
2023-08-02,0,1,6.604156705268873e-05,0.002830724,high_vol,post_covid
2023-08-03,0,1,6.604156704822698e-05,-0.000487451,high_vol,post_covid
2023-08-04,1,1,6.604156704881933e-05,-0.005084136,high_vol,post_covid
2023-08-07,1,1,6.604156704874069e-05,0.00029408,high_vol,post_covid
2023-08-08,0,1,6.604156704875112e-05,0.004692508,high_vol,post_covid
2023-08-09,1,1,6.604156704874974e-05,-0.000390215,high_vol,post_covid
2023-08-10,1,1,6.604156704874993e-05,0.000292657,high_vol,post_covid
2023-08-11,1,1,6.60415670487499e-05,0.003116478,low_vol,post_covid
2023-08-14,1,1,6.60415670487499e-05,0.003397626,low_vol,post_covid
2023-08-15,1,1,6.60415670487499e-05,0.000193766,low_vol,post_covid
2023-08-16,1,1,6.987408036891797e-05,0.002032611,low_vol,post_covid
2023-08-17,0,1,7.62036824937174e-05,0.000193409,low_vol,post_covid
2023-08-18,0,1,7.527532312569948e-05,-0.000580265,low_vol,post_covid
2023-08-21,1,1,7.541148509910535e-05,-0.000483725,low_vol,post_covid
2023-08-22,0,1,7.539151429508216e-05,0.002223363,low_vol,post_covid
2023-08-23,1,1,7.539444340225765e-05,-0.001933085,low_vol,post_covid
2023-08-24,1,1,7.539401379167034e-05,0.005980559,low_vol,post_covid
2023-08-25,0,1,7.539407680242606e-05,0.000961247,low_vol,post_covid
2023-08-28,0,1,7.539406756067212e-05,-0.000192219,low_vol,post_covid
2023-08-29,0,1,7.539406891615524e-05,-0.004913015,low_vol,post_covid
2023-08-30,1,1,7.539406871734726e-05,-0.003773401,low_vol,post_covid
2023-08-31,1,1,7.539406874650632e-05,0.004449171,low_vol,post_covid
2023-09-01,1,1,7.539406874222958e-05,0.005965524,low_vol,post_covid
2023-09-05,1,1,7.539406874285684e-05,0.005453252,low_vol,post_covid
2023-09-06,1,1,7.539406874276485e-05,0.000476969,low_vol,post_covid
2023-09-07,1,1,7.539406874277833e-05,0.001905459,low_vol,post_covid
2023-09-08,0,1,7.539406874277635e-05,0.000285499,low_vol,post_covid
2023-09-11,1,1,7.539406874277665e-05,-0.00496039,low_vol,post_covid
2023-09-12,1,1,7.539406874277661e-05,0.001337915,low_vol,post_covid
2023-09-13,1,1,7.539406874277661e-05,0.000572824,low_vol,post_covid
2023-09-14,0,1,7.539406874277661e-05,0.006090104,low_vol,post_covid
2023-09-15,0,1,0.000181041597836094,-0.000854211,low_vol,post_covid
2023-09-18,0,1,6.909630949165166e-05,-0.00114006,low_vol,post_covid
2023-09-19,0,1,8.253334654743458e-05,0.0,low_vol,post_covid
2023-09-20,1,1,8.09204696902779e-05,-0.000380237,low_vol,post_covid
2023-09-21,1,1,8.11140668163074e-05,0.001900029,low_vol,post_covid
2023-09-22,1,1,8.109082893113311e-05,0.002085914,low_vol,post_covid
2023-09-25,1,1,8.10936182251606e-05,0.003970117,low_vol,post_covid
2023-09-26,1,1,8.109328342011645e-05,0.002167492,low_vol,post_covid
2023-09-27,0,1,8.109332360749593e-05,0.004133353,low_vol,post_covid
2023-09-28,0,1,8.109331878371715e-05,-0.004227513,low_vol,post_covid
2023-09-29,1,1,8.109331936272583e-05,-0.000470861,low_vol,post_covid
2023-10-02,1,1,8.109331929322617e-05,0.006852267,low_vol,post_covid
2023-10-03,0,1,8.109331930156836e-05,0.000935002,low_vol,post_covid
2023-10-04,0,1,8.109331930056703e-05,-0.001870879,low_vol,post_covid
2023-10-05,0,1,8.109331930068721e-05,-0.004410472,low_vol,post_covid
2023-10-06,1,1,8.10933193006728e-05,-0.002731093,low_vol,post_covid
2023-10-09,0,1,8.109331930067453e-05,0.000377154,low_vol,post_covid
2023-10-10,0,1,8.109331930067431e-05,-0.002359493,low_vol,post_covid
2023-10-11,1,1,8.109331930067434e-05,-9.45e-05,low_vol,post_covid
2023-10-12,1,1,8.109331930067434e-05,0.007062509,low_vol,post_covid
2023-10-13,0,1,8.109331930067434e-05,0.000750416,low_vol,post_covid
2023-10-16,1,1,7.817498971469243e-05,-0.003851794,low_vol,post_covid
2023-10-17,1,1,8.47373674412741e-05,9.41e-05,low_vol,post_covid
2023-10-18,0,1,8.389978580184608e-05,0.003007236,low_vol,post_covid
2023-10-19,0,1,8.4006689584581e-05,-0.003007236,low_vol,post_covid
2023-10-20,0,1,8.39930450415e-05,-0.000847383,low_vol,post_covid
2023-10-23,1,1,8.399478654728329e-05,-0.005857388,low_vol,post_covid
2023-10-24,1,1,8.39945642721675e-05,0.006892957,low_vol,post_covid
2023-10-25,1,1,8.399459264199984e-05,0.00244363,low_vol,post_covid
2023-10-26,0,1,8.399458902104846e-05,0.000656873,low_vol,post_covid
2023-10-27,0,1,8.399458948320449e-05,-0.000375314,low_vol,post_covid
2023-10-30,1,1,8.399458942421772e-05,-0.004137629,low_vol,post_covid
2023-10-31,1,1,8.399458943174644e-05,0.005075684,low_vol,post_covid
2023-11-01,0,1,8.399458943078552e-05,0.002060445,low_vol,post_covid
2023-11-02,0,1,8.399458943090816e-05,-0.007136129,low_vol,post_covid
2023-11-03,1,1,8.39945894308925e-05,-0.010419779,low_vol,post_covid
2023-11-06,1,1,8.399458943089451e-05,0.001902632,high_vol,post_covid
2023-11-07,1,1,8.399458943089425e-05,0.003036629,high_vol,post_covid
2023-11-08,1,1,8.399458943089428e-05,0.000473598,high_vol,post_covid
2023-11-09,0,1,8.399458943089428e-05,0.003026076,low_vol,post_covid
2023-11-10,0,1,8.399458943089428e-05,-0.000472239,low_vol,post_covid
2023-11-13,0,1,8.399458943089428e-05,-0.001891046,low_vol,post_covid
2023-11-14,1,1,4.8900179437979174e-05,-0.014778388,low_vol,post_covid
2023-11-15,0,1,8.438454031664024e-05,0.002685841,high_vol,post_covid
2023-11-16,0,1,8.038980839352183e-05,-0.000191575,high_vol,post_covid
2023-11-17,0,1,8.083952434563237e-05,-0.005283677,high_vol,post_covid
2023-11-20,1,1,8.078889655846791e-05,-0.0033769,high_vol,post_covid
2023-11-21,1,1,8.079459609574504e-05,0.001159037,high_vol,post_covid
2023-11-22,0,1,8.079395445748682e-05,0.00318059,high_vol,post_covid
2023-11-24,0,1,8.079402669136028e-05,-0.005016378,high_vol,post_covid
2023-11-27,0,1,8.079401855946913e-05,-0.001936153,high_vol,post_covid
2023-11-28,1,1,8.07940194749351e-05,-0.00436997,high_vol,post_covid
2023-11-29,1,1,8.079401937187447e-05,0.000194596,high_vol,post_covid
2023-11-30,0,1,8.079401938347674e-05,0.007078164,high_vol,post_covid
2023-12-01,1,1,8.079401938217059e-05,-0.002224728,high_vol,post_covid
2023-12-04,1,1,8.079401938231764e-05,0.003576465,high_vol,post_covid
2023-12-05,1,1,8.079401938230107e-05,0.003948232,high_vol,post_covid
2023-12-06,0,1,8.079401938230295e-05,0.0009606,high_vol,post_covid
2023-12-07,1,1,8.079401938230273e-05,-0.005874162,high_vol,post_covid
2023-12-08,1,1,8.079401938230276e-05,0.004529049,high_vol,post_covid
2023-12-11,0,1,8.079401938230276e-05,0.000864892,high_vol,post_covid
2023-12-12,0,1,8.079401938230276e-05,-0.002211817,high_vol,post_covid
2023-12-13,0,1,8.079401938230276e-05,-0.009674062,high_vol,post_covid
2023-12-14,1,0,-8.880717204496603e-05,-0.008885511,high_vol,post_covid
2023-12-15,0,1,9.120703037070917e-05,0.005769944,high_vol,post_covid
2023-12-18,0,1,7.047583615724965e-05,-0.000390139,high_vol,post_covid
2023-12-19,1,1,7.286332785373122e-05,-0.003322301,high_vol,post_covid
2023-12-20,0,1,7.258837424796799e-05,0.002346325,high_vol,post_covid
2023-12-21,0,1,7.26200390639896e-05,-0.005581482,high_vol,post_covid
2023-12-22,0,1,7.261639241032634e-05,-0.001375645,high_vol,post_covid
2023-12-26,0,1,7.261681237433089e-05,-0.002264073,high_vol,post_covid
2023-12-27,1,1,7.26167640095062e-05,-0.004741719,high_vol,post_covid
2023-12-28,1,1,7.261676957940324e-05,0.002373708,high_vol,post_covid
2023-12-29,1,1,7.261676893795043e-05,0.000987347,high_vol,post_covid
2024-01-02,1,1,7.261676901182283e-05,0.008549112,high_vol,post_covid
2024-01-03,0,1,7.261676900331538e-05,0.002540822,high_vol,post_covid
2024-01-04,0,1,7.261676900429514e-05,-0.000390481,high_vol,post_covid
2024-01-05,0,1,7.26167690041823e-05,-9.76e-05,high_vol,post_covid
2024-01-08,1,1,7.26167690041953e-05,-0.001954888,high_vol,post_covid
2024-01-09,0,1,7.26167690041938e-05,0.003515978,high_vol,post_covid
2024-01-10,0,1,7.261676900419397e-05,-0.002049472,high_vol,post_covid
2024-01-11,1,1,7.261676900419395e-05,-0.000684092,high_vol,post_covid
2024-01-12,1,1,7.261676900419395e-05,0.001074802,high_vol,post_covid
2024-01-16,1,1,7.261676900419395e-05,0.009331318,low_vol,post_covid
2024-01-17,1,1,0.00023512270047212167,0.000870329,high_vol,post_covid
2024-01-18,0,1,5.310417216848354e-05,0.000869646,high_vol,post_covid
2024-01-19,1,1,7.613258351574769e-05,-0.002417445,high_vol,post_covid
2024-01-22,1,1,7.321910138774059e-05,0.000387193,high_vol,post_covid
2024-01-23,0,1,7.358770597718506e-05,0.00280262,low_vol,post_covid
2024-01-24,1,1,7.354107128461105e-05,-0.003674034,low_vol,post_covid
2024-01-25,0,1,7.354697135914552e-05,0.003191355,low_vol,post_covid
2024-01-26,1,1,7.35462249002843e-05,-0.000965982,low_vol,post_covid
2024-01-29,0,1,7.354631933991014e-05,0.001352129,low_vol,post_covid
2024-01-30,0,1,7.35463073917059e-05,-0.002028879,low_vol,post_covid
2024-01-31,0,1,7.35463089033551e-05,-0.001258092,low_vol,post_covid
2024-02-01,1,1,7.3546308712106e-05,-0.002132548,low_vol,post_covid
2024-02-02,1,1,7.354630873630223e-05,0.008407018,low_vol,post_covid
2024-02-05,0,1,7.3546308733241e-05,0.005087104,low_vol,post_covid
2024-02-06,0,1,7.354630873362829e-05,-0.002588284,low_vol,post_covid
2024-02-07,1,1,7.35463087335793e-05,-0.001344726,low_vol,post_covid
2024-02-08,0,1,7.35463087335855e-05,0.001056733,low_vol,post_covid
2024-02-09,1,1,7.354630873358472e-05,-0.000672331,low_vol,post_covid
2024-02-12,1,1,7.354630873358482e-05,0.000864311,low_vol,post_covid
2024-02-13,0,1,7.35463087335848e-05,0.007555154,low_vol,post_covid
2024-02-14,0,1,7.35463087335848e-05,-0.002289183,low_vol,post_covid
2024-02-15,0,1,1.9532416215921648e-05,-0.004018742,low_vol,post_covid
2024-02-16,0,1,8.299784504261302e-05,-0.000191814,low_vol,post_covid
2024-02-20,0,1,7.614287352213179e-05,-0.001919726,low_vol,post_covid
2024-02-21,0,1,7.688328661655725e-05,-0.000672783,low_vol,post_covid
2024-02-22,0,1,7.680331377512986e-05,-0.000480868,low_vol,post_covid
2024-02-23,0,1,7.681195173063622e-05,-0.000192368,low_vol,post_covid
2024-02-26,0,1,7.681101873545937e-05,-0.001058869,low_vol,post_covid
2024-02-27,1,1,7.681111950930562e-05,0.0,low_vol,post_covid
2024-02-28,1,1,7.681110862461045e-05,0.001443641,low_vol,post_covid
2024-02-29,0,1,7.681110980027848e-05,0.001729608,low_vol,post_covid
2024-03-01,0,1,7.681110967329327e-05,-0.002884369,low_vol,post_covid
2024-03-04,0,1,7.681110968700908e-05,-0.00028888,low_vol,post_covid
2024-03-05,0,1,7.681110968552762e-05,-0.000288964,low_vol,post_covid
2024-03-06,0,1,7.681110968568764e-05,-0.004151189,low_vol,post_covid
2024-03-07,0,1,7.681110968567036e-05,-0.005334927,low_vol,post_covid
2024-03-08,1,1,7.681110968567221e-05,-0.000778379,low_vol,post_covid
2024-03-11,1,1,7.681110968567202e-05,0.001264578,low_vol,post_covid
2024-03-12,0,1,7.681110968567204e-05,0.000874473,low_vol,post_covid
2024-03-13,1,1,7.681110968567204e-05,-0.001652473,low_vol,post_covid
2024-03-14,1,1,7.681110968567204e-05,0.005529965,low_vol,post_covid
2024-03-15,1,1,7.681110968567204e-05,0.000677012,low_vol,post_covid
2024-03-18,1,1,6.924336662932696e-05,0.00144922,low_vol,post_covid
2024-03-19,0,1,7.331458791068403e-05,0.002218003,low_vol,post_covid
2024-03-20,1,1,7.281221745768559e-05,-0.003860577,low_vol,post_covid
2024-03-21,1,1,7.28742077192323e-05,0.005689195,low_vol,post_covid
2024-03-22,0,1,7.286655839888773e-05,0.004126094,low_vol,post_covid
2024-03-25,1,1,7.28675022907229e-05,-0.001916965,low_vol,post_covid
2024-03-26,1,1,7.286738581870234e-05,0.000575461,low_vol,post_covid
2024-03-27,1,1,7.286740019082748e-05,0.00057513,low_vol,post_covid
2024-03-28,1,1,7.286739841737168e-05,0.001914836,low_vol,post_covid
2024-04-01,0,1,7.286739863620817e-05,0.004485321,low_vol,post_covid
2024-04-02,0,1,7.286739860920472e-05,-0.001906186,low_vol,post_covid
2024-04-03,0,1,7.286739861253682e-05,-0.00545273,low_vol,post_covid
2024-04-04,1,1,7.286739861212567e-05,-0.001247754,low_vol,post_covid
2024-04-05,0,1,7.28673986121764e-05,0.001727285,low_vol,post_covid
2024-04-08,1,1,7.286739861217013e-05,-0.001535249,low_vol,post_covid
2024-04-09,1,1,7.28673986121709e-05,9.6e-05,low_vol,post_covid
2024-04-10,1,1,7.286739861217081e-05,0.01050629,low_vol,post_covid
2024-04-11,1,1,7.286739861217082e-05,0.000284983,low_vol,post_covid
2024-04-12,1,1,7.286739861217082e-05,0.007192934,low_vol,post_covid
2024-04-15,1,1,7.286739861217082e-05,0.001601868,low_vol,post_covid
2024-04-16,0,1,7.286739861217082e-05,0.000470683,low_vol,post_covid
2024-04-17,1,1,8.613773041013075e-05,-0.002921685,low_vol,post_covid
2024-04-18,0,1,7.909758911044346e-05,0.001885947,low_vol,post_covid
2024-04-19,0,1,8.013541045303876e-05,0.0,low_vol,post_covid
2024-04-22,0,1,7.998242018007447e-05,-0.000659659,low_vol,post_covid
2024-04-23,1,1,8.000497321753963e-05,-0.00368324,low_vol,post_covid
2024-04-24,0,1,8.000164856500421e-05,0.001607168,low_vol,post_covid
2024-04-25,1,1,8.000213866814435e-05,-0.002459115,low_vol,post_covid
2024-04-26,0,1,8.000206641966562e-05,0.003214562,low_vol,post_covid
2024-04-29,1,1,8.000207707016396e-05,-0.003403942,low_vol,post_covid
2024-04-30,0,1,8.00020755001224e-05,0.00604345,low_vol,post_covid
2024-05-01,0,1,8.000207573156983e-05,-0.00434003,low_vol,post_covid
2024-05-02,0,1,8.000207569745104e-05,-0.004358948,low_vol,post_covid
2024-05-03,1,1,8.000207570248066e-05,-0.002567436,low_vol,post_covid
2024-05-06,1,1,8.000207570173921e-05,0.000190444,low_vol,post_covid
2024-05-07,1,1,8.000207570184851e-05,0.003421087,low_vol,post_covid
2024-05-08,0,1,8.00020757018324e-05,0.00132726,low_vol,post_covid
2024-05-09,1,1,8.000207570183479e-05,-0.003036341,low_vol,post_covid
2024-05-10,0,1,8.000207570183443e-05,0.000759896,low_vol,post_covid
2024-05-13,0,1,8.000207570183447e-05,-0.00085495,low_vol,post_covid
2024-05-14,0,1,8.000207570183447e-05,-0.001997804,low_vol,post_covid
2024-05-15,1,1,8.000207570183447e-05,-0.006304985,low_vol,post_covid
2024-05-16,0,0,-3.27417131766653e-05,0.001053595,low_vol,post_covid
2024-05-17,1,1,8.586144877680379e-05,-9.58e-05,low_vol,post_covid
2024-05-20,1,1,7.327792216273812e-05,0.001148242,low_vol,post_covid
2024-05-21,1,1,7.461300581007815e-05,0.000860335,low_vol,post_covid
2024-05-22,1,1,7.447135646168306e-05,0.002671746,low_vol,post_covid
2024-05-23,0,1,7.448638513643368e-05,0.001618645,low_vol,post_covid
2024-05-24,0,1,7.448479062811212e-05,-0.003717293,low_vol,post_covid
2024-05-28,1,1,7.448495980183034e-05,-0.001050978,low_vol,post_covid
2024-05-29,0,1,7.448494185288235e-05,0.004673108,low_vol,post_covid
2024-05-30,0,1,7.448494375722504e-05,-0.00362213,low_vol,post_covid
2024-05-31,0,1,7.44849435551786e-05,-0.000477607,low_vol,post_covid
2024-06-03,0,1,7.448494357661527e-05,-0.005076384,low_vol,post_covid
2024-06-04,1,1,7.44849435743409e-05,-0.000288104,low_vol,post_covid
2024-06-05,0,1,7.44849435745822e-05,0.001535618,low_vol,post_covid
2024-06-06,1,1,7.44849435745566e-05,-0.001631696,low_vol,post_covid
2024-06-07,1,1,7.448494357455931e-05,0.007560215,low_vol,post_covid
2024-06-10,1,1,7.448494357455902e-05,0.002475741,low_vol,post_covid
2024-06-11,0,1,7.448494357455905e-05,0.000760546,low_vol,post_covid
2024-06-12,1,1,7.448494357455905e-05,-0.005526999,low_vol,post_covid
2024-06-13,1,1,7.448494357455905e-05,0.005241808,low_vol,post_covid
2024-06-14,0,1,7.448494357455905e-05,0.003321532,low_vol,post_covid
2024-06-17,0,1,0.00012222794762937436,-0.002181471,low_vol,post_covid
2024-06-18,1,1,7.332081946998949e-05,-0.000569832,low_vol,post_covid
2024-06-20,1,1,7.75548344544284e-05,0.003130135,low_vol,post_covid
2024-06-21,0,1,7.718828496434117e-05,0.001986913,low_vol,post_covid
2024-06-24,1,1,7.722001808979703e-05,-0.003123984,low_vol,post_covid
2024-06-25,1,1,7.721727087208583e-05,0.001326506,low_vol,post_covid
2024-06-26,0,1,7.721750870573898e-05,0.00415764,low_vol,post_covid
2024-06-27,0,1,7.721748811587224e-05,-0.001320998,low_vol,post_covid
2024-06-28,1,1,7.721748989838959e-05,-0.000377759,low_vol,post_covid
2024-07-01,0,1,7.721748974407252e-05,0.000283315,low_vol,post_covid
2024-07-02,0,1,7.721748975743214e-05,-0.001701166,low_vol,post_covid
2024-07-03,0,1,7.721748975627556e-05,-0.003031451,low_vol,post_covid
2024-07-05,1,1,7.721748975637569e-05,-0.004945837,low_vol,post_covid
2024-07-08,1,1,7.721748975636702e-05,0.001238791,low_vol,post_covid
2024-07-09,0,1,7.721748975636776e-05,0.001046977,low_vol,post_covid
2024-07-10,0,1,7.72174897563677e-05,-0.000666125,low_vol,post_covid
2024-07-11,0,1,7.72174897563677e-05,-0.005823689,low_vol,post_covid
2024-07-12,1,1,7.72174897563677e-05,-0.003356893,low_vol,post_covid
2024-07-15,1,1,7.72174897563677e-05,0.000960305,low_vol,post_covid
2024-07-16,0,1,7.72174897563677e-05,0.000767478,low_vol,post_covid
2024-07-17,1,1,7.72174897563677e-05,-0.004999497,low_vol,post_covid
2024-07-18,1,0,-1.6756147794858044e-05,0.004040003,low_vol,post_covid
2024-07-19,0,1,8.179474511039626e-05,0.002205528,low_vol,post_covid
2024-07-22,1,1,7.096418692206833e-05,-0.000862479,low_vol,post_covid
2024-07-23,0,1,7.215444494219127e-05,0.001341248,low_vol,post_covid
2024-07-24,0,1,7.202363781943431e-05,-0.000574579,low_vol,post_covid
2024-07-25,0,1,7.203801327675086e-05,-0.000287413,low_vol,post_covid
2024-07-26,1,1,7.203643344096895e-05,-0.000383371,low_vol,post_covid
2024-07-29,0,1,7.203660706195664e-05,0.002297951,low_vol,post_covid
2024-07-30,0,1,7.203658798133591e-05,-9.56e-05,low_vol,post_covid
2024-07-31,1,1,7.203659007826033e-05,-0.004313494,low_vol,post_covid
2024-08-01,0,1,7.203658984781228e-05,0.003069249,low_vol,post_covid
2024-08-02,0,1,7.203658987313807e-05,-0.011655472,low_vol,post_covid
2024-08-05,1,1,7.203658987035482e-05,-0.005050974,low_vol,post_covid
2024-08-06,1,1,7.20365898706607e-05,0.002722931,low_vol,post_covid
2024-08-07,1,1,7.203658987062707e-05,0.002231128,low_vol,post_covid
2024-08-08,0,1,7.203658987063077e-05,9.69e-05,low_vol,post_covid
2024-08-09,0,1,7.203658987063037e-05,-0.000678456,low_vol,post_covid
2024-08-12,0,1,7.203658987063041e-05,0.0,low_vol,post_covid
2024-08-13,1,1,7.203658987063041e-05,-0.005639313,low_vol,post_covid
2024-08-14,1,1,7.203658987063041e-05,9.75e-05,low_vol,post_covid
2024-08-15,0,1,7.203658987063041e-05,0.003989338,low_vol,post_covid
2024-08-16,0,1,0.00013458415701531057,-0.005062358,low_vol,post_covid
2024-08-19,0,1,6.192667379167693e-05,-0.005578676,low_vol,post_covid
2024-08-20,0,1,7.048593933624832e-05,-0.004426279,low_vol,post_covid
2024-08-21,1,1,6.947763264281394e-05,-0.003951028,low_vol,post_covid
2024-08-22,0,1,6.959641414138181e-05,0.00464085,low_vol,post_covid
2024-08-23,1,1,6.95824213309662e-05,-0.007812935,low_vol,post_covid
2024-08-26,0,1,6.958406972525056e-05,0.001289847,low_vol,post_covid
2024-08-27,1,1,6.958387553954832e-05,-0.002979103,low_vol,post_covid
2024-08-28,1,1,6.958389841519604e-05,0.005356026,low_vol,post_covid
2024-08-29,1,1,6.958389572037736e-05,0.002469991,low_vol,post_covid
2024-08-30,1,1,6.958389603783494e-05,0.003546109,low_vol,post_covid
2024-09-03,0,1,6.95838960004375e-05,0.001277501,low_vol,post_covid
2024-09-04,0,1,6.958389600484303e-05,-0.004626232,low_vol,post_covid
2024-09-05,1,1,6.958389600432404e-05,-0.002469503,low_vol,post_covid
2024-09-06,1,1,6.958389600438518e-05,0.000692073,low_vol,post_covid
2024-09-09,1,1,6.958389600437798e-05,0.003650206,low_vol,post_covid
2024-09-10,1,1,6.958389600437883e-05,0.000787422,low_vol,post_covid
2024-09-11,0,1,6.958389600437873e-05,0.00049189,low_vol,post_covid
2024-09-12,0,1,6.958389600437874e-05,-0.003053413,low_vol,post_covid
2024-09-13,0,1,6.958389600437874e-05,-0.002568177,low_vol,post_covid
2024-09-16,1,1,6.958389600437874e-05,-0.003467566,low_vol,post_covid
2024-09-17,0,1,6.7451353911268755e-06,0.001289336,low_vol,post_covid
2024-09-18,1,1,6.850656919106106e-05,-0.002878566,low_vol,post_covid
2024-09-19,1,1,6.276828650020333e-05,9.94e-05,low_vol,post_covid
2024-09-20,1,1,6.330143293502966e-05,0.001092739,low_vol,post_covid
2024-09-23,0,1,6.325189805913013e-05,0.001983704,low_vol,post_covid
2024-09-24,1,1,6.325650036680792e-05,-0.00546472,low_vol,post_covid
2024-09-25,0,1,6.325607276432429e-05,0.00546472,low_vol,post_covid
2024-09-26,0,1,6.325611249306404e-05,-0.003573566,low_vol,post_covid
2024-09-27,1,1,6.32561088018489e-05,-0.001393168,low_vol,post_covid
2024-09-30,1,1,6.325610914480137e-05,0.003578539,low_vol,post_covid
2024-10-01,1,1,6.32561091129375e-05,0.004060051,low_vol,post_covid
2024-10-02,1,1,6.325610911589798e-05,0.004830668,low_vol,post_covid
2024-10-03,1,1,6.325610911562293e-05,0.003044118,low_vol,post_covid
2024-10-04,1,1,6.325610911564847e-05,0.00518312,low_vol,post_covid
2024-10-07,1,1,6.32561091156461e-05,0.000195107,low_vol,post_covid
2024-10-08,1,1,6.325610911564632e-05,9.75e-05,low_vol,post_covid
2024-10-09,1,1,6.32561091156463e-05,0.003698634,low_vol,post_covid
2024-10-10,0,1,6.32561091156463e-05,0.000582727,low_vol,post_covid
2024-10-11,1,1,6.32561091156463e-05,-0.000971425,low_vol,post_covid
2024-10-14,0,1,6.32561091156463e-05,0.003976955,low_vol,post_covid
2024-10-15,1,1,6.32561091156463e-05,-0.000387306,low_vol,post_covid
2024-10-16,1,1,5.2576254733297694e-05,0.003190665,low_vol,post_covid
2024-10-17,0,1,7.147976209181634e-05,0.002314199,low_vol,post_covid
2024-10-18,1,1,6.93030389243313e-05,-0.003279995,low_vol,post_covid
2024-10-21,1,1,6.955368678866696e-05,0.0050121,low_vol,post_covid
2024-10-22,1,1,6.95248248953245e-05,0.000672783,low_vol,post_covid
2024-10-23,0,1,6.95281483183647e-05,0.003357142,low_vol,post_covid
2024-10-24,1,1,6.95277656289627e-05,-0.003549361,low_vol,post_covid
2024-10-25,1,1,6.95278096953294e-05,0.001920167,low_vol,post_covid
2024-10-28,0,1,6.952780462112388e-05,0.000575295,low_vol,post_covid
2024-10-29,0,1,6.952780520541443e-05,-0.000383518,low_vol,post_covid
2024-10-30,0,1,6.952780513813386e-05,-0.002784857,low_vol,post_covid
2024-10-31,1,1,6.952780514588116e-05,-9.61e-05,low_vol,post_covid
2024-11-01,0,1,6.952780514498906e-05,0.002880972,low_vol,post_covid
2024-11-04,0,1,6.952780514509179e-05,-0.003746936,low_vol,post_covid
2024-11-05,1,1,6.952780514507996e-05,-0.004534292,low_vol,post_covid
2024-11-06,0,1,6.952780514508132e-05,0.016018742,low_vol,post_covid
2024-11-07,1,1,6.952780514508117e-05,-0.00553431,high_vol,post_covid
2024-11-08,1,1,6.952780514508118e-05,0.004677569,high_vol,post_covid
2024-11-11,1,1,6.952780514508118e-05,0.005129686,high_vol,post_covid
2024-11-12,1,1,6.952780514508118e-05,0.004537687,high_vol,post_covid
2024-11-13,1,1,6.952780514508118e-05,0.004329482,high_vol,post_covid
2024-11-14,1,1,0.00013302476272121776,0.001782734,high_vol,post_covid
2024-11-15,0,1,7.049599995620277e-05,0.000187517,high_vol,post_covid
2024-11-18,0,1,7.825217718832222e-05,-0.003850347,high_vol,post_covid
2024-11-19,1,1,7.729008738203379e-05,-0.000658852,high_vol,post_covid
2024-11-20,1,1,7.740942668639252e-05,0.004415444,high_vol,post_covid
2024-11-21,1,1,7.739462363009597e-05,0.002714731,high_vol,post_covid
2024-11-22,0,1,7.739645982712172e-05,0.004849367,high_vol,post_covid
2024-11-25,1,1,7.739623206202715e-05,-0.006252628,high_vol,post_covid
2024-11-26,0,1,7.739626031440834e-05,0.001777136,high_vol,post_covid
2024-11-27,0,1,7.73962568099335e-05,-0.008728764,high_vol,post_covid
2024-11-29,1,1,7.73962572446347e-05,-0.003210313,high_vol,post_covid
2024-12-02,0,1,7.73962571907136e-05,0.006692132,high_vol,post_covid
2024-12-03,0,1,7.739625719740206e-05,-0.000751755,high_vol,post_covid
2024-12-04,0,1,7.73962571965724e-05,-0.000282134,high_vol,post_covid
2024-12-05,1,1,7.739625719667532e-05,-0.005941987,high_vol,post_covid
2024-12-06,1,1,7.739625719666256e-05,0.00245656,high_vol,post_covid
2024-12-09,1,1,7.739625719666414e-05,0.001697156,high_vol,post_covid
2024-12-10,1,1,7.739625719666394e-05,0.002352389,high_vol,post_covid
2024-12-11,1,1,7.739625719666397e-05,0.002909275,high_vol,post_covid
2024-12-12,1,1,7.739625719666397e-05,0.002340058,high_vol,post_covid
2024-12-13,0,1,7.739625719666397e-05,0.00037391,high_vol,post_covid
2024-12-16,1,1,7.98517883211317e-05,-0.001309262,low_vol,post_covid
2024-12-17,1,1,7.814036483662114e-05,0.000935352,low_vol,post_covid
2024-12-18,1,1,7.82744619036107e-05,0.009954031,low_vol,post_covid
2024-12-19,0,1,7.826395484703589e-05,0.003511414,high_vol,post_covid
2024-12-20,1,1,7.826477811812112e-05,-0.00731384,high_vol,post_covid
2024-12-23,1,1,7.826471361144649e-05,0.003895008,high_vol,post_covid
2024-12-24,0,1,7.826471866580968e-05,0.002034224,high_vol,post_covid
2024-12-26,0,1,7.826471826977955e-05,-0.00120158,high_vol,post_covid
2024-12-27,1,1,7.826471830081013e-05,-0.001202954,high_vol,post_covid
2024-12-30,1,1,7.826471829837875e-05,0.001202954,high_vol,post_covid
2024-12-31,1,1,7.826471829856926e-05,0.003323802,high_vol,post_covid
2025-01-02,0,1,7.826471829855434e-05,0.008261489,high_vol,post_covid
2025-01-03,0,1,7.82647182985555e-05,-0.004030439,high_vol,post_covid
2025-01-06,1,1,7.826471829855542e-05,-0.006353272,high_vol,post_covid
2025-01-07,1,1,7.826471829855542e-05,0.002583016,high_vol,post_covid
2025-01-08,1,1,7.826471829855542e-05,0.005054419,high_vol,post_covid
2025-01-09,1,1,7.826471829855542e-05,0.000824703,high_vol,post_covid
2025-01-10,1,1,7.826471829855542e-05,0.00429559,high_vol,post_covid
2025-01-13,0,1,7.826471829855542e-05,0.002823166,high_vol,post_covid
2025-01-14,0,1,7.826471829855542e-05,-0.006294802,high_vol,post_covid
2025-01-15,0,1,7.826471829855542e-05,-0.001648657,high_vol,post_covid
2025-01-16,1,1,6.78818369438435e-05,-0.001192362,high_vol,post_covid
2025-01-17,0,1,8.439244829025023e-05,0.003572899,high_vol,post_covid
2025-01-21,1,1,8.284024440253807e-05,-0.011867127,high_vol,post_covid
2025-01-22,0,1,8.298617097415186e-05,0.001017441,high_vol,post_covid
2025-01-23,0,1,8.297245205199767e-05,-0.001109936,high_vol,post_covid
2025-01-24,0,1,8.297374180219868e-05,-0.005661536,high_vol,post_covid
2025-01-27,1,1,8.29736205495549e-05,-0.000931242,high_vol,post_covid
2025-01-28,1,1,8.297363194881936e-05,0.004925491,high_vol,post_covid
2025-01-29,0,1,8.297363087714598e-05,0.001204403,high_vol,post_covid
2025-01-30,1,1,8.297363097789669e-05,-0.00185354,high_vol,post_covid
2025-01-31,1,1,8.297363096842485e-05,0.005273636,high_vol,post_covid
2025-02-03,0,1,8.297363096931532e-05,0.005704792,high_vol,post_covid
2025-02-04,0,1,8.297363096923161e-05,-0.009495336,high_vol,post_covid
2025-02-05,1,1,8.297363096923948e-05,-0.003526006,high_vol,post_covid
2025-02-06,1,1,8.297363096923874e-05,0.001021978,high_vol,post_covid
2025-02-07,1,1,8.29736309692388e-05,0.003244785,high_vol,post_covid
2025-02-10,0,1,8.29736309692388e-05,0.002588269,high_vol,post_covid
2025-02-11,0,1,8.29736309692388e-05,-0.003329027,high_vol,post_covid
2025-02-12,0,1,8.29736309692388e-05,-0.00018524,high_vol,post_covid
2025-02-13,0,1,8.29736309692388e-05,-0.005853721,high_vol,post_covid
2025-02-14,1,1,8.29736309692388e-05,-0.006919776,high_vol,post_covid
2025-02-18,1,0,-1.594064976427812e-05,0.004494,high_vol,post_covid
2025-02-19,0,1,8.700432302982236e-05,0.001120298,high_vol,post_covid
2025-02-20,1,1,7.50949190931246e-05,-0.007774868,high_vol,post_covid
2025-02-21,0,1,7.647268333238584e-05,0.002535848,high_vol,post_covid
2025-02-24,0,1,7.631329380213925e-05,-9.38e-05,high_vol,post_covid
2025-02-25,1,1,7.633173311245685e-05,-0.002724166,high_vol,post_covid
2025-02-26,1,1,7.632959992237552e-05,0.001034181,high_vol,post_covid
2025-02-27,1,1,7.632984670492024e-05,0.007675781,high_vol,post_covid
2025-02-28,0,1,7.632981815536673e-05,0.003444292,high_vol,post_covid
2025-03-03,0,1,7.632982145818139e-05,-0.008023934,high_vol,post_covid
2025-03-04,0,1,7.63298210760884e-05,-0.009506422,high_vol,post_covid
2025-03-05,0,1,7.632982112029161e-05,0.0,high_vol,post_covid
2025-03-06,0,1,7.632982111517787e-05,-0.016015598,high_vol,post_covid
2025-03-07,1,1,7.632982111576946e-05,-0.002116415,high_vol,post_covid
2025-03-10,0,1,7.632982111570102e-05,0.000673957,high_vol,post_covid
2025-03-11,1,1,7.632982111570895e-05,-0.004533417,high_vol,post_covid
2025-03-12,1,1,7.632982111570803e-05,0.001642098,high_vol,post_covid
2025-03-13,0,1,7.632982111570814e-05,0.002121108,high_vol,post_covid
2025-03-14,0,1,7.632982111570812e-05,-0.001059992,high_vol,post_covid
2025-03-17,0,1,7.632982111570812e-05,-0.003380161,high_vol,post_covid
2025-03-18,1,1,7.632982111570812e-05,-0.001258457,high_vol,post_covid
2025-03-19,1,1,5.855043363849451e-05,0.001838704,high_vol,post_covid
2025-03-20,1,1,6.958006060251339e-05,0.004052477,high_vol,post_covid
2025-03-21,1,1,6.708031066661204e-05,0.002308339,high_vol,post_covid
2025-03-24,0,1,6.764685292252183e-05,0.001631925,high_vol,post_covid
2025-03-25,1,1,6.751845202804771e-05,-0.000767625,high_vol,post_covid
2025-03-26,0,1,6.75475527518327e-05,0.00354528,high_vol,post_covid
2025-03-27,0,1,6.754095737624533e-05,-0.004601708,high_vol,post_covid
2025-03-28,1,1,6.75424521493465e-05,-0.000288297,high_vol,post_covid
2025-03-31,1,1,6.754211337461042e-05,0.001632636,high_vol,post_covid
2025-04-01,0,1,6.754219015437166e-05,0.000479715,high_vol,post_covid
2025-04-02,0,1,6.754217275303942e-05,-0.004325518,high_vol,post_covid
2025-04-03,1,1,6.754217669686992e-05,-0.016903432,high_vol,post_covid
2025-04-04,1,1,6.754217580304185e-05,0.009264262,high_vol,post_covid
2025-04-07,0,1,6.754217600561866e-05,0.002326989,high_vol,post_covid
2025-04-08,0,1,6.754217595970675e-05,-0.002909546,high_vol,post_covid
2025-04-09,0,1,6.75421759701122e-05,-0.000582897,high_vol,post_covid
2025-04-10,0,1,6.754217596775392e-05,-0.019925071,high_vol,post_covid
2025-04-11,0,1,6.75421759682884e-05,-0.010864836,high_vol,post_covid
2025-04-14,1,1,6.754217596816727e-05,-0.001404066,high_vol,post_covid
2025-04-15,0,1,6.754217596819471e-05,0.005804097,high_vol,post_covid
2025-04-16,0,1,6.754217596818849e-05,-0.008416923,high_vol,post_covid
2025-04-17,0,0,-0.0001117630303146499,0.0,high_vol,post_covid
2025-04-21,1,1,9.752863676825479e-05,-0.011130323,high_vol,post_covid
2025-04-22,1,1,4.752067544315442e-05,0.006490889,high_vol,post_covid
2025-04-23,0,1,5.94695324174845e-05,0.009257444,high_vol,post_covid
2025-04-24,1,1,5.6614483357099514e-05,-0.005523998,high_vol,post_covid
2025-04-25,0,1,5.729666619305753e-05,0.001811233,high_vol,post_covid
2025-04-28,1,1,5.713366604425694e-05,-0.004635227,high_vol,post_covid
2025-04-29,1,1,5.717261315214145e-05,0.002320261,high_vol,post_covid
2025-04-30,1,1,5.716330716546764e-05,0.002314966,high_vol,post_covid
2025-05-01,0,1,5.716553072949272e-05,0.007810963,high_vol,post_covid
2025-05-02,0,1,5.7164999433119005e-05,-0.00249688,high_vol,post_covid
2025-05-05,0,1,5.716512638059321e-05,-0.001701428,high_vol,post_covid
2025-05-06,1,1,5.7165096047878736e-05,-0.00592762,high_vol,post_covid
2025-05-07,1,1,5.716510329555005e-05,0.00372143,high_vol,post_covid
2025-05-08,0,1,5.7165101563798034e-05,0.01028722,high_vol,post_covid
2025-05-09,1,1,5.716510197758129e-05,-0.002985404,high_vol,post_covid
2025-05-12,0,1,5.716510187871229e-05,0.014347494,high_vol,post_covid
2025-05-13,1,1,5.716510190233596e-05,-0.00779136,high_vol,post_covid
2025-05-14,0,1,5.716510189669135e-05,0.00039597,high_vol,post_covid
2025-05-15,1,1,5.716510189804007e-05,-0.001584823,high_vol,post_covid
2025-05-16,0,1,5.71651018977178e-05,0.002079509,high_vol,post_covid
2025-05-19,0,1,8.981546822938894e-05,-0.006550202,high_vol,post_covid
2025-05-20,0,1,6.0002967077729196e-05,-0.003091476,high_vol,post_covid
2025-05-21,1,1,6.140456383265626e-05,-0.005609041,high_vol,post_covid
2025-05-22,0,1,6.133866954712052e-05,0.004009644,high_vol,post_covid
2025-05-23,0,1,6.13417674829933e-05,-0.008539746,high_vol,post_covid
2025-05-26,1,1,6.13416218374856e-05,-0.001817818,high_vol,post_covid
2025-05-27,1,1,6.134162868482357e-05,0.005946063,high_vol,post_covid
2025-05-28,0,1,6.13416283629047e-05,0.003610843,high_vol,post_covid
2025-05-29,1,1,6.13416283780393e-05,-0.006025309,high_vol,post_covid
2025-05-30,0,1,6.134162837732777e-05,0.00050353,high_vol,post_covid
2025-06-02,1,1,6.134162837736122e-05,-0.006362743,high_vol,post_covid
2025-06-03,0,1,6.134162837735965e-05,0.005557004,high_vol,post_covid
2025-06-04,0,1,6.134162837735972e-05,-0.004645525,high_vol,post_covid
2025-06-05,1,1,6.134162837735972e-05,-0.000506283,high_vol,post_covid
2025-06-06,0,1,6.134162837735972e-05,0.004547116,high_vol,post_covid
2025-06-09,1,1,6.134162837735972e-05,-0.002523597,high_vol,post_covid
2025-06-10,0,1,6.134162837735972e-05,0.001111173,high_vol,post_covid
2025-06-11,0,1,6.134162837735972e-05,-0.004249357,high_vol,post_covid
2025-06-12,1,1,6.134162837735972e-05,-0.007224647,high_vol,post_covid
2025-06-13,0,1,6.134162837735972e-05,0.002651732,high_vol,post_covid
2025-06-16,1,1,6.134162837735972e-05,-0.001835053,high_vol,post_covid
2025-06-17,1,1,3.0031827720690123e-05,0.008332532,high_vol,post_covid
2025-06-18,0,1,5.292777431152401e-05,0.000910372,high_vol,post_covid
2025-06-20,0,1,5.297407440188919e-05,-0.002024134,high_vol,post_covid
2025-06-23,0,1,5.2974168029744196e-05,-0.002942232,high_vol,post_covid
2025-06-24,0,1,5.297416821907807e-05,-0.005706125,high_vol,post_covid
2025-06-25,0,1,5.297416821946094e-05,-0.001841059,high_vol,post_covid
2025-06-26,1,1,5.2974168219461714e-05,-0.005440641,high_vol,post_covid
2025-06-27,0,1,5.2974168219461714e-05,0.002570035,high_vol,post_covid
2025-06-30,0,1,5.2974168219461714e-05,-0.005353155,high_vol,post_covid
2025-07-01,0,1,5.2974168219461714e-05,-0.00061949,high_vol,post_covid
2025-07-02,1,1,5.2974168219461714e-05,-0.000413233,high_vol,post_covid
2025-07-03,0,1,5.2974168219461714e-05,0.004124583,high_vol,post_covid
2025-07-04,1,1,5.2974168219461714e-05,0.0,high_vol,post_covid
2025-07-07,1,1,5.2974168219461714e-05,0.003082331,high_vol,post_covid
2025-07-08,0,1,5.2974168219461714e-05,0.000307696,high_vol,post_covid
2025-07-09,1,1,5.2974168219461714e-05,-0.000410308,high_vol,post_covid
2025-07-10,1,1,5.2974168219461714e-05,0.001845022,high_vol,post_covid
2025-07-11,1,1,5.2974168219461714e-05,0.002046005,high_vol,post_covid
2025-07-14,1,1,5.2974168219461714e-05,0.002347813,high_vol,post_covid
2025-07-15,0,1,5.2974168219461714e-05,0.005490618,high_vol,post_covid
2025-07-16,1,1,5.2974168219461714e-05,-0.002334942,high_vol,post_covid
2025-07-17,0,1,2.6251722930736023e-05,0.003449719,high_vol,post_covid
2025-07-18,0,1,5.2743988152327575e-05,-0.00253537,high_vol,post_covid
2025-07-21,0,1,5.36761402134835e-05,-0.006417838,high_vol,post_covid
2025-07-22,0,1,5.370893874761599e-05,-0.004712149,high_vol,post_covid
2025-07-23,1,1,5.371009279091651e-05,-0.001849952,high_vol,post_covid
2025-07-24,1,1,5.3710133396875725e-05,0.001747245,high_vol,post_covid
2025-07-25,1,1,5.371013482562968e-05,0.00276885,high_vol,post_covid
2025-07-28,1,1,5.371013487590156e-05,0.01028996,high_vol,post_covid
2025-07-29,1,1,5.371013487767041e-05,0.00253075,high_vol,post_covid
2025-07-30,1,1,5.371013487773265e-05,0.010359648,high_vol,post_covid
2025-07-31,0,1,5.371013487773484e-05,0.000900098,high_vol,post_covid
2025-08-01,1,1,5.371013487773492e-05,-0.01348648,high_vol,post_covid
2025-08-04,0,1,5.371013487773492e-05,0.000911494,high_vol,post_covid
2025-08-05,0,1,5.371013487773492e-05,0.0,high_vol,post_covid
2025-08-06,1,1,5.371013487773492e-05,-0.006092611,high_vol,post_covid
2025-08-07,0,1,5.371013487773492e-05,0.002238288,high_vol,post_covid
2025-08-08,1,1,5.371013487773492e-05,-0.002238288,high_vol,post_covid
2025-08-11,0,1,5.371013487773492e-05,0.003457007,high_vol,post_covid
2025-08-12,0,1,5.371013487773492e-05,-0.004272188,high_vol,post_covid
2025-08-13,1,1,5.371013487773492e-05,-0.002653897,high_vol,post_covid
2025-08-14,0,1,5.371013487773492e-05,0.004181797,high_vol,post_covid
2025-08-15,1,1,0.00010741845462092036,-0.004079573,high_vol,post_covid
2025-08-18,1,1,5.190823743033637e-05,0.003264973,high_vol,post_covid
2025-08-19,0,1,5.3081092711845365e-05,0.001018107,high_vol,post_covid
2025-08-20,1,1,5.305631187723539e-05,-0.000508885,high_vol,post_covid
2025-08-21,0,1,5.305683546251795e-05,0.004064236,high_vol,post_covid
2025-08-22,1,1,5.305682439987408e-05,-0.00916785,high_vol,post_covid
2025-08-25,0,1,5.305682463361267e-05,0.00723938,high_vol,post_covid
2025-08-26,0,1,5.30568246286741e-05,-0.002033937,high_vol,post_covid
2025-08-27,0,1,5.3056824628778444e-05,0.0,high_vol,post_covid
2025-08-28,0,1,5.3056824628776235e-05,-0.004284906,high_vol,post_covid
2025-08-29,1,1,5.305682462877628e-05,-0.000409049,high_vol,post_covid
2025-09-02,0,1,5.305682462877628e-05,0.006423072,high_vol,post_covid
2025-09-03,1,1,5.305682462877628e-05,-0.002645795,high_vol,post_covid
2025-09-04,0,1,5.305682462877628e-05,0.002137505,high_vol,post_covid
2025-09-05,0,1,5.305682462877628e-05,-0.005914782,high_vol,post_covid
2025-09-08,1,1,5.305682462877628e-05,-0.003278353,high_vol,post_covid
2025-09-09,0,1,5.305682462877628e-05,0.003482937,high_vol,post_covid
2025-09-10,0,1,5.305682462877628e-05,-0.000102287,high_vol,post_covid
2025-09-11,1,1,5.305682462877628e-05,-0.002457485,high_vol,post_covid
2025-09-12,0,1,5.305682462877628e-05,0.000102539,high_vol,post_covid
2025-09-15,0,1,5.305682462877628e-05,-0.002566078,high_vol,post_covid
2025-09-16,1,1,2.2479719359365708e-05,-0.006909797,high_vol,post_covid
2025-09-17,1,1,4.7747125962820614e-05,0.002480678,high_vol,post_covid
2025-09-18,1,1,5.006482161281113e-05,0.004942814,high_vol,post_covid
2025-09-19,0,1,5.0277416170309186e-05,0.002974523,high_vol,post_covid
2025-09-22,0,1,5.0296916766031485e-05,-0.003179954,high_vol,post_covid
2025-09-23,1,1,5.029870549118983e-05,-0.000719458,high_vol,post_covid
2025-09-24,1,1,5.029886956503341e-05,0.006252269,high_vol,post_covid
2025-09-25,0,1,5.0298884614984494e-05,0.006923969,high_vol,post_covid
2025-09-26,0,1,5.0298885995466736e-05,-0.004067128,high_vol,post_covid
2025-09-29,0,1,5.029888612209381e-05,-0.00244821,high_vol,post_covid
2025-09-30,0,1,5.029888613370889e-05,-0.00143098,high_vol,post_covid
2025-10-01,1,1,5.029888613477431e-05,-0.000613849,high_vol,post_covid
2025-10-02,0,1,5.0298886134872035e-05,0.00143178,high_vol,post_covid
2025-10-03,1,1,5.0298886134880993e-05,-0.001329419,high_vol,post_covid
2025-10-06,1,1,5.029888613488182e-05,0.003983046,low_vol,post_covid
2025-10-07,1,1,5.0298886134881895e-05,0.004779115,low_vol,post_covid
2025-10-08,1,1,5.02988861348819e-05,0.002735114,low_vol,post_covid
2025-10-09,0,1,5.02988861348819e-05,0.006956048,low_vol,post_covid
2025-10-10,1,1,5.02988861348819e-05,-0.005641739,high_vol,post_covid
2025-10-13,0,1,5.02988861348819e-05,0.002925533,high_vol,post_covid
2025-10-14,0,1,5.02988861348819e-05,-0.002218573,high_vol,post_covid
2025-10-15,0,1,3.244276189957907e-05,-0.00262841,high_vol,post_covid
2025-10-16,1,1,5.214298714775505e-05,-0.004057228,low_vol,post_covid
2025-10-17,1,1,5.4285132279694034e-05,0.000406472,low_vol,post_covid
2025-10-20,1,1,5.45180629040134e-05,0.001624161,low_vol,post_covid
2025-10-21,0,1,5.454339110187304e-05,0.003442733,low_vol,post_covid
2025-10-22,1,1,5.4546145216359665e-05,-0.000303278,low_vol,post_covid
2025-10-23,1,1,5.4546444690749734e-05,0.000404376,low_vol,post_covid
2025-10-24,0,1,5.454647725472292e-05,0.000101011,low_vol,post_covid
2025-10-27,0,1,5.454648079563455e-05,-0.001719498,low_vol,post_covid
2025-10-28,1,1,5.454648118066297e-05,-0.000911494,low_vol,post_covid
2025-10-29,1,1,5.454648122252984e-05,0.00535597,low_vol,post_covid
2025-10-30,1,1,5.454648122708232e-05,0.003119475,low_vol,post_covid
2025-10-31,1,1,5.454648122757734e-05,0.00270912,low_vol,post_covid
2025-11-03,1,1,5.454648122763117e-05,0.000701154,low_vol,post_covid
2025-11-04,0,1,5.4546481227637026e-05,0.003498414,low_vol,post_covid
2025-11-05,0,1,5.4546481227637663e-05,-0.000199624,low_vol,post_covid
2025-11-06,0,1,5.454648122763773e-05,-0.00470159,low_vol,post_covid
2025-11-07,1,1,5.454648122763774e-05,-0.001304419,low_vol,post_covid
2025-11-10,0,1,5.454648122763774e-05,0.000200826,low_vol,post_covid
2025-11-11,1,1,5.454648122763774e-05,-0.001607431,low_vol,post_covid
2025-11-12,0,1,5.454648122763774e-05,0.000201109,low_vol,post_covid
2025-11-13,1,1,5.5696463178360524e-05,-0.003020269,low_vol,post_covid
2025-11-14,1,1,5.537741745247828e-05,0.000906993,low_vol,post_covid
2025-11-17,0,1,5.535157413668427e-05,0.003218344,low_vol,post_covid
2025-11-18,1,1,5.5349480778531985e-05,-0.00040166,low_vol,post_covid
2025-11-19,0,1,5.5349311212506145e-05,0.006807517,low_vol,post_covid
2025-11-20,1,1,5.534929747733279e-05,-0.000698635,low_vol,post_covid
2025-11-21,0,1,5.5349296364757396e-05,0.000199627,low_vol,post_covid
2025-11-24,0,1,5.5349296274636655e-05,-0.00039937,low_vol,post_covid
2025-11-25,0,1,5.53492962673367e-05,-0.004804771,low_vol,post_covid
2025-11-26,0,1,5.534929626674539e-05,-0.00060228,low_vol,post_covid
2025-11-28,0,1,5.5349296266697496e-05,-0.001406605,low_vol,post_covid
2025-12-01,0,1,5.5349296266693614e-05,-0.000502795,low_vol,post_covid
2025-12-02,0,1,5.53492962666933e-05,-0.000503125,low_vol,post_covid
2025-12-03,1,1,5.5349296266693275e-05,-0.00514609,low_vol,post_covid
2025-12-04,0,1,5.5349296266693275e-05,0.001415279,low_vol,post_covid
2025-12-05,1,1,5.5349296266693275e-05,0.0,low_vol,post_covid
2025-12-08,1,1,5.5349296266693275e-05,0.001009678,low_vol,post_covid
2025-12-09,0,1,5.5349296266693275e-05,0.001311128,low_vol,post_covid
2025-12-10,0,1,5.5349296266693275e-05,-0.004343225,low_vol,post_covid
2025-12-11,1,1,5.5349296266693275e-05,-0.004463865,low_vol,post_covid
2025-12-12,0,1,5.5349296266693275e-05,0.00050829,low_vol,post_covid
2025-12-15,0,1,5.41696643951565e-05,-0.002543883,low_vol,post_covid
2025-12-16,1,1,5.2457702551596024e-05,0.0,low_vol,post_covid
2025-12-17,1,1,5.2332126618376015e-05,0.002238971,low_vol,post_covid
2025-12-18,1,1,5.232291536459522e-05,0.000609731,low_vol,post_covid
2025-12-19,0,1,5.232223970012641e-05,0.001725607,low_vol,post_covid
2025-12-22,0,1,5.232219013874364e-05,-0.003148944,low_vol,post_covid
2025-12-23,1,1,5.2322186503313964e-05,-0.003567231,low_vol,post_covid
2025-12-24,1,1,5.23221862366477e-05,0.000408339,low_vol,post_covid
2025-12-26,1,1,5.232218621708718e-05,0.000408095,low_vol,post_covid
2025-12-29,1,1,5.232218621565237e-05,0.000204063,low_vol,post_covid
2025-12-30,1,1,5.2322186215547124e-05,0.002037875,low_vol,post_covid
2025-12-31,1,1,5.2322186215539406e-05,0.000407093,low_vol,post_covid
2026-01-02,0,1,5.232218621553884e-05,0.001423482,low_vol,post_covid
2026-01-05,1,1,5.2322186215538796e-05,-0.001525259,low_vol,post_covid
2026-01-06,1,1,5.2322186215538796e-05,0.003149662,low_vol,post_covid
2026-01-07,1,1,5.2322186215538796e-05,0.001013875,low_vol,post_covid
2026-01-08,1,1,5.2322186215538796e-05,0.002530238,low_vol,post_covid
2026-01-09,0,1,5.2322186215538796e-05,0.00201956,low_vol,post_covid
2026-01-12,1,1,5.2322186215538796e-05,-0.002727378,low_vol,post_covid
2026-01-13,0,1,5.2322186215538796e-05,0.002727378,low_vol,post_covid
2026-01-14,1,1,5.2322186215538796e-05,0.0,low_vol,post_covid
2026-01-15,1,1,5.498832287700863e-05,0.001914865,low_vol,post_covid
2026-01-16,0,1,5.3968772938131206e-05,0.000704541,low_vol,post_covid
2026-01-20,1,1,5.389651130878784e-05,-0.007574646,low_vol,post_covid
2026-01-21,0,1,5.389138969298832e-05,0.001215833,low_vol,post_covid
2026-01-22,0,1,5.3891026693307344e-05,-0.004058463,low_vol,post_covid
2026-01-23,0,1,5.389100096533915e-05,-0.007756746,low_vol,post_covid
2026-01-26,0,1,5.389099914184348e-05,-0.005754204,low_vol,post_covid
2026-01-27,1,1,5.389099901260139e-05,-0.008486025,low_vol,post_covid
2026-01-28,0,1,5.3890999003441224e-05,0.002387459,low_vol,post_covid
2026-01-29,1,1,5.389099900279199e-05,-0.001764107,low_vol,post_covid
2026-01-30,1,1,5.389099900274597e-05,0.007347258,low_vol,post_covid
2026-02-02,0,1,5.389099900274271e-05,0.006372095,low_vol,post_covid
2026-02-03,1,1,5.389099900274248e-05,-0.001743124,low_vol,post_covid
2026-02-04,1,1,5.389099900274246e-05,0.00184559,low_vol,post_covid
2026-02-05,0,1,5.389099900274246e-05,0.002046633,low_vol,post_covid
2026-02-06,0,1,5.389099900274246e-05,-0.001944257,low_vol,post_covid
2026-02-09,0,1,5.389099900274246e-05,-0.008331214,low_vol,post_covid
2026-02-10,1,1,5.389099900274246e-05,-0.000206556,low_vol,post_covid
2026-02-11,1,1,5.389099900274246e-05,0.000309857,low_vol,post_covid
2026-02-12,0,1,5.389099900274246e-05,0.001032189,low_vol,post_covid
2026-02-13,1,1,5.389099900274246e-05,-0.000516001,low_vol,post_covid
2026-02-17,1,1,4.028915988834798e-05,0.002886071,low_vol,post_covid
2026-02-18,1,1,4.8007428565453785e-05,0.005542386,low_vol,post_covid
2026-02-19,0,1,4.79150212765994e-05,0.002351413,low_vol,post_covid
2026-02-20,0,1,4.791612762666191e-05,-0.001328333,low_vol,post_covid
2026-02-23,1,1,4.7916114380840337e-05,-0.00102308,low_vol,post_covid
2026-02-24,0,1,4.791611453942648e-05,0.001840683,low_vol,post_covid
2026-02-25,1,1,4.79161145375278e-05,-0.001840683,low_vol,post_covid
2026-02-26,0,1,4.791611453755053e-05,0.000920804,low_vol,post_covid
2026-02-27,1,1,4.791611453755026e-05,-0.001842378,low_vol,post_covid
2026-03-02,1,1,4.791611453755026e-05,0.00785755,low_vol,post_covid
2026-03-03,0,1,4.791611453755026e-05,0.006787301,low_vol,post_covid
2026-03-04,1,1,4.791611453755026e-05,-0.002830923,low_vol,post_covid
2026-03-05,0,1,4.791611453755026e-05,0.005553077,low_vol,post_covid
2026-03-06,1,1,4.791611453755026e-05,-0.003328144,low_vol,post_covid
2026-03-09,0,1,4.791611453755026e-05,0.001917571,low_vol,post_covid
2026-03-10,1,1,4.791611453755026e-05,-0.003535163,low_vol,post_covid
2026-03-11,1,1,4.791611453755026e-05,0.004039201,low_vol,post_covid
2026-03-12,1,1,4.791611453755026e-05,0.005126357,low_vol,post_covid
2026-03-13,0,1,4.791611453755026e-05,0.006196949,low_vol,post_covid
