Date,actual,pred,prob,au_returns,vol_regime,period_regime
2021-05-21,0,0,0.50779104,0.00233553,low_vol,covid
2021-05-24,0,0,0.50790864,-0.002112815,low_vol,covid
2021-05-25,1,0,0.5076109,-0.002117374,low_vol,covid
2021-05-26,0,0,0.5072597,0.004452384,low_vol,covid
2021-05-27,1,0,0.506394,-0.000777731,low_vol,covid
2021-05-28,0,0,0.50727713,0.00066664,low_vol,covid
2021-06-01,1,0,0.5067039,-0.002223919,low_vol,covid
2021-06-02,1,0,0.50703937,0.000778943,low_vol,covid
2021-06-03,0,0,0.50692415,0.006651892,low_vol,covid
2021-06-04,0,0,0.5067227,-0.00398584,low_vol,covid
2021-06-07,1,0,0.50710034,-0.002110084,low_vol,covid
2021-06-08,1,0,0.50629604,0.001444258,low_vol,covid
2021-06-09,0,0,0.50623417,0.000443961,low_vol,covid
2021-06-10,1,0,0.50638425,-0.000443961,low_vol,covid
2021-06-11,0,0,0.50574744,0.005314403,low_vol,covid
2021-06-14,1,0,0.5062564,-0.000441804,low_vol,covid
2021-06-15,1,0,0.50677997,0.000220968,low_vol,covid
2021-06-16,1,0,0.5066614,0.006495276,low_vol,covid
2021-06-17,1,0,0.50727606,0.008305175,low_vol,covid
2021-06-18,0,0,0.5074632,0.003693291,low_vol,covid
2021-06-21,0,0,0.50877744,-0.004019808,low_vol,covid
2021-06-22,1,0,0.50880116,-0.001416169,low_vol,covid
2021-06-23,1,0,0.50878525,0.000762815,low_vol,covid
2021-06-24,0,0,0.5087778,0.000217805,low_vol,covid
2021-06-25,1,0,0.50908816,-0.000108938,low_vol,covid
2021-06-28,1,0,0.5097411,0.00076215,low_vol,covid
2021-06-29,1,0,0.50964487,0.001848593,low_vol,covid
2021-06-30,1,0,0.50963145,0.004227871,low_vol,covid
2021-07-01,0,0,0.5099522,0.001729313,low_vol,covid
2021-07-02,1,0,0.5101413,-0.004003632,low_vol,covid
2021-07-06,1,0,0.5095355,0.003463578,low_vol,covid
2021-07-07,0,0,0.50883555,0.000971935,low_vol,covid
2021-07-08,0,0,0.50842106,-0.003027016,low_vol,covid
2021-07-09,1,0,0.5079142,-0.002493398,low_vol,covid
2021-07-12,1,0,0.50746506,0.0010849,low_vol,covid
2021-07-13,0,0,0.50772154,0.005622208,low_vol,covid
2021-07-14,1,0,0.5082998,-0.003672464,low_vol,covid
2021-07-15,1,0,0.5083908,0.002269893,low_vol,covid
2021-07-16,1,0,0.50791013,0.000755488,low_vol,covid
2021-07-19,1,0,0.5080341,0.002155373,low_vol,covid
2021-07-20,0,0,0.50739944,0.000860883,low_vol,covid
2021-07-21,1,0,0.50630397,-0.002369172,low_vol,covid
2021-07-22,1,0,0.50660443,0.000754429,low_vol,covid
2021-07-23,0,0,0.50606227,0.000969192,low_vol,covid
2021-07-26,0,0,0.5056936,-0.002802353,low_vol,covid
2021-07-27,0,0,0.5058714,-0.002377365,low_vol,covid
2021-07-28,0,0,0.5057432,-0.001190805,low_vol,covid
2021-07-29,1,0,0.50575906,-0.004995114,low_vol,covid
2021-07-30,0,0,0.5060822,0.003368993,low_vol,covid
2021-08-02,1,0,0.50565237,-0.001302737,low_vol,covid
2021-08-03,1,0,0.5069821,0.000325843,low_vol,covid
2021-08-04,0,0,0.5069747,0.002061241,low_vol,covid
2021-08-05,1,0,0.50734043,-0.000325172,low_vol,covid
2021-08-06,1,0,0.5078181,0.00605282,low_vol,covid
2021-08-09,1,0,0.50802314,0.001615009,low_vol,covid
2021-08-10,0,0,0.5093646,0.001182739,low_vol,covid
2021-08-11,1,0,0.5099795,-0.001613098,low_vol,covid
2021-08-12,0,0,0.5098728,0.001398196,low_vol,covid
2021-08-13,1,0,0.5099948,-0.005604717,low_vol,covid
2021-08-16,1,0,0.5097993,0.001188233,low_vol,covid
2021-08-17,1,0,0.5090209,0.005383303,low_vol,covid
2021-08-18,1,0,0.5092098,0.000107394,low_vol,covid
2021-08-19,0,0,0.5100242,0.004606085,low_vol,covid
2021-08-20,0,0,0.5095351,-0.00074838,low_vol,covid
2021-08-23,0,0,0.5099766,-0.005792153,low_vol,covid
2021-08-24,0,0,0.5090228,-0.000753292,low_vol,covid
2021-08-25,1,0,0.5077218,-0.000646108,low_vol,covid
2021-08-26,0,0,0.50793785,0.002474537,low_vol,covid
2021-08-27,0,0,0.5085035,-0.003983802,low_vol,covid
2021-08-30,0,0,0.5084474,-0.000431649,low_vol,covid
2021-08-31,0,0,0.5082724,-0.000215936,low_vol,covid
2021-09-01,0,0,0.50889814,-0.001945109,low_vol,covid
2021-09-02,0,0,0.5088303,-0.002382431,low_vol,covid
2021-09-03,1,0,0.5086733,-0.002062219,low_vol,covid
2021-09-07,1,0,0.50950485,0.005201526,low_vol,covid
2021-09-08,0,0,0.50956976,0.001404168,low_vol,covid
2021-09-09,1,0,0.5103979,-0.001836528,low_vol,covid
2021-09-10,1,0,0.5100838,0.001080714,low_vol,covid
2021-09-13,1,0,0.51020896,0.000431975,low_vol,covid
2021-09-14,0,0,0.51011294,0.000323838,low_vol,covid
2021-09-15,1,0,0.5092524,-0.001728462,low_vol,covid
2021-09-16,1,0,0.5089804,0.003992482,low_vol,covid
2021-09-17,1,0,0.5094049,0.0036547,low_vol,covid
2021-09-20,0,0,0.51013935,0.000429102,low_vol,covid
2021-09-21,1,0,0.5105061,-0.000429102,low_vol,covid
2021-09-22,0,0,0.51061445,0.002785839,low_vol,covid
2021-09-23,1,0,0.51058096,-0.00385936,low_vol,covid
2021-09-24,1,0,0.51023614,0.002467451,low_vol,covid
2021-09-27,1,0,0.51021564,0.000535541,low_vol,covid
2021-09-28,1,0,0.51042217,0.00416778,low_vol,covid
2021-09-29,0,0,0.51108074,0.006060299,low_vol,covid
2021-09-30,0,0,0.51140875,-0.000954413,low_vol,covid
2021-10-01,0,0,0.51204735,-0.002230593,low_vol,covid
2021-10-04,1,0,0.5101511,-0.002448799,low_vol,covid
2021-10-05,1,0,0.5100543,0.001810595,low_vol,covid
2021-10-06,0,0,0.5095024,0.00308094,low_vol,covid
2021-10-07,0,0,0.5097699,-0.000530484,low_vol,covid
2021-10-08,1,0,0.5097837,-0.001593303,low_vol,covid
2021-10-11,1,0,0.51008284,0.00265407,low_vol,covid
2021-10-12,0,0,0.5100582,0.002118164,low_vol,covid
2021-10-13,0,0,0.50988626,-0.004665913,low_vol,covid
2021-10-14,0,0,0.5095093,-0.001276354,low_vol,covid
2021-10-15,1,0,0.50851536,-0.000212843,low_vol,covid
2021-10-18,0,0,0.5089398,0.000106387,low_vol,covid
2021-10-19,0,0,0.5093647,-0.001704443,low_vol,covid
2021-10-20,1,0,0.50968844,-0.002455335,low_vol,covid
2021-10-21,0,0,0.5103004,0.002242024,low_vol,covid
2021-10-22,1,0,0.5106238,-0.001707718,low_vol,covid
2021-10-25,1,0,0.5110173,0.002134212,low_vol,covid
2021-10-26,0,0,0.5106565,0.001491259,low_vol,covid
2021-10-27,0,0,0.51071095,-0.000958377,low_vol,covid
2021-10-28,1,0,0.5105347,-0.005448463,low_vol,covid
2021-10-29,0,0,0.5097139,0.008214739,low_vol,covid
2021-11-01,1,0,0.509359,-0.002553251,low_vol,covid
2021-11-02,0,0,0.5095664,0.00223439,low_vol,covid
2021-11-03,1,0,0.5083879,-0.002447415,low_vol,covid
2021-11-04,0,0,0.5085008,0.005206939,low_vol,covid
2021-11-05,0,0,0.5088208,-0.000318003,low_vol,covid
2021-11-08,0,0,0.50770634,-0.002866665,low_vol,covid
2021-11-09,1,0,0.50825906,-0.000957438,low_vol,covid
2021-11-10,1,0,0.50801885,0.00942753,low_vol,covid
2021-11-11,0,0,0.50934845,0.003473159,low_vol,covid
2021-11-12,1,0,0.50901306,-0.000525491,low_vol,covid
2021-11-15,1,0,0.50877357,0.002939085,low_vol,covid
2021-11-16,0,0,0.5081603,0.005331058,low_vol,covid
2021-11-17,0,0,0.50808525,-0.000938684,low_vol,covid
2021-11-18,1,0,0.5062779,-0.00303079,low_vol,covid
2021-11-19,1,0,0.50538933,0.005532072,low_vol,covid
2021-11-22,0,0,0.5052346,0.004465919,low_vol,covid
2021-11-23,1,0,0.5054741,-0.000103654,low_vol,covid
2021-11-24,0,0,0.5062916,0.00362074,low_vol,covid
2021-11-26,1,0,0.5072739,-0.00777488,low_vol,covid
2021-11-29,0,0,0.5080776,0.002598349,low_vol,covid
2021-11-30,1,0,0.50789946,-0.003639566,low_vol,covid
2021-12-01,1,0,0.50790864,0.000624924,low_vol,covid
2021-12-02,0,0,0.5088359,0.000832493,low_vol,covid
2021-12-03,1,0,0.5086978,-0.000103974,low_vol,covid
2021-12-06,1,0,0.50987124,0.001767041,low_vol,covid
2021-12-07,0,0,0.509642,0.000830498,low_vol,covid
2021-12-08,1,0,0.51074916,-0.004993284,low_vol,covid
2021-12-09,0,0,0.5099083,0.003955014,low_vol,covid
2021-12-10,1,0,0.5097386,-0.002287788,low_vol,covid
2021-12-13,1,0,0.50967294,0.002807057,low_vol,covid
2021-12-14,0,0,0.5085012,0.002592152,low_vol,covid
2021-12-15,0,0,0.50819236,-0.000621479,low_vol,covid
2021-12-16,1,0,0.5086422,-0.004881871,low_vol,covid
2021-12-17,0,0,0.50786346,0.00550335,low_vol,covid
2021-12-20,0,0,0.5075581,-0.00020709,low_vol,covid
2021-12-21,0,0,0.5082946,-0.000621687,low_vol,covid
2021-12-22,0,0,0.5085894,-0.004258157,low_vol,covid
2021-12-23,1,0,0.50809747,-0.000624729,low_vol,covid
2021-12-27,1,0,0.5081616,0.000728746,low_vol,covid
2021-12-28,0,0,0.5074469,0.001144112,low_vol,covid
2021-12-29,1,0,0.5078857,-0.002810564,low_vol,covid
2021-12-30,0,0,0.50802404,0.000416893,low_vol,covid
2021-12-31,1,0,0.5084558,-0.003130905,low_vol,covid
2022-01-03,1,0,0.50801796,0.005940299,low_vol,post_covid
2022-01-04,0,0,0.5086554,0.000519431,low_vol,post_covid
2022-01-05,1,0,0.5099385,-0.001039053,low_vol,post_covid
2022-01-06,0,0,0.5099844,0.000623546,low_vol,post_covid
2022-01-07,1,0,0.5099492,-0.005312812,low_vol,post_covid
2022-01-10,0,0,0.51111287,0.002607835,low_vol,post_covid
2022-01-11,0,0,0.51015997,-0.003861965,low_vol,post_covid
2022-01-12,0,0,0.51048595,-0.00650514,low_vol,post_covid
2022-01-13,1,0,0.5095864,-0.002212963,low_vol,post_covid
2022-01-14,1,0,0.5094836,0.004000819,low_vol,post_covid
2022-01-18,0,0,0.51035726,0.005867017,low_vol,post_covid
2022-01-19,1,0,0.5111883,-0.002300788,low_vol,post_covid
2022-01-20,0,0,0.5118456,0.002405185,low_vol,post_covid
2022-01-21,1,0,0.5115872,-0.001045025,low_vol,post_covid
2022-01-24,1,0,0.51152617,0.002923355,low_vol,post_covid
2022-01-25,1,0,0.51072997,0.000312699,low_vol,post_covid
2022-01-26,1,0,0.51023257,0.005612163,low_vol,post_covid
2022-01-27,1,0,0.51063514,0.007948473,low_vol,post_covid
2022-01-28,0,0,0.510451,0.000102755,low_vol,post_covid
2022-01-31,0,0,0.5106024,-0.007533143,low_vol,post_covid
2022-02-01,0,0,0.5093374,-0.001554984,low_vol,post_covid
2022-02-02,0,0,0.5082898,-0.004679434,low_vol,post_covid
2022-02-03,1,0,0.5074599,-0.005854137,low_vol,post_covid
2022-02-04,0,0,0.507602,0.001047953,low_vol,post_covid
2022-02-07,1,0,0.50885326,-0.000838242,low_vol,post_covid
2022-02-08,0,0,0.5100178,0.002512542,low_vol,post_covid
2022-02-09,1,0,0.51034737,-0.001569629,low_vol,post_covid
2022-02-10,1,0,0.51104856,0.000628195,low_vol,post_covid
2022-02-11,1,0,0.51180065,0.005531494,low_vol,post_covid
2022-02-14,0,0,0.5115679,0.003013782,low_vol,post_covid
2022-02-15,0,0,0.511857,-0.003950981,low_vol,post_covid
2022-02-16,1,0,0.51089877,-0.003025731,low_vol,post_covid
2022-02-17,1,0,0.5109291,0.00104445,low_vol,post_covid
2022-02-18,0,0,0.5095599,0.002502064,low_vol,post_covid
2022-02-22,1,0,0.5088579,-0.000104151,low_vol,post_covid
2022-02-23,1,0,0.5088949,0.001664798,low_vol,post_covid
2022-02-24,0,0,0.50944746,0.009827803,low_vol,post_covid
2022-02-25,1,0,0.50991285,-0.005367443,low_vol,post_covid
2022-02-28,1,0,0.50929904,0.000931013,low_vol,post_covid
2022-03-01,0,0,0.5087384,0.007212112,low_vol,post_covid
2022-03-02,1,0,0.5080224,-0.000205383,high_vol,post_covid
2022-03-03,1,0,0.50790644,0.004098802,low_vol,post_covid
2022-03-04,1,0,0.5078418,0.008755916,low_vol,post_covid
2022-03-07,0,0,0.5085034,0.006466622,high_vol,post_covid
2022-03-08,0,0,0.5092171,-0.002319168,high_vol,post_covid
2022-03-09,1,0,0.5090235,-0.011064381,high_vol,post_covid
2022-03-10,1,0,0.5077099,0.005496766,high_vol,post_covid
2022-03-11,0,0,0.50892866,0.006173177,high_vol,post_covid
2022-03-14,1,0,0.50856364,-0.000605563,high_vol,post_covid
2022-03-15,0,0,0.5095024,0.000100965,high_vol,post_covid
2022-03-16,0,0,0.5100963,-0.006989164,high_vol,post_covid
2022-03-17,1,0,0.51137084,-0.003767967,high_vol,post_covid
2022-03-18,1,0,0.51086694,0.002242166,high_vol,post_covid
2022-03-21,0,0,0.51056325,0.002744846,high_vol,post_covid
2022-03-22,1,1,0.51295286,-0.00010155,high_vol,post_covid
2022-03-23,1,1,0.5141278,0.00131911,high_vol,post_covid
2022-03-24,1,1,0.51465946,0.001722286,high_vol,post_covid
2022-03-25,1,1,0.514602,0.000202395,high_vol,post_covid
2022-03-28,0,1,0.5149876,0.002829702,high_vol,post_covid
2022-03-29,0,1,0.5143789,-0.006987672,high_vol,post_covid
2022-03-30,1,1,0.5133427,-0.006218488,high_vol,post_covid
2022-03-31,1,0,0.51232296,0.005303395,high_vol,post_covid
2022-04-01,1,0,0.51119846,0.003249721,high_vol,post_covid
2022-04-04,1,0,0.5112747,0.003643366,high_vol,post_covid
2022-04-05,1,0,0.51215726,0.00483729,high_vol,post_covid
2022-04-06,1,1,0.51347053,0.001306046,high_vol,post_covid
2022-04-07,1,1,0.5144263,0.001504906,high_vol,post_covid
2022-04-08,1,1,0.51394695,0.000501158,high_vol,post_covid
2022-04-11,1,1,0.5135828,0.00130173,high_vol,post_covid
2022-04-12,0,1,0.5136468,0.003596054,high_vol,post_covid
2022-04-13,1,0,0.51238483,-0.00409656,low_vol,post_covid
2022-04-14,1,0,0.5108727,0.004395636,low_vol,post_covid
2022-04-18,1,0,0.51094496,0.004574837,high_vol,post_covid
2022-04-19,0,0,0.51141745,0.001784479,high_vol,post_covid
2022-04-20,1,0,0.5108693,-0.005661795,low_vol,post_covid
2022-04-21,1,0,0.51066077,0.001890854,high_vol,post_covid
2022-04-22,1,0,0.5112874,0.006342929,low_vol,post_covid
2022-04-25,1,0,0.5115455,0.005222446,high_vol,post_covid
2022-04-26,1,0,0.5114328,0.005390878,high_vol,post_covid
2022-04-27,1,0,0.5121107,0.006333701,high_vol,post_covid
2022-04-28,0,1,0.5128795,0.006486984,high_vol,post_covid
2022-04-29,1,1,0.51280004,-0.006389833,high_vol,post_covid
2022-05-02,0,0,0.51226735,0.007547194,high_vol,post_covid
2022-05-03,0,0,0.5121023,-0.002606021,high_vol,post_covid
2022-05-04,1,1,0.5124971,-0.008541301,high_vol,post_covid
2022-05-05,0,0,0.5104841,0.011243733,high_vol,post_covid
2022-05-06,0,0,0.51083624,-0.000867811,high_vol,post_covid
2022-05-09,1,0,0.5122662,-9.65e-05,high_vol,post_covid
2022-05-10,0,0,0.51138306,0.002601501,high_vol,post_covid
2022-05-11,1,0,0.51167506,-0.000673819,high_vol,post_covid
2022-05-12,0,1,0.5125932,0.009583207,high_vol,post_covid
2022-05-13,0,0,0.5107542,-0.002769697,high_vol,post_covid
2022-05-16,0,0,0.5113843,-0.003544867,high_vol,post_covid
2022-05-17,1,0,0.51120937,-0.007998133,high_vol,post_covid
2022-05-18,0,0,0.5106887,0.004344236,high_vol,post_covid
2022-05-19,1,0,0.51050305,-0.01055543,high_vol,post_covid
2022-05-20,0,0,0.51051414,0.004177402,high_vol,post_covid
2022-05-23,0,0,0.51007605,-0.010427417,high_vol,post_covid
2022-05-24,1,0,0.5107705,-0.00215751,high_vol,post_covid
2022-05-25,0,0,0.5105548,0.001961524,high_vol,post_covid
2022-05-26,0,0,0.5098828,-0.002256078,high_vol,post_covid
2022-05-27,1,0,0.511779,-0.001572518,high_vol,post_covid
2022-05-31,1,0,0.51117724,0.000786568,high_vol,post_covid
2022-06-01,0,0,0.512178,0.00783169,high_vol,post_covid
2022-06-02,1,1,0.51301533,-0.007635182,high_vol,post_covid
2022-06-03,1,1,0.5127737,0.003629083,high_vol,post_covid
2022-06-06,0,0,0.5115514,0.00293287,high_vol,post_covid
2022-06-07,1,1,0.5125832,-0.001172131,high_vol,post_covid
2022-06-08,1,0,0.5113102,0.002147821,high_vol,post_covid
2022-06-09,1,0,0.5101571,0.006609669,high_vol,post_covid
2022-06-10,1,0,0.51109016,0.008969538,high_vol,post_covid
2022-06-13,1,0,0.5114906,0.0088898,high_vol,post_covid
2022-06-14,0,0,0.5114272,0.004178494,high_vol,post_covid
2022-06-15,0,1,0.5128396,-0.003417442,high_vol,post_covid
2022-06-16,1,0,0.5117824,-0.014656198,high_vol,post_covid
2022-06-17,0,0,0.50971246,0.010272252,high_vol,post_covid
2022-06-21,0,0,0.5076501,-0.002486322,high_vol,post_covid
2022-06-22,1,0,0.5075333,-0.002300667,high_vol,post_covid
2022-06-23,0,0,0.50655556,0.002204893,high_vol,post_covid
2022-06-24,0,0,0.50653815,-0.002300815,high_vol,post_covid
2022-06-27,1,0,0.5082903,-0.002402346,high_vol,post_covid
2022-06-28,1,0,0.5084545,0.005468948,high_vol,post_covid
2022-06-29,0,0,0.50987417,0.005724646,high_vol,post_covid
2022-06-30,1,0,0.5110434,-0.004003801,high_vol,post_covid
2022-07-01,1,0,0.51045287,0.004289164,high_vol,post_covid
2022-07-05,1,0,0.50923806,0.012852196,high_vol,post_covid
2022-07-06,1,0,0.50901634,0.005617978,high_vol,post_covid
2022-07-07,0,0,0.5088402,0.000280061,high_vol,post_covid
2022-07-08,1,0,0.50867355,-0.001120717,high_vol,post_covid
2022-07-11,1,0,0.50916314,0.009394056,high_vol,post_covid
2022-07-12,0,0,0.50867486,0.000462798,high_vol,post_covid
2022-07-13,1,0,0.50779617,-0.001018383,high_vol,post_covid
2022-07-14,0,0,0.50692344,0.005357997,high_vol,post_covid
2022-07-15,0,0,0.50639564,-0.004432171,high_vol,post_covid
2022-07-18,0,0,0.5064237,-0.006405767,high_vol,post_covid
2022-07-19,1,0,0.50587946,-0.006447137,high_vol,post_covid
2022-07-20,0,0,0.506777,0.003742534,high_vol,post_covid
2022-07-21,0,0,0.50800556,-0.001588842,high_vol,post_covid
2022-07-22,0,0,0.5081013,-0.001685081,high_vol,post_covid
2022-07-25,1,0,0.5082905,-0.002345107,high_vol,post_covid
2022-07-26,0,0,0.50908136,0.006645778,high_vol,post_covid
2022-07-27,0,0,0.50997317,-0.006927621,high_vol,post_covid
2022-07-28,0,0,0.5093558,-0.000939835,high_vol,post_covid
2022-07-29,0,0,0.5094086,-0.00424026,high_vol,post_covid
2022-08-01,1,0,0.50887114,-0.004258389,high_vol,post_covid
2022-08-02,1,0,0.50866807,0.007463788,high_vol,post_covid
2022-08-03,0,0,0.5089119,0.002538232,high_vol,post_covid
2022-08-04,1,0,0.51042145,-0.007728593,high_vol,post_covid
2022-08-05,0,0,0.50999326,0.008760833,high_vol,post_covid
2022-08-08,0,0,0.5099392,-0.001689668,high_vol,post_covid
2022-08-09,0,0,0.5106047,-0.000657861,high_vol,post_covid
2022-08-10,0,0,0.5091833,-0.011060337,high_vol,post_covid
2022-08-11,1,0,0.50826675,-0.00104618,high_vol,post_covid
2022-08-12,1,0,0.50907946,0.005125305,high_vol,post_covid
2022-08-15,0,0,0.5079937,0.008671991,high_vol,post_covid
2022-08-16,1,0,0.50828624,-0.000469402,high_vol,post_covid
2022-08-17,1,0,0.5086807,0.000657058,high_vol,post_covid
2022-08-18,1,0,0.50951606,0.008502772,high_vol,post_covid
2022-08-19,1,0,0.50885665,0.006399232,high_vol,post_covid
2022-08-22,0,0,0.5094644,0.008102474,high_vol,post_covid
2022-08-23,1,0,0.50954735,-0.003950943,high_vol,post_covid
2022-08-24,0,0,0.5095409,0.000552209,high_vol,post_covid
2022-08-25,1,0,0.5079987,-0.001934139,high_vol,post_covid
2022-08-26,1,0,0.50670075,0.003037714,high_vol,post_covid
2022-08-29,0,0,0.50586396,0.000367518,high_vol,post_covid
2022-08-30,0,0,0.506607,-0.00064335,high_vol,post_covid
2022-08-31,1,0,0.5071818,-0.000643764,high_vol,post_covid
2022-09-01,0,0,0.5077723,0.009066462,high_vol,post_covid
2022-09-02,1,0,0.50978,-0.001459754,high_vol,post_covid
2022-09-06,0,0,0.5105477,0.006189155,high_vol,post_covid
2022-09-07,0,0,0.51083976,-0.0033629,high_vol,post_covid
2022-09-08,0,0,0.5110701,-0.001184216,high_vol,post_covid
2022-09-09,0,0,0.51033974,-0.00649263,high_vol,post_covid
2022-09-12,1,0,0.50941694,-0.006165741,high_vol,post_covid
2022-09-13,0,0,0.5096984,0.013660518,high_vol,post_covid
2022-09-14,1,0,0.5095005,-0.001457956,high_vol,post_covid
2022-09-15,1,0,0.5110303,0.000729209,high_vol,post_covid
2022-09-16,0,0,0.51047105,0.000182271,high_vol,post_covid
2022-09-19,1,0,0.5115052,-0.000182271,high_vol,post_covid
2022-09-20,1,0,0.51175296,0.004364467,high_vol,post_covid
2022-09-21,1,0,0.51176006,0.003803302,high_vol,post_covid
2022-09-22,1,1,0.5127099,0.006396698,high_vol,post_covid
2022-09-23,1,1,0.5134775,0.016389464,high_vol,post_covid
2022-09-26,1,1,0.5133411,0.008007399,high_vol,post_covid
2022-09-27,0,1,0.513436,8.77e-05,high_vol,post_covid
2022-09-28,0,1,0.51267153,-0.013321199,high_vol,post_covid
2022-09-29,0,0,0.5100244,-0.003113176,high_vol,post_covid
2022-09-30,0,0,0.5071081,-0.001158776,high_vol,post_covid
2022-10-03,0,0,0.50667894,-0.003305517,high_vol,post_covid
2022-10-04,1,0,0.5061087,-0.015147709,high_vol,post_covid
2022-10-05,1,0,0.50542533,0.009044106,high_vol,post_covid
2022-10-06,1,0,0.50810635,0.010656998,high_vol,post_covid
2022-10-07,1,0,0.510286,0.004798738,high_vol,post_covid
2022-10-10,1,0,0.51152056,0.003009618,high_vol,post_covid
2022-10-11,1,1,0.51239777,0.000706855,high_vol,post_covid
2022-10-12,0,1,0.5141928,0.000882833,high_vol,post_covid
2022-10-13,1,0,0.5122363,-0.008507665,high_vol,post_covid
2022-10-14,0,0,0.511454,0.008419396,high_vol,post_covid
2022-10-17,1,0,0.5111945,-0.011271445,high_vol,post_covid
2022-10-18,1,0,0.5115236,0.000802929,high_vol,post_covid
2022-10-19,0,0,0.5098364,0.007551954,high_vol,post_covid
2022-10-20,0,0,0.5109991,-0.000885558,high_vol,post_covid
2022-10-21,0,1,0.51314265,-0.007737111,high_vol,post_covid
2022-10-24,0,0,0.5123952,-0.00017861,high_vol,post_covid
2022-10-25,0,1,0.5131745,-0.009329941,high_vol,post_covid
2022-10-26,1,1,0.5131482,-0.011330282,high_vol,post_covid
2022-10-27,1,0,0.5115654,0.008080297,high_vol,post_covid
2022-10-28,1,0,0.5108766,0.000723148,high_vol,post_covid
2022-10-31,0,0,0.5122069,0.007740818,high_vol,post_covid
2022-11-01,0,0,0.5123912,-0.000448369,high_vol,post_covid
2022-11-02,1,1,0.512811,-0.001166853,high_vol,post_covid
2022-11-03,0,1,0.5131962,0.01408978,high_vol,post_covid
2022-11-04,0,1,0.5127332,-0.01831965,high_vol,post_covid
2022-11-07,0,0,0.5120881,-0.006877805,high_vol,post_covid
2022-11-08,1,0,0.50938123,-0.004550841,high_vol,post_covid
2022-11-09,0,0,0.509245,0.00844807,high_vol,post_covid
2022-11-10,0,0,0.50899965,-0.02139416,high_vol,post_covid
2022-11-11,1,0,0.50688785,-0.017902559,high_vol,post_covid
2022-11-14,0,0,0.50596356,0.003475023,high_vol,post_covid
2022-11-15,0,0,0.5064434,-0.002440648,high_vol,post_covid
2022-11-16,1,0,0.5072669,-0.001128482,high_vol,post_covid
2022-11-17,1,0,0.50660324,0.003850347,high_vol,post_covid
2022-11-18,1,0,0.51026255,0.002246962,high_vol,post_covid
2022-11-21,0,0,0.511362,0.008474196,high_vol,post_covid
2022-11-22,0,0,0.5105637,-0.005765803,high_vol,post_covid
2022-11-23,0,0,0.50997806,-0.010689266,high_vol,post_covid
2022-11-25,1,0,0.50933635,-0.001131888,high_vol,post_covid
2022-11-28,1,0,0.50714207,0.006772046,high_vol,post_covid
2022-11-29,0,0,0.50639147,0.00131147,high_vol,post_covid
2022-11-30,0,0,0.50669897,-0.008177916,high_vol,post_covid
2022-12-01,0,0,0.50635374,-0.011581614,high_vol,post_covid
2022-12-02,1,0,0.5059206,-0.001720187,high_vol,post_covid
2022-12-05,1,0,0.5045562,0.007053001,high_vol,post_covid
2022-12-06,0,0,0.50602055,0.00275052,high_vol,post_covid
2022-12-07,0,0,0.50751686,-0.004556713,high_vol,post_covid
2022-12-08,1,0,0.50792617,-0.003144824,high_vol,post_covid
2022-12-09,1,0,0.5085942,0.000381725,high_vol,post_covid
2022-12-12,0,0,0.50926936,0.00304849,high_vol,post_covid
2022-12-13,0,0,0.5093438,-0.010999048,high_vol,post_covid
2022-12-14,1,0,0.5095879,-0.002021726,high_vol,post_covid
2022-12-15,1,0,0.50875056,0.007584167,high_vol,post_covid
2022-12-16,1,0,0.50879204,0.001338043,high_vol,post_covid
2022-12-19,0,0,0.5097301,0.000191045,high_vol,post_covid
2022-12-20,1,0,0.5097735,-0.007187726,high_vol,post_covid
2022-12-21,1,0,0.51145667,0.001825806,high_vol,post_covid
2022-12-22,0,0,0.51097953,0.00258878,high_vol,post_covid
2022-12-23,0,0,0.51099855,-0.001149782,high_vol,post_covid
2022-12-27,1,0,0.51200193,-0.001247036,high_vol,post_covid
2022-12-28,0,0,0.5122748,0.002684039,high_vol,post_covid
2022-12-29,0,1,0.51251656,-0.005952997,high_vol,post_covid
2022-12-30,1,1,0.5125022,-0.003086419,high_vol,post_covid
2023-01-03,0,0,0.512385,0.00961361,high_vol,post_covid
2023-01-04,1,1,0.51248926,-0.002586548,high_vol,post_covid
2023-01-05,0,0,0.51165044,0.007549378,high_vol,post_covid
2023-01-06,0,0,0.51070035,-0.011104878,high_vol,post_covid
2023-01-09,1,0,0.51070666,-0.008507372,high_vol,post_covid
2023-01-10,0,0,0.50879735,0.002327366,high_vol,post_covid
2023-01-11,0,0,0.508171,-0.000484381,high_vol,post_covid
2023-01-12,0,0,0.5091068,-0.009151178,high_vol,post_covid
2023-01-13,1,0,0.50822973,-0.000489147,high_vol,post_covid
2023-01-17,0,0,0.5092565,0.001857398,high_vol,post_covid
2023-01-18,0,0,0.51009125,-0.000293028,high_vol,post_covid
2023-01-19,0,0,0.5100188,-0.002935166,high_vol,post_covid
2023-01-20,1,0,0.5102531,-0.000489983,high_vol,post_covid
2023-01-23,0,0,0.511759,0.001273547,high_vol,post_covid
2023-01-24,0,0,0.51179856,-0.002156241,high_vol,post_covid
2023-01-25,1,0,0.51132727,-0.002751021,high_vol,post_covid
2023-01-26,1,0,0.5113798,0.001965766,high_vol,post_covid
2023-01-27,1,0,0.5111898,0.000883388,high_vol,post_covid
2023-01-30,0,0,0.5108603,0.003427832,high_vol,post_covid
2023-01-31,0,0,0.51075584,-0.001761428,high_vol,post_covid
2023-02-01,1,0,0.511229,-0.008656332,high_vol,post_covid
2023-02-02,1,0,0.5101222,0.005222446,high_vol,post_covid
2023-02-03,1,0,0.5094341,0.011433145,high_vol,post_covid
2023-02-06,0,0,0.5102323,0.006778418,high_vol,post_covid
2023-02-07,0,0,0.5118491,-0.00183533,high_vol,post_covid
2023-02-08,0,0,0.5119076,-0.000193354,high_vol,post_covid
2023-02-09,1,1,0.51259273,-0.00183906,high_vol,post_covid
2023-02-10,0,0,0.51205117,0.003964192,high_vol,post_covid
2023-02-13,0,0,0.511628,-0.002705565,high_vol,post_covid
2023-02-14,1,0,0.51109564,-0.00116173,high_vol,post_covid
2023-02-15,0,0,0.5113561,0.006661814,high_vol,post_covid
2023-02-16,0,0,0.511308,-0.00057751,high_vol,post_covid
2023-02-17,1,0,0.5123947,0.0,high_vol,post_covid
2023-02-21,1,0,0.51183957,0.003076331,high_vol,post_covid
2023-02-22,1,1,0.51306057,0.003927735,high_vol,post_covid
2023-02-23,1,1,0.5135006,9.56e-05,high_vol,post_covid
2023-02-24,0,1,0.51285905,0.005814807,high_vol,post_covid
2023-02-27,1,1,0.5131547,-0.005145818,high_vol,post_covid
2023-02-28,0,1,0.51332724,0.001908988,high_vol,post_covid
2023-03-01,1,0,0.5119924,-0.003725816,high_vol,post_covid
2023-03-02,0,0,0.51183635,0.005250314,high_vol,post_covid
2023-03-03,0,1,0.5127919,-0.004867603,high_vol,post_covid
2023-03-06,1,0,0.5122315,-0.00162779,high_vol,post_covid
2023-03-07,1,0,0.51214623,0.012097154,high_vol,post_covid
2023-03-08,0,1,0.512463,0.000378653,high_vol,post_covid
2023-03-09,0,1,0.5134038,-0.003318068,high_vol,post_covid
2023-03-10,0,0,0.5120426,-0.006956012,high_vol,post_covid
2023-03-13,0,0,0.51173615,-0.009415031,high_vol,post_covid
2023-03-14,1,0,0.51023304,0.0,high_vol,post_covid
2023-03-15,0,0,0.5094517,0.010084148,high_vol,post_covid
2023-03-16,0,0,0.5111672,-0.002200253,high_vol,post_covid
2023-03-17,0,0,0.5121831,-0.006822677,high_vol,post_covid
2023-03-20,0,1,0.51242226,-0.004154799,high_vol,post_covid
2023-03-21,0,1,0.5124045,-0.000193635,high_vol,post_covid
2023-03-22,1,1,0.51323825,-0.008851803,high_vol,post_covid
2023-03-23,1,1,0.5132417,0.00175713,high_vol,post_covid
2023-03-24,0,1,0.51312965,0.005737958,high_vol,post_covid
2023-03-27,0,1,0.5140072,-0.002524539,high_vol,post_covid
2023-03-28,1,1,0.5152318,-0.004189205,high_vol,post_covid
2023-03-29,0,1,0.5153902,0.002048073,high_vol,post_covid
2023-03-30,1,1,0.5161652,-0.004883299,high_vol,post_covid
2023-03-31,0,1,0.51631016,0.00361596,high_vol,post_covid
2023-04-03,0,1,0.51523036,-0.004105634,high_vol,post_covid
2023-04-04,1,1,0.51539344,-0.004909672,high_vol,post_covid
2023-04-05,0,1,0.5145234,0.002556059,high_vol,post_covid
2023-04-06,1,1,0.51300865,-0.000294582,high_vol,post_covid
2023-04-10,0,1,0.51373154,0.007436454,high_vol,post_covid
2023-04-11,0,1,0.514438,-0.003711352,high_vol,post_covid
2023-04-12,0,1,0.5153939,-0.006872849,high_vol,post_covid
2023-04-13,1,1,0.51465577,-0.004839255,high_vol,post_covid
2023-04-14,1,1,0.5143122,0.005331775,high_vol,post_covid
2023-04-17,0,1,0.51419526,0.005401392,high_vol,post_covid
2023-04-18,1,1,0.5150124,-0.003433886,high_vol,post_covid
2023-04-19,0,1,0.51504695,0.00215984,high_vol,post_covid
2023-04-20,0,1,0.51489794,-0.001275746,high_vol,post_covid
2023-04-21,0,1,0.5151472,-0.000196373,high_vol,post_covid
2023-04-24,1,1,0.5141422,-0.004626688,high_vol,post_covid
2023-04-25,0,1,0.5138465,0.00501947,high_vol,post_covid
2023-04-26,1,1,0.513409,-0.003836127,high_vol,post_covid
2023-04-27,1,1,0.51317805,0.000295598,high_vol,post_covid
2023-04-28,1,1,0.51341283,0.001673458,high_vol,post_covid
2023-05-01,0,1,0.5132109,0.00471008,high_vol,post_covid
2023-05-02,0,1,0.51417494,-0.001861766,high_vol,post_covid
2023-05-03,1,1,0.5137027,-0.006099407,high_vol,post_covid
2023-05-04,0,1,0.5130107,0.000591942,high_vol,post_covid
2023-05-05,1,1,0.51244587,-0.001875549,high_vol,post_covid
2023-05-08,1,1,0.5125012,0.001579659,high_vol,post_covid
2023-05-09,0,1,0.5127019,0.002659936,high_vol,post_covid
2023-05-10,1,1,0.5136946,-0.001575385,high_vol,post_covid
2023-05-11,1,1,0.51384044,0.005699084,high_vol,post_covid
2023-05-12,0,1,0.5135856,0.006056507,high_vol,post_covid
2023-05-15,1,1,0.5143179,-0.002437718,high_vol,post_covid
2023-05-16,1,1,0.5138949,0.001268328,high_vol,post_covid
2023-05-17,1,1,0.5131369,0.003115264,high_vol,post_covid
2023-05-18,0,1,0.51389724,0.006781045,high_vol,post_covid
2023-05-19,0,1,0.5137883,-0.003675455,high_vol,post_covid
2023-05-22,1,1,0.51363635,0.0,high_vol,post_covid
2023-05-23,1,1,0.513157,0.002806146,high_vol,post_covid
2023-05-24,1,1,0.5136034,0.003857672,high_vol,post_covid
2023-05-25,0,1,0.5136825,0.003075444,low_vol,post_covid
2023-05-26,0,1,0.5138299,0.0,low_vol,post_covid
2023-05-30,1,1,0.5143997,-0.000383923,low_vol,post_covid
2023-05-31,0,1,0.51369244,0.001438933,low_vol,post_covid
2023-06-01,1,1,0.5130012,-0.007311964,low_vol,post_covid
2023-06-02,0,0,0.5121993,0.004432025,low_vol,post_covid
2023-06-05,1,0,0.5116989,-0.000192257,low_vol,post_covid
2023-06-06,0,1,0.5125993,0.001249193,low_vol,post_covid
2023-06-07,0,1,0.51274186,-0.000288131,low_vol,post_covid
2023-06-08,1,1,0.5131584,-0.007327474,low_vol,post_covid
2023-06-09,1,1,0.514043,0.002126644,low_vol,post_covid
2023-06-12,0,1,0.5130169,0.000675705,low_vol,post_covid
2023-06-13,0,1,0.5139601,-0.002802349,low_vol,post_covid
2023-06-14,0,1,0.51444143,-0.003198396,low_vol,post_covid
2023-06-15,1,1,0.5144922,-0.008677472,low_vol,post_covid
2023-06-16,1,1,0.5143418,0.001761084,high_vol,post_covid
2023-06-20,0,1,0.51406914,0.002343272,low_vol,post_covid
2023-06-21,1,1,0.51421887,-0.004594126,low_vol,post_covid
2023-06-22,1,1,0.5146535,0.003130196,low_vol,post_covid
2023-06-23,0,1,0.5148525,0.004968612,low_vol,post_covid
2023-06-26,0,1,0.51598054,-0.002042893,low_vol,post_covid
2023-06-27,1,1,0.5153456,-0.001949553,low_vol,post_covid
2023-06-28,1,1,0.5148961,0.004089643,low_vol,post_covid
2023-06-29,0,1,0.51493025,0.004169632,low_vol,post_covid
2023-06-30,1,1,0.51471794,-0.004169632,low_vol,post_covid
2023-07-03,1,1,0.5139841,0.00077702,low_vol,post_covid
2023-07-05,0,1,0.5136101,0.003682936,low_vol,post_covid
2023-07-06,0,1,0.5140258,-0.001936716,low_vol,post_covid
2023-07-07,0,1,0.51396364,-0.008761753,low_vol,post_covid
2023-07-10,0,1,0.51310164,-0.002937678,high_vol,post_covid
2023-07-11,0,1,0.51292914,-0.002356387,high_vol,post_covid
2023-07-12,0,1,0.5129686,-0.011965599,low_vol,post_covid
2023-07-13,1,0,0.51156753,-0.007489176,high_vol,post_covid
2023-07-14,0,0,0.5102965,0.001402314,high_vol,post_covid
2023-07-17,1,0,0.5115455,-0.000700949,high_vol,post_covid
2023-07-18,1,0,0.51212144,0.001001162,high_vol,post_covid
2023-07-19,1,1,0.5129271,0.003396231,high_vol,post_covid
2023-07-20,1,1,0.5141153,0.005965403,high_vol,post_covid
2023-07-21,1,1,0.5155548,0.001881679,high_vol,post_covid
2023-07-24,0,1,0.51478046,0.002766515,high_vol,post_covid
2023-07-25,0,1,0.5143047,0.0,high_vol,post_covid
2023-07-26,1,1,0.51374304,-0.004549049,high_vol,post_covid
2023-07-27,0,0,0.5121552,0.008684524,high_vol,post_covid
2023-07-28,1,0,0.51112515,-0.001474939,high_vol,post_covid
2023-07-31,1,0,0.5116189,0.002358934,high_vol,post_covid
2023-08-01,1,0,0.5103999,0.004310375,high_vol,post_covid
2023-08-02,0,0,0.51048,0.002830724,high_vol,post_covid
2023-08-03,0,0,0.51225036,-0.000487451,high_vol,post_covid
2023-08-04,1,0,0.5118601,-0.005084136,high_vol,post_covid
2023-08-07,1,0,0.5122573,0.00029408,high_vol,post_covid
2023-08-08,0,0,0.5121117,0.004692508,high_vol,post_covid
2023-08-09,1,0,0.51232636,-0.000390215,high_vol,post_covid
2023-08-10,1,0,0.51215816,0.000292657,high_vol,post_covid
2023-08-11,1,1,0.5125014,0.003116478,low_vol,post_covid
2023-08-14,1,1,0.51370054,0.003397626,low_vol,post_covid
2023-08-15,1,1,0.51421195,0.000193766,low_vol,post_covid
2023-08-16,1,1,0.5143943,0.002032611,low_vol,post_covid
2023-08-17,0,1,0.5149107,0.000193409,low_vol,post_covid
2023-08-18,0,1,0.51488274,-0.000580265,low_vol,post_covid
2023-08-21,1,1,0.51421124,-0.000483725,low_vol,post_covid
2023-08-22,0,1,0.5139476,0.002223363,low_vol,post_covid
2023-08-23,1,1,0.5142015,-0.001933085,low_vol,post_covid
2023-08-24,1,1,0.51360357,0.005980559,low_vol,post_covid
2023-08-25,0,1,0.51323396,0.000961247,low_vol,post_covid
2023-08-28,0,1,0.5140226,-0.000192219,low_vol,post_covid
2023-08-29,0,1,0.5135423,-0.004913015,low_vol,post_covid
2023-08-30,1,1,0.5125899,-0.003773401,low_vol,post_covid
2023-08-31,1,1,0.5124528,0.004449171,low_vol,post_covid
2023-09-01,1,0,0.5119,0.005965524,low_vol,post_covid
2023-09-05,1,1,0.5127706,0.005453252,low_vol,post_covid
2023-09-06,1,1,0.51342636,0.000476969,low_vol,post_covid
2023-09-07,1,1,0.514316,0.001905459,low_vol,post_covid
2023-09-08,0,1,0.51407206,0.000285499,low_vol,post_covid
2023-09-11,1,1,0.5137401,-0.00496039,low_vol,post_covid
2023-09-12,1,1,0.5129395,0.001337915,low_vol,post_covid
2023-09-13,1,0,0.5121998,0.000572824,low_vol,post_covid
2023-09-14,0,1,0.5125671,0.006090104,low_vol,post_covid
2023-09-15,0,1,0.5127491,-0.000854211,low_vol,post_covid
2023-09-18,0,1,0.51326543,-0.00114006,low_vol,post_covid
2023-09-19,0,1,0.5133877,0.0,low_vol,post_covid
2023-09-20,1,1,0.513655,-0.000380237,low_vol,post_covid
2023-09-21,1,1,0.51398814,0.001900029,low_vol,post_covid
2023-09-22,1,1,0.5140966,0.002085914,low_vol,post_covid
2023-09-25,1,1,0.51523685,0.003970117,low_vol,post_covid
2023-09-26,1,1,0.5155102,0.002167492,low_vol,post_covid
2023-09-27,0,1,0.5161043,0.004133353,low_vol,post_covid
2023-09-28,0,1,0.5164083,-0.004227513,low_vol,post_covid
2023-09-29,1,1,0.5162765,-0.000470861,low_vol,post_covid
2023-10-02,1,1,0.5158553,0.006852267,low_vol,post_covid
2023-10-03,0,1,0.5164313,0.000935002,low_vol,post_covid
2023-10-04,0,1,0.5177579,-0.001870879,low_vol,post_covid
2023-10-05,0,1,0.5174124,-0.004410472,low_vol,post_covid
2023-10-06,1,1,0.51759106,-0.002731093,low_vol,post_covid
2023-10-09,0,1,0.51763856,0.000377154,low_vol,post_covid
2023-10-10,0,1,0.5172566,-0.002359493,low_vol,post_covid
2023-10-11,1,1,0.517101,-9.45e-05,low_vol,post_covid
2023-10-12,1,1,0.51727617,0.007062509,low_vol,post_covid
2023-10-13,0,1,0.5178788,0.000750416,low_vol,post_covid
2023-10-16,1,1,0.51807815,-0.003851794,low_vol,post_covid
2023-10-17,1,1,0.5173616,9.41e-05,low_vol,post_covid
2023-10-18,0,1,0.51904494,0.003007236,low_vol,post_covid
2023-10-19,0,1,0.519149,-0.003007236,low_vol,post_covid
2023-10-20,0,1,0.51820004,-0.000847383,low_vol,post_covid
2023-10-23,1,1,0.51665944,-0.005857388,low_vol,post_covid
2023-10-24,1,1,0.51425993,0.006892957,low_vol,post_covid
2023-10-25,1,1,0.51311034,0.00244363,low_vol,post_covid
2023-10-26,0,1,0.5145035,0.000656873,low_vol,post_covid
2023-10-27,0,1,0.51412123,-0.000375314,low_vol,post_covid
2023-10-30,1,1,0.5151868,-0.004137629,low_vol,post_covid
2023-10-31,1,1,0.5167647,0.005075684,low_vol,post_covid
2023-11-01,0,1,0.51627046,0.002060445,low_vol,post_covid
2023-11-02,0,1,0.5154333,-0.007136129,low_vol,post_covid
2023-11-03,1,1,0.51516926,-0.010419779,low_vol,post_covid
2023-11-06,1,1,0.51392275,0.001902632,high_vol,post_covid
2023-11-07,1,1,0.51486105,0.003036629,high_vol,post_covid
2023-11-08,1,1,0.5151768,0.000473598,high_vol,post_covid
2023-11-09,0,1,0.51540387,0.003026076,low_vol,post_covid
2023-11-10,0,1,0.5168192,-0.000472239,low_vol,post_covid
2023-11-13,0,1,0.51789004,-0.001891046,low_vol,post_covid
2023-11-14,1,1,0.51780945,-0.014778388,low_vol,post_covid
2023-11-15,0,1,0.5162634,0.002685841,high_vol,post_covid
2023-11-16,0,1,0.5158689,-0.000191575,high_vol,post_covid
2023-11-17,0,1,0.5153432,-0.005283677,high_vol,post_covid
2023-11-20,1,1,0.5143982,-0.0033769,high_vol,post_covid
2023-11-21,1,1,0.5142008,0.001159037,high_vol,post_covid
2023-11-22,0,1,0.515807,0.00318059,high_vol,post_covid
2023-11-24,0,1,0.5150446,-0.005016378,high_vol,post_covid
2023-11-27,0,1,0.5156472,-0.001936153,high_vol,post_covid
2023-11-28,1,1,0.5153551,-0.00436997,high_vol,post_covid
2023-11-29,1,1,0.5153364,0.000194596,high_vol,post_covid
2023-11-30,0,1,0.51405233,0.007078164,high_vol,post_covid
2023-12-01,1,1,0.5144979,-0.002224728,high_vol,post_covid
2023-12-04,1,1,0.5146904,0.003576465,high_vol,post_covid
2023-12-05,1,1,0.5139911,0.003948232,high_vol,post_covid
2023-12-06,0,1,0.51485443,0.0009606,high_vol,post_covid
2023-12-07,1,1,0.514627,-0.005874162,high_vol,post_covid
2023-12-08,1,1,0.5137689,0.004529049,high_vol,post_covid
2023-12-11,0,1,0.5144454,0.000864892,high_vol,post_covid
2023-12-12,0,1,0.5149821,-0.002211817,high_vol,post_covid
2023-12-13,0,1,0.5148487,-0.009674062,high_vol,post_covid
2023-12-14,1,1,0.51385385,-0.008885511,high_vol,post_covid
2023-12-15,0,1,0.51368624,0.005769944,high_vol,post_covid
2023-12-18,0,1,0.5126713,-0.000390139,high_vol,post_covid
2023-12-19,1,1,0.51429725,-0.003322301,high_vol,post_covid
2023-12-20,0,1,0.5146204,0.002346325,high_vol,post_covid
2023-12-21,0,1,0.51568323,-0.005581482,high_vol,post_covid
2023-12-22,0,1,0.5163471,-0.001375645,high_vol,post_covid
2023-12-26,0,1,0.5156337,-0.002264073,high_vol,post_covid
2023-12-27,1,1,0.5154412,-0.004741719,high_vol,post_covid
2023-12-28,1,1,0.5153347,0.002373708,high_vol,post_covid
2023-12-29,1,1,0.51455593,0.000987347,high_vol,post_covid
2024-01-02,1,1,0.51525253,0.008549112,high_vol,post_covid
2024-01-03,0,1,0.5159697,0.002540822,high_vol,post_covid
2024-01-04,0,1,0.515961,-0.000390481,high_vol,post_covid
2024-01-05,0,1,0.51638424,-9.76e-05,high_vol,post_covid
2024-01-08,1,1,0.515483,-0.001954888,high_vol,post_covid
2024-01-09,0,1,0.5148568,0.003515978,high_vol,post_covid
2024-01-10,0,1,0.5139354,-0.002049472,high_vol,post_covid
2024-01-11,1,1,0.51394254,-0.000684092,high_vol,post_covid
2024-01-12,1,1,0.51327294,0.001074802,high_vol,post_covid
2024-01-16,1,1,0.5132182,0.009331318,low_vol,post_covid
2024-01-17,1,1,0.5139038,0.000870329,high_vol,post_covid
2024-01-18,0,1,0.51497173,0.000869646,high_vol,post_covid
2024-01-19,1,1,0.5152036,-0.002417445,high_vol,post_covid
2024-01-22,1,1,0.51501065,0.000387193,high_vol,post_covid
2024-01-23,0,1,0.5147028,0.00280262,low_vol,post_covid
2024-01-24,1,1,0.51399225,-0.003674034,low_vol,post_covid
2024-01-25,0,1,0.514183,0.003191355,low_vol,post_covid
2024-01-26,1,1,0.5138262,-0.000965982,low_vol,post_covid
2024-01-29,0,1,0.51400757,0.001352129,low_vol,post_covid
2024-01-30,0,1,0.513993,-0.002028879,low_vol,post_covid
2024-01-31,0,1,0.5137096,-0.001258092,low_vol,post_covid
2024-02-01,1,1,0.5137168,-0.002132548,low_vol,post_covid
2024-02-02,1,1,0.51309115,0.008407018,low_vol,post_covid
2024-02-05,0,1,0.5137991,0.005087104,low_vol,post_covid
2024-02-06,0,1,0.515214,-0.002588284,low_vol,post_covid
2024-02-07,1,1,0.5150799,-0.001344726,low_vol,post_covid
2024-02-08,0,1,0.5142984,0.001056733,low_vol,post_covid
2024-02-09,1,1,0.51484287,-0.000672331,low_vol,post_covid
2024-02-12,1,1,0.51377994,0.000864311,low_vol,post_covid
2024-02-13,0,1,0.51341033,0.007555154,low_vol,post_covid
2024-02-14,0,1,0.5146817,-0.002289183,low_vol,post_covid
2024-02-15,0,1,0.5152213,-0.004018742,low_vol,post_covid
2024-02-16,0,1,0.5138922,-0.000191814,low_vol,post_covid
2024-02-20,0,1,0.51398104,-0.001919726,low_vol,post_covid
2024-02-21,0,1,0.5144838,-0.000672783,low_vol,post_covid
2024-02-22,0,1,0.51379603,-0.000480868,low_vol,post_covid
2024-02-23,0,1,0.51482224,-0.000192368,low_vol,post_covid
2024-02-26,0,1,0.51530755,-0.001058869,low_vol,post_covid
2024-02-27,1,1,0.5150044,0.0,low_vol,post_covid
2024-02-28,1,1,0.515584,0.001443641,low_vol,post_covid
2024-02-29,0,1,0.5156653,0.001729608,low_vol,post_covid
2024-03-01,0,1,0.515769,-0.002884369,low_vol,post_covid
2024-03-04,0,1,0.51539433,-0.00028888,low_vol,post_covid
2024-03-05,0,1,0.5151457,-0.000288964,low_vol,post_covid
2024-03-06,0,1,0.51528865,-0.004151189,low_vol,post_covid
2024-03-07,0,1,0.5139567,-0.005334927,low_vol,post_covid
2024-03-08,1,1,0.51264757,-0.000778379,low_vol,post_covid
2024-03-11,1,1,0.51245457,0.001264578,low_vol,post_covid
2024-03-12,0,1,0.5124401,0.000874473,low_vol,post_covid
2024-03-13,1,1,0.5140109,-0.001652473,low_vol,post_covid
2024-03-14,1,1,0.5155517,0.005529965,low_vol,post_covid
2024-03-15,1,1,0.5168178,0.000677012,low_vol,post_covid
2024-03-18,1,1,0.5173248,0.00144922,low_vol,post_covid
2024-03-19,0,1,0.5174623,0.002218003,low_vol,post_covid
2024-03-20,1,1,0.5167692,-0.003860577,low_vol,post_covid
2024-03-21,1,1,0.51604676,0.005689195,low_vol,post_covid
2024-03-22,0,1,0.5146971,0.004126094,low_vol,post_covid
2024-03-25,1,1,0.5144982,-0.001916965,low_vol,post_covid
2024-03-26,1,1,0.5150926,0.000575461,low_vol,post_covid
2024-03-27,1,1,0.5146012,0.00057513,low_vol,post_covid
2024-03-28,1,1,0.5142993,0.001914836,low_vol,post_covid
2024-04-01,0,1,0.51411855,0.004485321,low_vol,post_covid
2024-04-02,0,1,0.5153139,-0.001906186,low_vol,post_covid
2024-04-03,0,1,0.51589596,-0.00545273,low_vol,post_covid
2024-04-04,1,1,0.5152716,-0.001247754,low_vol,post_covid
2024-04-05,0,1,0.5137315,0.001727285,low_vol,post_covid
2024-04-08,1,1,0.5138505,-0.001535249,low_vol,post_covid
2024-04-09,1,1,0.5131739,9.6e-05,low_vol,post_covid
2024-04-10,1,0,0.51211387,0.01050629,low_vol,post_covid
2024-04-11,1,1,0.5143171,0.000284983,low_vol,post_covid
2024-04-12,1,1,0.51507175,0.007192934,low_vol,post_covid
2024-04-15,1,1,0.5139875,0.001601868,low_vol,post_covid
2024-04-16,0,1,0.51562643,0.000470683,low_vol,post_covid
2024-04-17,1,1,0.5162867,-0.002921685,low_vol,post_covid
2024-04-18,0,1,0.51361674,0.001885947,low_vol,post_covid
2024-04-19,0,1,0.5140499,0.0,low_vol,post_covid
2024-04-22,0,1,0.51392466,-0.000659659,low_vol,post_covid
2024-04-23,1,1,0.5128582,-0.00368324,low_vol,post_covid
2024-04-24,0,1,0.5131574,0.001607168,low_vol,post_covid
2024-04-25,1,1,0.5144348,-0.002459115,low_vol,post_covid
2024-04-26,0,1,0.51527464,0.003214562,low_vol,post_covid
2024-04-29,1,1,0.5155364,-0.003403942,low_vol,post_covid
2024-04-30,0,1,0.51579803,0.00604345,low_vol,post_covid
2024-05-01,0,1,0.51707697,-0.00434003,low_vol,post_covid
2024-05-02,0,1,0.5165366,-0.004358948,low_vol,post_covid
2024-05-03,1,1,0.5159457,-0.002567436,low_vol,post_covid
2024-05-06,1,1,0.5154104,0.000190444,low_vol,post_covid
2024-05-07,1,1,0.51630366,0.003421087,low_vol,post_covid
2024-05-08,0,1,0.51543367,0.00132726,low_vol,post_covid
2024-05-09,1,1,0.5166298,-0.003036341,low_vol,post_covid
2024-05-10,0,1,0.5159391,0.000759896,low_vol,post_covid
2024-05-13,0,1,0.5163165,-0.00085495,low_vol,post_covid
2024-05-14,0,1,0.5156671,-0.001997804,low_vol,post_covid
2024-05-15,1,1,0.5151886,-0.006304985,low_vol,post_covid
2024-05-16,0,1,0.5131605,0.001053595,low_vol,post_covid
2024-05-17,1,1,0.5127332,-9.58e-05,low_vol,post_covid
2024-05-20,1,1,0.5128632,0.001148242,low_vol,post_covid
2024-05-21,1,1,0.5132144,0.000860335,low_vol,post_covid
2024-05-22,1,1,0.512687,0.002671746,low_vol,post_covid
2024-05-23,0,1,0.5129479,0.001618645,low_vol,post_covid
2024-05-24,0,1,0.5132467,-0.003717293,low_vol,post_covid
2024-05-28,1,1,0.5135978,-0.001050978,low_vol,post_covid
2024-05-29,0,1,0.514598,0.004673108,low_vol,post_covid
2024-05-30,0,1,0.51611197,-0.00362213,low_vol,post_covid
2024-05-31,0,1,0.5150492,-0.000477607,low_vol,post_covid
2024-06-03,0,1,0.513109,-0.005076384,low_vol,post_covid
2024-06-04,1,0,0.51199216,-0.000288104,low_vol,post_covid
2024-06-05,0,0,0.5102538,0.001535618,low_vol,post_covid
2024-06-06,1,0,0.51021564,-0.001631696,low_vol,post_covid
2024-06-07,1,0,0.5120612,0.007560215,low_vol,post_covid
2024-06-10,1,1,0.5140129,0.002475741,low_vol,post_covid
2024-06-11,0,1,0.5160268,0.000760546,low_vol,post_covid
2024-06-12,1,1,0.5150862,-0.005526999,low_vol,post_covid
2024-06-13,1,1,0.5139347,0.005241808,low_vol,post_covid
2024-06-14,0,0,0.51197016,0.003321532,low_vol,post_covid
2024-06-17,0,0,0.5114953,-0.002181471,low_vol,post_covid
2024-06-18,1,0,0.511906,-0.000569832,low_vol,post_covid
2024-06-20,1,0,0.5113278,0.003130135,low_vol,post_covid
2024-06-21,0,1,0.51245254,0.001986913,low_vol,post_covid
2024-06-24,1,1,0.5126204,-0.003123984,low_vol,post_covid
2024-06-25,1,1,0.51279175,0.001326506,low_vol,post_covid
2024-06-26,0,0,0.5116507,0.00415764,low_vol,post_covid
2024-06-27,0,1,0.51338357,-0.001320998,low_vol,post_covid
2024-06-28,1,1,0.5127978,-0.000377759,low_vol,post_covid
2024-07-01,0,1,0.5137184,0.000283315,low_vol,post_covid
2024-07-02,0,1,0.5154356,-0.001701166,low_vol,post_covid
2024-07-03,0,1,0.5147761,-0.003031451,low_vol,post_covid
2024-07-05,1,1,0.5130513,-0.004945837,low_vol,post_covid
2024-07-08,1,0,0.51222557,0.001238791,low_vol,post_covid
2024-07-09,0,0,0.51130414,0.001046977,low_vol,post_covid
2024-07-10,0,0,0.51143235,-0.000666125,low_vol,post_covid
2024-07-11,0,0,0.5117141,-0.005823689,low_vol,post_covid
2024-07-12,1,0,0.5114048,-0.003356893,low_vol,post_covid
2024-07-15,1,0,0.51108164,0.000960305,low_vol,post_covid
2024-07-16,0,0,0.51186764,0.000767478,low_vol,post_covid
2024-07-17,1,0,0.51126224,-0.004999497,low_vol,post_covid
2024-07-18,1,0,0.5110447,0.004040003,low_vol,post_covid
2024-07-19,0,0,0.5123442,0.002205528,low_vol,post_covid
2024-07-22,1,1,0.5134889,-0.000862479,low_vol,post_covid
2024-07-23,0,1,0.5144004,0.001341248,low_vol,post_covid
2024-07-24,0,1,0.51427567,-0.000574579,low_vol,post_covid
2024-07-25,0,1,0.5159698,-0.000287413,low_vol,post_covid
2024-07-26,1,1,0.51514274,-0.000383371,low_vol,post_covid
2024-07-29,0,1,0.51419014,0.002297951,low_vol,post_covid
2024-07-30,0,1,0.5133813,-9.56e-05,low_vol,post_covid
2024-07-31,1,1,0.5136737,-0.004313494,low_vol,post_covid
2024-08-01,0,1,0.5125231,0.003069249,low_vol,post_covid
2024-08-02,0,0,0.5113232,-0.011655472,low_vol,post_covid
2024-08-05,1,0,0.51062655,-0.005050974,low_vol,post_covid
2024-08-06,1,0,0.5117483,0.002722931,low_vol,post_covid
2024-08-07,1,1,0.5139948,0.002231128,low_vol,post_covid
2024-08-08,0,1,0.51780987,9.69e-05,low_vol,post_covid
2024-08-09,0,1,0.5195454,-0.000678456,low_vol,post_covid
2024-08-12,0,1,0.519959,0.0,low_vol,post_covid
2024-08-13,1,1,0.5196026,-0.005639313,low_vol,post_covid
2024-08-14,1,1,0.5173802,9.75e-05,low_vol,post_covid
2024-08-15,0,1,0.51530015,0.003989338,low_vol,post_covid
2024-08-16,0,1,0.51682705,-0.005062358,low_vol,post_covid
2024-08-19,0,1,0.5168691,-0.005578676,low_vol,post_covid
2024-08-20,0,1,0.5157716,-0.004426279,low_vol,post_covid
2024-08-21,1,1,0.5151713,-0.003951028,low_vol,post_covid
2024-08-22,0,1,0.5144705,0.00464085,low_vol,post_covid
2024-08-23,1,1,0.51487154,-0.007812935,low_vol,post_covid
2024-08-26,0,1,0.51588655,0.001289847,low_vol,post_covid
2024-08-27,1,1,0.51589465,-0.002979103,low_vol,post_covid
2024-08-28,1,1,0.5163563,0.005356026,low_vol,post_covid
2024-08-29,1,1,0.51670426,0.002469991,low_vol,post_covid
2024-08-30,1,1,0.5165272,0.003546109,low_vol,post_covid
2024-09-03,0,1,0.5166547,0.001277501,low_vol,post_covid
2024-09-04,0,1,0.51697206,-0.004626232,low_vol,post_covid
2024-09-05,1,1,0.51636076,-0.002469503,low_vol,post_covid
2024-09-06,1,1,0.51476943,0.000692073,low_vol,post_covid
2024-09-09,1,1,0.51432717,0.003650206,low_vol,post_covid
2024-09-10,1,1,0.5141627,0.000787422,low_vol,post_covid
2024-09-11,0,1,0.51374805,0.00049189,low_vol,post_covid
2024-09-12,0,1,0.5137433,-0.003053413,low_vol,post_covid
2024-09-13,0,1,0.5139877,-0.002568177,low_vol,post_covid
2024-09-16,1,1,0.5132157,-0.003467566,low_vol,post_covid
2024-09-17,0,1,0.51296395,0.001289336,low_vol,post_covid
2024-09-18,1,1,0.5134435,-0.002878566,low_vol,post_covid
2024-09-19,1,1,0.514031,9.94e-05,low_vol,post_covid
2024-09-20,1,1,0.5141988,0.001092739,low_vol,post_covid
2024-09-23,0,1,0.5146262,0.001983704,low_vol,post_covid
2024-09-24,1,1,0.51512814,-0.00546472,low_vol,post_covid
2024-09-25,0,1,0.51502013,0.00546472,low_vol,post_covid
2024-09-26,0,1,0.51469404,-0.003573566,low_vol,post_covid
2024-09-27,1,1,0.5146482,-0.001393168,low_vol,post_covid
2024-09-30,1,1,0.5140215,0.003578539,low_vol,post_covid
2024-10-01,1,1,0.51418483,0.004060051,low_vol,post_covid
2024-10-02,1,1,0.5148983,0.004830668,low_vol,post_covid
2024-10-03,1,1,0.5137974,0.003044118,low_vol,post_covid
2024-10-04,1,1,0.51467574,0.00518312,low_vol,post_covid
2024-10-07,1,1,0.51487243,0.000195107,low_vol,post_covid
2024-10-08,1,1,0.515028,9.75e-05,low_vol,post_covid
2024-10-09,1,1,0.51421195,0.003698634,low_vol,post_covid
2024-10-10,0,1,0.51450884,0.000582727,low_vol,post_covid
2024-10-11,1,1,0.5142654,-0.000971425,low_vol,post_covid
2024-10-14,0,1,0.51340204,0.003976955,low_vol,post_covid
2024-10-15,1,1,0.51318276,-0.000387306,low_vol,post_covid
2024-10-16,1,1,0.51394886,0.003190665,low_vol,post_covid
2024-10-17,0,1,0.5132539,0.002314199,low_vol,post_covid
2024-10-18,1,1,0.51363707,-0.003279995,low_vol,post_covid
2024-10-21,1,1,0.5137905,0.0050121,low_vol,post_covid
2024-10-22,1,1,0.5134867,0.000672783,low_vol,post_covid
2024-10-23,0,1,0.5140708,0.003357142,low_vol,post_covid
2024-10-24,1,1,0.513826,-0.003549361,low_vol,post_covid
2024-10-25,1,1,0.5133515,0.001920167,low_vol,post_covid
2024-10-28,0,1,0.5132261,0.000575295,low_vol,post_covid
2024-10-29,0,1,0.5127432,-0.000383518,low_vol,post_covid
2024-10-30,0,1,0.51283747,-0.002784857,low_vol,post_covid
2024-10-31,1,1,0.51254356,-9.61e-05,low_vol,post_covid
2024-11-01,0,1,0.5134427,0.002880972,low_vol,post_covid
2024-11-04,0,1,0.5141009,-0.003746936,low_vol,post_covid
2024-11-05,1,1,0.51408684,-0.004534292,low_vol,post_covid
2024-11-06,0,1,0.5142626,0.016018742,low_vol,post_covid
2024-11-07,1,1,0.5158178,-0.00553431,high_vol,post_covid
2024-11-08,1,1,0.51659554,0.004677569,high_vol,post_covid
2024-11-11,1,1,0.5150362,0.005129686,high_vol,post_covid
2024-11-12,1,1,0.5155492,0.004537687,high_vol,post_covid
2024-11-13,1,1,0.5168701,0.004329482,high_vol,post_covid
2024-11-14,1,1,0.51554716,0.001782734,high_vol,post_covid
2024-11-15,0,1,0.51639533,0.000187517,high_vol,post_covid
2024-11-18,0,1,0.51618075,-0.003850347,high_vol,post_covid
2024-11-19,1,1,0.51572573,-0.000658852,high_vol,post_covid
2024-11-20,1,1,0.51432717,0.004415444,high_vol,post_covid
2024-11-21,1,1,0.51459765,0.002714731,high_vol,post_covid
2024-11-22,0,1,0.51468366,0.004849367,high_vol,post_covid
2024-11-25,1,1,0.5138872,-0.006252628,high_vol,post_covid
2024-11-26,0,0,0.511926,0.001777136,high_vol,post_covid
2024-11-27,0,1,0.51244706,-0.008728764,high_vol,post_covid
2024-11-29,1,0,0.5116258,-0.003210313,high_vol,post_covid
2024-12-02,0,0,0.51094294,0.006692132,high_vol,post_covid
2024-12-03,0,0,0.51165575,-0.000751755,high_vol,post_covid
2024-12-04,0,1,0.51476115,-0.000282134,high_vol,post_covid
2024-12-05,1,1,0.51444185,-0.005941987,high_vol,post_covid
2024-12-06,1,1,0.5151415,0.00245656,high_vol,post_covid
2024-12-09,1,1,0.51532906,0.001697156,high_vol,post_covid
2024-12-10,1,1,0.5167025,0.002352389,high_vol,post_covid
2024-12-11,1,1,0.5170251,0.002909275,high_vol,post_covid
2024-12-12,1,1,0.51699275,0.002340058,high_vol,post_covid
2024-12-13,0,1,0.5164294,0.00037391,high_vol,post_covid
2024-12-16,1,1,0.51632035,-0.001309262,low_vol,post_covid
2024-12-17,1,1,0.51525533,0.000935352,low_vol,post_covid
2024-12-18,1,1,0.51470923,0.009954031,low_vol,post_covid
2024-12-19,0,1,0.51763046,0.003511414,high_vol,post_covid
2024-12-20,1,1,0.51834196,-0.00731384,high_vol,post_covid
2024-12-23,1,1,0.51794845,0.003895008,high_vol,post_covid
2024-12-24,0,1,0.51696754,0.002034224,high_vol,post_covid
2024-12-26,0,1,0.517165,-0.00120158,high_vol,post_covid
2024-12-27,1,1,0.5157335,-0.001202954,high_vol,post_covid
2024-12-30,1,1,0.51559883,0.001202954,high_vol,post_covid
2024-12-31,1,1,0.5153101,0.003323802,high_vol,post_covid
2025-01-02,0,1,0.51453733,0.008261489,high_vol,post_covid
2025-01-03,0,1,0.5152189,-0.004030439,high_vol,post_covid
2025-01-06,1,1,0.51555467,-0.006353272,high_vol,post_covid
2025-01-07,1,1,0.5157335,0.002583016,high_vol,post_covid
2025-01-08,1,1,0.51580864,0.005054419,high_vol,post_covid
2025-01-09,1,1,0.5158968,0.000824703,high_vol,post_covid
2025-01-10,1,1,0.5155796,0.00429559,high_vol,post_covid
2025-01-13,0,1,0.5161921,0.002823166,high_vol,post_covid
2025-01-14,0,1,0.5165244,-0.006294802,high_vol,post_covid
2025-01-15,0,1,0.515893,-0.001648657,high_vol,post_covid
2025-01-16,1,1,0.5138052,-0.001192362,high_vol,post_covid
2025-01-17,0,1,0.5133933,0.003572899,high_vol,post_covid
2025-01-21,1,1,0.5127644,-0.011867127,high_vol,post_covid
2025-01-22,0,1,0.5125586,0.001017441,high_vol,post_covid
2025-01-23,0,1,0.51263744,-0.001109936,high_vol,post_covid
2025-01-24,0,1,0.5139877,-0.005661536,high_vol,post_covid
2025-01-27,1,1,0.5144676,-0.000931242,high_vol,post_covid
2025-01-28,1,1,0.5140368,0.004925491,high_vol,post_covid
2025-01-29,0,1,0.51633996,0.001204403,high_vol,post_covid
2025-01-30,1,1,0.51579916,-0.00185354,high_vol,post_covid
2025-01-31,1,1,0.51580846,0.005273636,high_vol,post_covid
2025-02-03,0,1,0.515926,0.005704792,high_vol,post_covid
2025-02-04,0,1,0.51723033,-0.009495336,high_vol,post_covid
2025-02-05,1,1,0.51520234,-0.003526006,high_vol,post_covid
2025-02-06,1,1,0.5136902,0.001021978,high_vol,post_covid
2025-02-07,1,1,0.51333493,0.003244785,high_vol,post_covid
2025-02-10,0,1,0.51323926,0.002588269,high_vol,post_covid
2025-02-11,0,1,0.5128271,-0.003329027,high_vol,post_covid
2025-02-12,0,1,0.5137462,-0.00018524,high_vol,post_covid
2025-02-13,0,1,0.51471657,-0.005853721,high_vol,post_covid
2025-02-14,1,1,0.5142113,-0.006919776,high_vol,post_covid
2025-02-18,1,1,0.5131308,0.004494,high_vol,post_covid
2025-02-19,0,1,0.51424587,0.001120298,high_vol,post_covid
2025-02-20,1,1,0.5144134,-0.007774868,high_vol,post_covid
2025-02-21,0,1,0.51470244,0.002535848,high_vol,post_covid
2025-02-24,0,1,0.51497096,-9.38e-05,high_vol,post_covid
2025-02-25,1,1,0.5161734,-0.002724166,high_vol,post_covid
2025-02-26,1,1,0.5150871,0.001034181,high_vol,post_covid
2025-02-27,1,1,0.51530385,0.007675781,high_vol,post_covid
2025-02-28,0,1,0.5161627,0.003444292,high_vol,post_covid
2025-03-03,0,1,0.5163024,-0.008023934,high_vol,post_covid
2025-03-04,0,1,0.51578736,-0.009506422,high_vol,post_covid
2025-03-05,0,1,0.51518047,0.0,high_vol,post_covid
2025-03-06,0,1,0.51540834,-0.016015598,high_vol,post_covid
2025-03-07,1,1,0.5144231,-0.002116415,high_vol,post_covid
2025-03-10,0,1,0.51446915,0.000673957,high_vol,post_covid
2025-03-11,1,1,0.5154631,-0.004533417,high_vol,post_covid
2025-03-12,1,1,0.5163535,0.001642098,high_vol,post_covid
2025-03-13,0,1,0.51606005,0.002121108,high_vol,post_covid
2025-03-14,0,1,0.51755136,-0.001059992,high_vol,post_covid
2025-03-17,0,1,0.517294,-0.003380161,high_vol,post_covid
2025-03-18,1,1,0.516907,-0.001258457,high_vol,post_covid
2025-03-19,1,1,0.5164202,0.001838704,high_vol,post_covid
2025-03-20,1,1,0.51561797,0.004052477,high_vol,post_covid
2025-03-21,1,1,0.5148531,0.002308339,high_vol,post_covid
2025-03-24,0,1,0.51426685,0.001631925,high_vol,post_covid
2025-03-25,1,1,0.5142965,-0.000767625,high_vol,post_covid
2025-03-26,0,1,0.5134931,0.00354528,high_vol,post_covid
2025-03-27,0,1,0.51306325,-0.004601708,high_vol,post_covid
2025-03-28,1,1,0.5131483,-0.000288297,high_vol,post_covid
2025-03-31,1,1,0.5125407,0.001632636,high_vol,post_covid
2025-04-01,0,0,0.51238877,0.000479715,high_vol,post_covid
2025-04-02,0,0,0.5122165,-0.004325518,high_vol,post_covid
2025-04-03,1,0,0.51208276,-0.016903432,high_vol,post_covid
2025-04-04,1,0,0.51180434,0.009264262,high_vol,post_covid
2025-04-07,0,1,0.51305866,0.002326989,high_vol,post_covid
2025-04-08,0,1,0.51530993,-0.002909546,high_vol,post_covid
2025-04-09,0,1,0.51741725,-0.000582897,high_vol,post_covid
2025-04-10,0,1,0.5193258,-0.019925071,high_vol,post_covid
2025-04-11,0,1,0.52108276,-0.010864836,high_vol,post_covid
2025-04-14,1,1,0.51985383,-0.001404066,high_vol,post_covid
2025-04-15,0,1,0.518948,0.005804097,high_vol,post_covid
2025-04-16,0,1,0.51968026,-0.008416923,high_vol,post_covid
2025-04-17,0,1,0.5193638,0.0,high_vol,post_covid
2025-04-21,1,1,0.5188538,-0.011130323,high_vol,post_covid
2025-04-22,1,1,0.52065766,0.006490889,high_vol,post_covid
2025-04-23,0,1,0.5199814,0.009257444,high_vol,post_covid
2025-04-24,1,1,0.519919,-0.005523998,high_vol,post_covid
2025-04-25,0,1,0.52079034,0.001811233,high_vol,post_covid
2025-04-28,1,1,0.5185119,-0.004635227,high_vol,post_covid
2025-04-29,1,1,0.5183555,0.002320261,high_vol,post_covid
2025-04-30,1,1,0.5172117,0.002314966,high_vol,post_covid
2025-05-01,0,1,0.5171582,0.007810963,high_vol,post_covid
2025-05-02,0,1,0.5181869,-0.00249688,high_vol,post_covid
2025-05-05,0,1,0.5192812,-0.001701428,high_vol,post_covid
2025-05-06,1,1,0.5191262,-0.00592762,high_vol,post_covid
2025-05-07,1,1,0.51905507,0.00372143,high_vol,post_covid
2025-05-08,0,1,0.51769954,0.01028722,high_vol,post_covid
2025-05-09,1,1,0.51728004,-0.002985404,high_vol,post_covid
2025-05-12,0,1,0.51700413,0.014347494,high_vol,post_covid
2025-05-13,1,1,0.5159813,-0.00779136,high_vol,post_covid
2025-05-14,0,1,0.51717895,0.00039597,high_vol,post_covid
2025-05-15,1,1,0.51721346,-0.001584823,high_vol,post_covid
2025-05-16,0,1,0.51568544,0.002079509,high_vol,post_covid
2025-05-19,0,1,0.51467144,-0.006550202,high_vol,post_covid
2025-05-20,0,1,0.5139,-0.003091476,high_vol,post_covid
2025-05-21,1,1,0.51353574,-0.005609041,high_vol,post_covid
2025-05-22,0,1,0.51446366,0.004009644,high_vol,post_covid
2025-05-23,0,1,0.5148182,-0.008539746,high_vol,post_covid
2025-05-26,1,1,0.5146186,-0.001817818,high_vol,post_covid
2025-05-27,1,1,0.5149565,0.005946063,high_vol,post_covid
2025-05-28,0,1,0.51398987,0.003610843,high_vol,post_covid
2025-05-29,1,1,0.5153848,-0.006025309,high_vol,post_covid
2025-05-30,0,1,0.5160598,0.00050353,high_vol,post_covid
2025-06-02,1,1,0.51620656,-0.006362743,high_vol,post_covid
2025-06-03,0,1,0.51714903,0.005557004,high_vol,post_covid
2025-06-04,0,1,0.51734495,-0.004645525,high_vol,post_covid
2025-06-05,1,1,0.51570904,-0.000506283,high_vol,post_covid
2025-06-06,0,1,0.5163768,0.004547116,high_vol,post_covid
2025-06-09,1,1,0.51675326,-0.002523597,high_vol,post_covid
2025-06-10,0,1,0.5167458,0.001111173,high_vol,post_covid
2025-06-11,0,1,0.515825,-0.004249357,high_vol,post_covid
2025-06-12,1,1,0.51592815,-0.007224647,high_vol,post_covid
2025-06-13,0,1,0.5143515,0.002651732,high_vol,post_covid
2025-06-16,1,1,0.5140596,-0.001835053,high_vol,post_covid
2025-06-17,1,1,0.5145139,0.008332532,high_vol,post_covid
2025-06-18,0,1,0.5151415,0.000910372,high_vol,post_covid
2025-06-20,0,1,0.5152601,-0.002024134,high_vol,post_covid
2025-06-23,0,1,0.5156131,-0.002942232,high_vol,post_covid
2025-06-24,0,1,0.51454103,-0.005706125,high_vol,post_covid
2025-06-25,0,1,0.5141655,-0.001841059,high_vol,post_covid
2025-06-26,1,1,0.51448,-0.005440641,high_vol,post_covid
2025-06-27,0,1,0.5140279,0.002570035,high_vol,post_covid
2025-06-30,0,1,0.51426923,-0.005353155,high_vol,post_covid
2025-07-01,0,1,0.51555914,-0.00061949,high_vol,post_covid
2025-07-02,1,1,0.51605463,-0.000413233,high_vol,post_covid
2025-07-03,0,1,0.51659626,0.004124583,high_vol,post_covid
2025-07-04,1,1,0.5176531,0.0,high_vol,post_covid
2025-07-07,1,1,0.51775277,0.003082331,high_vol,post_covid
2025-07-08,0,1,0.51800555,0.000307696,high_vol,post_covid
2025-07-09,1,1,0.517345,-0.000410308,high_vol,post_covid
2025-07-10,1,1,0.516396,0.001845022,high_vol,post_covid
2025-07-11,1,1,0.5152438,0.002046005,high_vol,post_covid
2025-07-14,1,1,0.51527315,0.002347813,high_vol,post_covid
2025-07-15,0,1,0.5142828,0.005490618,high_vol,post_covid
2025-07-16,1,1,0.51451284,-0.002334942,high_vol,post_covid
2025-07-17,0,1,0.51433575,0.003449719,high_vol,post_covid
2025-07-18,0,1,0.513339,-0.00253537,high_vol,post_covid
2025-07-21,0,0,0.5120572,-0.006417838,high_vol,post_covid
2025-07-22,0,0,0.5117483,-0.004712149,high_vol,post_covid
2025-07-23,1,0,0.51023644,-0.001849952,high_vol,post_covid
2025-07-24,1,0,0.5106645,0.001747245,high_vol,post_covid
2025-07-25,1,0,0.5110977,0.00276885,high_vol,post_covid
2025-07-28,1,0,0.5117759,0.01028996,high_vol,post_covid
2025-07-29,1,1,0.5136002,0.00253075,high_vol,post_covid
2025-07-30,1,1,0.51410323,0.010359648,high_vol,post_covid
2025-07-31,0,1,0.5148581,0.000900098,high_vol,post_covid
2025-08-01,1,1,0.5149973,-0.01348648,high_vol,post_covid
2025-08-04,0,1,0.51355696,0.000911494,high_vol,post_covid
2025-08-05,0,0,0.5107171,0.0,high_vol,post_covid
2025-08-06,1,0,0.51045495,-0.006092611,high_vol,post_covid
2025-08-07,0,0,0.50949955,0.002238288,high_vol,post_covid
2025-08-08,1,0,0.5096486,-0.002238288,high_vol,post_covid
2025-08-11,0,0,0.51090837,0.003457007,high_vol,post_covid
2025-08-12,0,0,0.51113325,-0.004272188,high_vol,post_covid
2025-08-13,1,1,0.51248395,-0.002653897,high_vol,post_covid
2025-08-14,0,1,0.5131932,0.004181797,high_vol,post_covid
2025-08-15,1,1,0.5136941,-0.004079573,high_vol,post_covid
2025-08-18,1,1,0.5144336,0.003264973,high_vol,post_covid
2025-08-19,0,1,0.5145724,0.001018107,high_vol,post_covid
2025-08-20,1,1,0.5150775,-0.000508885,high_vol,post_covid
2025-08-21,0,1,0.51501423,0.004064236,high_vol,post_covid
2025-08-22,1,1,0.5141993,-0.00916785,high_vol,post_covid
2025-08-25,0,1,0.51401013,0.00723938,high_vol,post_covid
2025-08-26,0,1,0.51286024,-0.002033937,high_vol,post_covid
2025-08-27,0,1,0.5127755,0.0,high_vol,post_covid
2025-08-28,0,0,0.51205826,-0.004284906,high_vol,post_covid
2025-08-29,1,0,0.5113193,-0.000409049,high_vol,post_covid
2025-09-02,0,0,0.5119506,0.006423072,high_vol,post_covid
2025-09-03,1,0,0.51205117,-0.002645795,high_vol,post_covid
2025-09-04,0,0,0.5123919,0.002137505,high_vol,post_covid
2025-09-05,0,0,0.5119292,-0.005914782,high_vol,post_covid
2025-09-08,1,0,0.51058066,-0.003278353,high_vol,post_covid
2025-09-09,0,0,0.50882506,0.003482937,high_vol,post_covid
2025-09-10,0,0,0.50819457,-0.000102287,high_vol,post_covid
2025-09-11,1,0,0.5092489,-0.002457485,high_vol,post_covid
2025-09-12,0,0,0.5098719,0.000102539,high_vol,post_covid
2025-09-15,0,0,0.51133865,-0.002566078,high_vol,post_covid
2025-09-16,1,0,0.5115641,-0.006909797,high_vol,post_covid
2025-09-17,1,0,0.5114869,0.002480678,high_vol,post_covid
2025-09-18,1,0,0.51191264,0.004942814,high_vol,post_covid
2025-09-19,0,1,0.5128746,0.002974523,high_vol,post_covid
2025-09-22,0,1,0.5131526,-0.003179954,high_vol,post_covid
2025-09-23,1,1,0.51300365,-0.000719458,high_vol,post_covid
2025-09-24,1,1,0.51321125,0.006252269,high_vol,post_covid
2025-09-25,0,1,0.51299566,0.006923969,high_vol,post_covid
2025-09-26,0,1,0.5133216,-0.004067128,high_vol,post_covid
2025-09-29,0,1,0.5124287,-0.00244821,high_vol,post_covid
2025-09-30,0,0,0.5114337,-0.00143098,high_vol,post_covid
2025-10-01,1,0,0.51002806,-0.000613849,high_vol,post_covid
2025-10-02,0,0,0.50885826,0.00143178,high_vol,post_covid
2025-10-03,1,0,0.5076331,-0.001329419,high_vol,post_covid
2025-10-06,1,0,0.5084988,0.003983046,low_vol,post_covid
2025-10-07,1,0,0.5088318,0.004779115,low_vol,post_covid
2025-10-08,1,0,0.50847834,0.002735114,low_vol,post_covid
2025-10-09,0,0,0.5087631,0.006956048,low_vol,post_covid
2025-10-10,1,0,0.5086444,-0.005641739,high_vol,post_covid
2025-10-13,0,0,0.5089686,0.002925533,high_vol,post_covid
2025-10-14,0,0,0.5074656,-0.002218573,high_vol,post_covid
2025-10-15,0,0,0.50702786,-0.00262841,high_vol,post_covid
2025-10-16,1,0,0.50648916,-0.004057228,low_vol,post_covid
2025-10-17,1,0,0.5050556,0.000406472,low_vol,post_covid
2025-10-20,1,0,0.5035605,0.001624161,low_vol,post_covid
2025-10-21,0,0,0.50264,0.003442733,low_vol,post_covid
2025-10-22,1,0,0.50312996,-0.000303278,low_vol,post_covid
2025-10-23,1,0,0.5053483,0.000404376,low_vol,post_covid
2025-10-24,0,0,0.50552076,0.000101011,low_vol,post_covid
2025-10-27,0,0,0.50495267,-0.001719498,low_vol,post_covid
2025-10-28,1,0,0.50473773,-0.000911494,low_vol,post_covid
2025-10-29,1,0,0.5049263,0.00535597,low_vol,post_covid
2025-10-30,1,0,0.5059277,0.003119475,low_vol,post_covid
2025-10-31,1,0,0.5063782,0.00270912,low_vol,post_covid
2025-11-03,1,0,0.5068364,0.000701154,low_vol,post_covid
2025-11-04,0,0,0.5074919,0.003498414,low_vol,post_covid
2025-11-05,0,0,0.5071738,-0.000199624,low_vol,post_covid
2025-11-06,0,0,0.50655186,-0.00470159,low_vol,post_covid
2025-11-07,1,0,0.506264,-0.001304419,low_vol,post_covid
2025-11-10,0,0,0.5056485,0.000200826,low_vol,post_covid
2025-11-11,1,0,0.5053033,-0.001607431,low_vol,post_covid
2025-11-12,0,0,0.50499296,0.000201109,low_vol,post_covid
2025-11-13,1,0,0.50363445,-0.003020269,low_vol,post_covid
2025-11-14,1,0,0.5040209,0.000906993,low_vol,post_covid
2025-11-17,0,0,0.50329995,0.003218344,low_vol,post_covid
2025-11-18,1,0,0.50369275,-0.00040166,low_vol,post_covid
2025-11-19,0,0,0.5047717,0.006807517,low_vol,post_covid
2025-11-20,1,0,0.50550604,-0.000698635,low_vol,post_covid
2025-11-21,0,0,0.50582063,0.000199627,low_vol,post_covid
2025-11-24,0,0,0.50526285,-0.00039937,low_vol,post_covid
2025-11-25,0,0,0.50469685,-0.004804771,low_vol,post_covid
2025-11-26,0,0,0.5042198,-0.00060228,low_vol,post_covid
2025-11-28,0,0,0.5037464,-0.001406605,low_vol,post_covid
2025-12-01,0,0,0.5041287,-0.000502795,low_vol,post_covid
2025-12-02,0,0,0.504845,-0.000503125,low_vol,post_covid
2025-12-03,1,0,0.50365686,-0.00514609,low_vol,post_covid
2025-12-04,0,0,0.5032418,0.001415279,low_vol,post_covid
2025-12-05,1,0,0.50287205,0.0,low_vol,post_covid
2025-12-08,1,0,0.5038318,0.001009678,low_vol,post_covid
2025-12-09,0,0,0.5043436,0.001311128,low_vol,post_covid
2025-12-10,0,0,0.5054399,-0.004343225,low_vol,post_covid
2025-12-11,1,0,0.5053935,-0.004463865,low_vol,post_covid
2025-12-12,0,0,0.50460464,0.00050829,low_vol,post_covid
2025-12-15,0,0,0.50364554,-0.002543883,low_vol,post_covid
2025-12-16,1,0,0.50379455,0.0,low_vol,post_covid
2025-12-17,1,0,0.50238085,0.002238971,low_vol,post_covid
2025-12-18,1,0,0.5026175,0.000609731,low_vol,post_covid
2025-12-19,0,0,0.5023349,0.001725607,low_vol,post_covid
2025-12-22,0,0,0.5015284,-0.003148944,low_vol,post_covid
2025-12-23,1,0,0.50176287,-0.003567231,low_vol,post_covid
2025-12-24,1,0,0.5011337,0.000408339,low_vol,post_covid
2025-12-26,1,0,0.5009649,0.000408095,low_vol,post_covid
2025-12-29,1,0,0.4980203,0.000204063,low_vol,post_covid
2025-12-30,1,0,0.50446415,0.002037875,low_vol,post_covid
2025-12-31,1,0,0.49896297,0.000407093,low_vol,post_covid
2026-01-02,0,0,0.49953985,0.001423482,low_vol,post_covid
2026-01-05,1,0,0.49825552,-0.001525259,low_vol,post_covid
2026-01-06,1,0,0.4985346,0.003149662,low_vol,post_covid
2026-01-07,1,0,0.49751657,0.001013875,low_vol,post_covid
2026-01-08,1,0,0.49513415,0.002530238,low_vol,post_covid
2026-01-09,0,0,0.49397603,0.00201956,low_vol,post_covid
2026-01-12,1,0,0.4939564,-0.002727378,low_vol,post_covid
2026-01-13,0,0,0.49462876,0.002727378,low_vol,post_covid
2026-01-14,1,0,0.49426058,0.0,low_vol,post_covid
2026-01-15,1,0,0.49161947,0.001914865,low_vol,post_covid
2026-01-16,0,0,0.4933725,0.000704541,low_vol,post_covid
2026-01-20,1,0,0.4981135,-0.007574646,low_vol,post_covid
2026-01-21,0,0,0.4972431,0.001215833,low_vol,post_covid
2026-01-22,0,0,0.49621952,-0.004058463,low_vol,post_covid
2026-01-23,0,0,0.49428552,-0.007756746,low_vol,post_covid
2026-01-26,0,0,0.49346548,-0.005754204,low_vol,post_covid
2026-01-27,1,0,0.4884762,-0.008486025,low_vol,post_covid
2026-01-28,0,0,0.4987179,0.002387459,low_vol,post_covid
2026-01-29,1,0,0.4911374,-0.001764107,low_vol,post_covid
2026-01-30,1,0,0.49434853,0.007347258,low_vol,post_covid
2026-02-02,0,0,0.504151,0.006372095,low_vol,post_covid
2026-02-03,1,0,0.49033713,-0.001743124,low_vol,post_covid
2026-02-04,1,0,0.4937174,0.00184559,low_vol,post_covid
2026-02-05,0,0,0.4951794,0.002046633,low_vol,post_covid
2026-02-06,0,0,0.49239972,-0.001944257,low_vol,post_covid
2026-02-09,0,0,0.4913214,-0.008331214,low_vol,post_covid
2026-02-10,1,0,0.4905023,-0.000206556,low_vol,post_covid
2026-02-11,1,0,0.48678014,0.000309857,low_vol,post_covid
2026-02-12,0,0,0.48666695,0.001032189,low_vol,post_covid
2026-02-13,1,0,0.4864582,-0.000516001,low_vol,post_covid
2026-02-17,1,0,0.48812723,0.002886071,low_vol,post_covid
2026-02-18,1,0,0.48890996,0.005542386,low_vol,post_covid
2026-02-19,0,0,0.49182203,0.002351413,low_vol,post_covid
2026-02-20,0,0,0.49384257,-0.001328333,low_vol,post_covid
2026-02-23,1,0,0.49481905,-0.00102308,low_vol,post_covid
2026-02-24,0,0,0.49451685,0.001840683,low_vol,post_covid
2026-02-25,1,0,0.49244428,-0.001840683,low_vol,post_covid
2026-02-26,0,0,0.4906263,0.000920804,low_vol,post_covid
2026-02-27,1,0,0.4882755,-0.001842378,low_vol,post_covid
2026-03-02,1,0,0.4880561,0.00785755,low_vol,post_covid
2026-03-03,0,0,0.4878271,0.006787301,low_vol,post_covid
2026-03-04,1,0,0.48885086,-0.002830923,low_vol,post_covid
2026-03-05,0,0,0.49010566,0.005553077,low_vol,post_covid
2026-03-06,1,0,0.4916527,-0.003328144,low_vol,post_covid
2026-03-09,0,0,0.49362367,0.001917571,low_vol,post_covid
2026-03-10,1,0,0.49281865,-0.003535163,low_vol,post_covid
2026-03-11,1,0,0.4924927,0.004039201,low_vol,post_covid
2026-03-12,1,0,0.49378553,0.005126357,low_vol,post_covid
2026-03-13,0,0,0.49430627,0.006196949,low_vol,post_covid
