Date,actual,pred,prob,returns,vol_regime,period_regime
2021-07-26,0,0,0.48380413975770076,0.0030487091719987,low_vol,covid
2021-07-27,1,1,0.5102984941430794,-0.0265603413768075,low_vol,covid
2021-07-28,1,0,0.4787856079221286,0.0090527989268524,low_vol,covid
2021-07-29,0,0,0.48595447723512514,0.0358789580055235,low_vol,covid
2021-07-30,1,1,0.5279668333184241,-0.009202282121513,low_vol,covid
2021-08-02,1,1,0.5164122283765125,0.0011353364881268,low_vol,covid
2021-08-03,0,1,0.5240188044220921,0.0003521224667419,low_vol,covid
2021-08-04,0,1,0.5074127071250841,-0.0047048170090922,low_vol,covid
2021-08-05,0,1,0.5335790206868612,-0.0066636178867014,low_vol,covid
2021-08-06,0,1,0.5786844622832618,-0.0389248413414774,low_vol,covid
2021-08-09,1,1,0.5875119636524974,-0.0444499403239592,low_vol,covid
2021-08-10,1,0,0.44471026590309076,0.0052325410186479,high_vol,covid
2021-08-11,0,0,0.4356290743301859,0.0041407977233134,high_vol,covid
2021-08-12,1,1,0.5572943012760315,-0.0158444408198132,high_vol,covid
2021-08-13,1,0,0.45988499390156645,0.0282910988846559,high_vol,covid
2021-08-16,0,0,0.45719561509179824,0.0005047967429867,high_vol,covid
2021-08-17,0,1,0.5137634338838164,-0.0055663450451756,high_vol,covid
2021-08-18,0,1,0.5016542065326844,-0.0100298356381186,high_vol,covid
2021-08-19,0,1,0.5274450433983796,-0.0082347927558088,high_vol,covid
2021-08-20,1,1,0.5456246806880874,-0.0049649221885396,high_vol,covid
2021-08-23,1,0,0.46877709478844914,0.0232718133333834,low_vol,covid
2021-08-24,0,0,0.4405892674625673,0.0101390979460136,high_vol,covid
2021-08-25,0,1,0.5231028090996077,-0.0049935893176328,low_vol,covid
2021-08-26,1,0,0.496236074619547,-0.0095104119049597,low_vol,covid
2021-08-27,0,0,0.451104386678387,0.0215947537829108,low_vol,covid
2021-08-30,0,0,0.4849203497532713,-0.0041649533130333,low_vol,covid
2021-08-31,1,0,0.47457239004264123,0.0,low_vol,covid
2021-09-01,0,0,0.44430004575323956,0.009016034867278,low_vol,covid
2021-09-02,1,1,0.5117074895228849,-0.0125698835370749,low_vol,covid
2021-09-03,0,0,0.48063438947443693,0.0364782985072816,low_vol,covid
2021-09-07,0,1,0.546610714032295,-0.0174356505581706,high_vol,covid
2021-09-08,1,1,0.5511559475579282,-0.0133208651478221,high_vol,covid
2021-09-09,0,0,0.46167271332338855,0.0050265052787912,high_vol,covid
2021-09-10,0,1,0.5111604006510632,-0.0115863546682261,low_vol,covid
2021-09-13,1,1,0.5425411191672705,-0.0042849705649903,low_vol,covid
2021-09-14,0,0,0.47544648234064935,0.0037398424023881,low_vol,covid
2021-09-15,0,1,0.5265175660747462,-0.003487252795565,low_vol,covid
2021-09-16,0,1,0.591989829458777,-0.0433083496548273,low_vol,covid
2021-09-17,0,1,0.5253015571873344,-0.0202906476641927,high_vol,covid
2021-09-20,1,0,0.4935353054059726,-0.0059382049045614,high_vol,covid
2021-09-21,1,0,0.4868650429260851,0.0183302631766161,high_vol,covid
2021-09-22,0,1,0.500700510322035,0.0130277592150507,high_vol,covid
2021-09-23,0,1,0.5756377322267797,-0.0099756615717497,high_vol,covid
2021-09-24,1,1,0.5321021465645244,-0.0112814745777489,high_vol,covid
2021-09-27,0,0,0.4640468862352724,0.0119437139325847,low_vol,covid
2021-09-28,0,1,0.5182218269973944,-0.0100694746338378,low_vol,covid
2021-09-29,1,1,0.6186870033568546,-0.0442552414090679,low_vol,covid
2021-09-30,1,0,0.4684142957039556,0.02585241863779,high_vol,covid
2021-10-01,1,0,0.49118578242052724,0.0219631257201121,high_vol,covid
2021-10-04,0,0,0.46152208606781725,0.0047863857117482,high_vol,covid
2021-10-05,0,1,0.5336419648319679,-0.0015928896061861,high_vol,covid
2021-10-06,1,1,0.5132981063712582,-0.0033711978128261,high_vol,covid
2021-10-07,1,1,0.5077733768844359,0.0055828692714563,high_vol,covid
2021-10-08,0,0,0.4908188497914631,0.0020745912035678,high_vol,covid
2021-10-11,0,0,0.49671960640575047,-0.0017211974784172,high_vol,covid
2021-10-12,1,1,0.5326027655586968,-0.0066030317873851,low_vol,covid
2021-10-13,1,0,0.4674638464672166,0.0288363957170733,low_vol,covid
2021-10-14,0,0,0.4770594829389829,0.0131747087269063,high_vol,covid
2021-10-15,0,1,0.5483146537598499,-0.0054719811439996,low_vol,covid
2021-10-18,1,0,0.49686111458159243,-0.0036503051433159,low_vol,covid
2021-10-19,1,0,0.4455614712419963,0.0262832022456261,low_vol,covid
2021-10-20,0,0,0.4754105503345709,0.0232790316952412,low_vol,covid
2021-10-21,1,1,0.5221782595795761,-0.0112818823834031,high_vol,covid
2021-10-22,1,0,0.45248612747514433,0.0114866218289682,low_vol,covid
2021-10-25,0,0,0.4577186810791149,0.0058366176624107,low_vol,covid
2021-10-26,1,1,0.5289411970740372,-0.0199768265839538,low_vol,covid
2021-10-27,0,0,0.47055927903333117,0.004267173096814,low_vol,covid
2021-10-28,0,0,0.4671169149150246,-0.0029809402504977,low_vol,covid
2021-10-29,1,1,0.5394267495444202,-0.007157489006767,low_vol,covid
2021-11-01,0,0,0.4561834383476943,0.0049573924767545,low_vol,covid
2021-11-02,0,1,0.5284329750930058,-0.0237164923763492,low_vol,covid
2021-11-03,1,1,0.5397055265717754,-0.011728087553219,low_vol,covid
2021-11-04,1,0,0.48484041265624683,0.0288571456034404,low_vol,covid
2021-11-05,1,0,0.46032625509742,0.0102377308940876,low_vol,covid
2021-11-08,0,0,0.4738403297557012,0.0158149990668726,low_vol,covid
2021-11-09,1,1,0.5421740718634065,-0.0091710337381618,low_vol,covid
2021-11-10,1,0,0.4298304546944415,0.0185009545013179,low_vol,covid
2021-11-11,1,1,0.5034143867345392,0.0213318142401271,low_vol,covid
2021-11-12,0,1,0.5080411421068227,0.0016980660488331,low_vol,covid
2021-11-15,0,1,0.5140912091600103,-0.0093953045163056,low_vol,covid
2021-11-16,1,1,0.5050233361858733,-0.0065133835941358,low_vol,covid
2021-11-17,0,0,0.4528144563073689,0.0089002831536798,low_vol,covid
2021-11-18,0,1,0.5382356704352809,-0.0106256793293031,low_vol,covid
2021-11-19,0,1,0.5413486515155953,-0.004871022016685,low_vol,covid
2021-11-22,0,1,0.5395107073782295,-0.0196839815510476,low_vol,covid
2021-11-23,1,1,0.5669106327497627,-0.0361223137738336,low_vol,covid
2021-11-24,0,0,0.48637444493680876,0.0025995976495323,low_vol,covid
2021-11-26,0,0,0.46701238340322543,-0.016694589120812,low_vol,covid
2021-11-29,0,1,0.5494094595113079,-0.0134189511349335,low_vol,covid
2021-11-30,0,0,0.4941309513734357,-0.0014924240037843,low_vol,covid
2021-12-01,0,1,0.5207487802398413,-0.0206824171444548,low_vol,covid
2021-12-02,1,1,0.5333164776824558,-0.0008523789533261,low_vol,covid
2021-12-03,0,0,0.4893055233197231,0.0073784127592897,low_vol,covid
2021-12-06,1,1,0.5492129608905455,-0.0097150743880015,low_vol,covid
2021-12-07,0,0,0.49919230212006444,0.0115845584914715,low_vol,covid
2021-12-08,0,1,0.5240922563582554,-0.004322939390105,low_vol,covid
2021-12-09,1,1,0.5664475932473787,-0.0187544247134469,low_vol,covid
2021-12-10,1,0,0.4838831156824482,0.0084288763561389,low_vol,covid
2021-12-13,0,1,0.5124236261465404,0.0058493334778852,low_vol,covid
2021-12-14,0,1,0.5928344018653914,-0.0182453749475311,low_vol,covid
2021-12-15,1,1,0.5890306108748645,-0.0174678815352619,low_vol,covid
2021-12-16,1,0,0.4811954942947496,0.0430883711536239,low_vol,covid
2021-12-17,0,1,0.5093447282535419,0.0023130674384799,high_vol,covid
2021-12-20,1,1,0.5558957172554964,-0.0103614143491359,high_vol,covid
2021-12-21,1,0,0.485503294302844,0.010139273857202,low_vol,covid
2021-12-22,1,0,0.4620822549952543,0.0128053590732364,low_vol,covid
2021-12-23,1,0,0.49003338059209445,0.0060801071002541,low_vol,covid
2021-12-27,1,1,0.5095695776484184,0.0020910630948897,low_vol,covid
2021-12-28,0,0,0.47975830699631844,0.0057279379452001,low_vol,covid
2021-12-29,1,1,0.5091417648295207,-0.0114451298445136,low_vol,covid
2021-12-30,1,0,0.4624217723906464,0.0078472940549343,low_vol,covid
2021-12-31,0,0,0.4622107383999152,0.0129434563759738,low_vol,covid
2022-01-03,1,1,0.5519570769257884,-0.0233324344586659,low_vol,post_covid
2022-01-04,1,0,0.4591900864667203,0.0108231477107144,low_vol,post_covid
2022-01-05,0,0,0.4609143514956992,0.0048497329134351,low_vol,post_covid
2022-01-06,1,1,0.5919479842330021,-0.043074342337852,low_vol,post_covid
2022-01-07,1,0,0.4617197122728237,0.0098726039204586,high_vol,post_covid
2022-01-10,1,0,0.49464523639581376,0.0023193608885918,high_vol,post_covid
2022-01-11,1,0,0.48996039729567814,0.0159112620047938,low_vol,post_covid
2022-01-12,0,0,0.46305357143810055,0.0171286630275233,low_vol,post_covid
2022-01-13,0,0,0.49664843888729954,-0.0019415419705618,low_vol,post_covid
2022-01-14,1,1,0.5480322380786629,-0.0105936556487934,low_vol,post_covid
2022-01-18,1,0,0.46026555961901616,0.0248299418662309,low_vol,post_covid
2022-01-19,1,0,0.4895870916319872,0.0309793738617803,low_vol,post_covid
2022-01-20,0,0,0.47480817664128067,0.0198220768681829,high_vol,post_covid
2022-01-21,0,1,0.5381760526721585,-0.0161962242897177,high_vol,post_covid
2022-01-24,1,1,0.5203267318190057,-0.0215768044653306,high_vol,post_covid
2022-01-25,0,0,0.47566437141738976,0.0042355993031337,high_vol,post_covid
2022-01-26,0,1,0.544221136446951,-0.003731455330866,high_vol,post_covid
2022-01-27,0,1,0.6139793215161362,-0.0488048177012733,high_vol,post_covid
2022-01-28,1,1,0.5715815994005314,-0.0164984414546317,high_vol,post_covid
2022-01-31,1,0,0.48408839719860597,0.0041613775039661,high_vol,post_covid
2022-02-01,1,0,0.479460079350899,0.0089351890759471,high_vol,post_covid
2022-02-02,0,0,0.4696043375633772,0.0050764789219704,high_vol,post_covid
2022-02-03,1,0,0.49744542742690206,-0.0149051439367024,high_vol,post_covid
2022-02-04,1,0,0.44134108418657186,0.0044593331698337,high_vol,post_covid
2022-02-07,1,0,0.47154497597507866,0.026389528321259,high_vol,post_covid
2022-02-08,1,0,0.485719106123908,0.0051435993947309,high_vol,post_covid
2022-02-09,1,0,0.4927944043464393,0.006060526481005,high_vol,post_covid
2022-02-10,0,0,0.4448287107983928,0.0078113153136495,high_vol,post_covid
2022-02-11,1,1,0.5188611748697544,-0.0065266258511679,high_vol,post_covid
2022-02-14,0,0,0.4826062271697417,0.0202925819637527,low_vol,post_covid
2022-02-15,1,1,0.55084695908482,-0.0214916176842127,low_vol,post_covid
2022-02-16,1,1,0.5067508126988061,0.0112061716335995,high_vol,post_covid
2022-02-17,1,1,0.5018738451424264,0.0115009467784581,low_vol,post_covid
2022-02-18,1,0,0.48985036282639405,0.0048887038989442,low_vol,post_covid
2022-02-22,1,1,0.5037593396723509,0.0132502291295558,low_vol,post_covid
2022-02-23,1,0,0.4773308272303616,0.0099865552091346,low_vol,post_covid
2022-02-24,0,0,0.45364104020953067,0.005320802780489,low_vol,post_covid
2022-02-25,1,1,0.5912954628096558,-0.0283075029748168,low_vol,post_covid
2022-02-28,1,0,0.49178445079653,0.0150546836825618,low_vol,post_covid
2022-03-01,0,0,0.49242694469788667,0.0470274175277272,low_vol,post_covid
2022-03-02,1,1,0.549116925933004,-0.0138417268208562,high_vol,post_covid
2022-03-03,1,1,0.5133458210210414,0.00087319839309,high_vol,post_covid
2022-03-04,0,0,0.4801183135272258,0.022634173533607,high_vol,post_covid
2022-03-07,1,0,0.48304207802663107,-0.0026798829737711,high_vol,post_covid
2022-03-08,0,0,0.48043333767890656,0.0446834335151317,high_vol,post_covid
2022-03-09,1,1,0.607998240459304,-0.0429736749405765,high_vol,post_covid
2022-03-10,0,0,0.47724155121584755,0.017129297277685,high_vol,post_covid
2022-03-11,0,1,0.5444193991977234,-0.0036705234680152,high_vol,post_covid
2022-03-14,0,1,0.5571550766742115,-0.0335767242810967,high_vol,post_covid
2022-03-15,0,1,0.5854012187523917,-0.0048047541400949,high_vol,post_covid
2022-03-16,1,1,0.5774699325275062,-0.018195795396681,high_vol,post_covid
2022-03-17,0,0,0.46295049326491483,0.036379208143692,high_vol,post_covid
2022-03-18,1,1,0.5939710748868179,-0.0208937211856146,high_vol,post_covid
2022-03-21,0,0,0.4760277319759675,0.0090192431857661,high_vol,post_covid
2022-03-22,1,1,0.556922551999959,-0.0158274422695889,high_vol,post_covid
2022-03-23,1,0,0.4617057642322792,0.0113875906702706,high_vol,post_covid
2022-03-24,0,0,0.49835000423186926,0.0285901417985606,high_vol,post_covid
2022-03-25,0,1,0.5353162009495981,-0.0118459608947147,high_vol,post_covid
2022-03-28,0,1,0.5599407829309878,-0.0165058096828065,high_vol,post_covid
2022-03-29,1,1,0.5704204224524241,-0.0184403922521623,high_vol,post_covid
2022-03-30,1,0,0.4697319619383654,0.01553659529025,high_vol,post_covid
2022-03-31,0,1,0.5077941991411767,0.000716774828166,high_vol,post_covid
2022-04-01,0,1,0.5770826270076785,-0.0192518490133428,high_vol,post_covid
2022-04-04,0,1,0.5025949703846189,-0.0023565023204492,high_vol,post_covid
2022-04-05,0,0,0.49826372588812384,-0.002280492779187,high_vol,post_covid
2022-04-06,1,1,0.5144958194838659,-0.0029806262811325,high_vol,post_covid
2022-04-07,1,0,0.47590523670587953,0.0113036854336813,high_vol,post_covid
2022-04-08,1,0,0.4559900069986815,0.0034711224077661,high_vol,post_covid
2022-04-11,1,0,0.44619293114586306,0.0063859643852378,high_vol,post_covid
2022-04-12,1,1,0.513021262091616,0.0294678334506311,low_vol,post_covid
2022-04-13,0,0,0.48561658444167466,0.0114021941282528,high_vol,post_covid
2022-04-14,1,1,0.5512980011701338,-0.0127636587667883,high_vol,post_covid
2022-04-18,0,0,0.498837005203586,0.0173648529364097,high_vol,post_covid
2022-04-19,0,1,0.601440422979816,-0.0290718748741914,high_vol,post_covid
2022-04-20,0,1,0.5466036599169231,-0.0047768704575427,high_vol,post_covid
2022-04-21,0,1,0.5491819162240835,-0.0260181904241328,high_vol,post_covid
2022-04-22,0,0,0.4986214881654219,-0.0148945148258853,high_vol,post_covid
2022-04-25,0,1,0.6389836802069483,-0.024581340396203,high_vol,post_covid
2022-04-26,0,1,0.5040336876810361,-0.0053378416563197,high_vol,post_covid
2022-04-27,0,1,0.5381256163861186,-0.0035744563074816,high_vol,post_covid
2022-04-28,0,1,0.5507607119172887,-0.0141243670264068,high_vol,post_covid
2022-04-29,0,0,0.4654991438090705,-0.0038553533144596,high_vol,post_covid
2022-05-02,1,1,0.6270904930307167,-0.0217628926571588,low_vol,post_covid
2022-05-03,0,1,0.5085759018431539,0.0034097082850144,high_vol,post_covid
2022-05-04,1,1,0.5636211681366474,-0.0115156233021109,low_vol,post_covid
2022-05-05,0,0,0.4454816850249221,0.0016978739412316,low_vol,post_covid
2022-05-06,0,1,0.5196360610115942,-0.0033537808943137,low_vol,post_covid
2022-05-09,0,1,0.5682809098153558,-0.0246232391974046,low_vol,post_covid
2022-05-10,1,1,0.6257698873037724,-0.0181604271794982,low_vol,post_covid
2022-05-11,0,1,0.5024531860010126,0.0074522865866543,low_vol,post_covid
2022-05-12,1,1,0.6419330451336995,-0.0374922434319802,low_vol,post_covid
2022-05-13,1,1,0.5179128053347186,0.0108766692190302,high_vol,post_covid
2022-05-16,1,1,0.5228191880063887,0.025919304486914,high_vol,post_covid
2022-05-17,0,0,0.4649260171403858,0.0093363438070918,high_vol,post_covid
2022-05-18,1,1,0.5497796233758498,-0.0094291691684643,high_vol,post_covid
2022-05-19,0,1,0.5015696694303717,0.0168086551422716,high_vol,post_covid
2022-05-20,1,1,0.5811728979514331,-0.0105126445933626,high_vol,post_covid
2022-05-23,1,0,0.4813369406914036,0.0024888907988455,high_vol,post_covid
2022-05-24,0,1,0.507601675682979,0.0155303974705403,low_vol,post_covid
2022-05-25,1,1,0.5632178266044048,-0.009243474208096,low_vol,post_covid
2022-05-26,1,1,0.5012805430563849,0.0036985212950428,low_vol,post_covid
2022-05-27,0,0,0.4758566201019217,0.0054089576516688,low_vol,post_covid
2022-05-31,1,1,0.5428374527861708,-0.0187143898482356,low_vol,post_covid
2022-06-01,1,0,0.44454910473045733,0.0107042119939255,low_vol,post_covid
2022-06-02,0,0,0.481777820913011,0.0167659429461484,low_vol,post_covid
2022-06-03,1,1,0.5499381673957295,-0.0164918710557684,low_vol,post_covid
2022-06-06,1,0,0.4772164446378285,0.0083705347395956,low_vol,post_covid
2022-06-07,0,1,0.5213391155093358,0.0038433340190864,low_vol,post_covid
2022-06-08,0,1,0.5261435486257692,-0.0038433340190864,low_vol,post_covid
2022-06-09,1,1,0.5388608061896193,-0.0126280321429602,low_vol,post_covid
2022-06-10,0,0,0.45741639768557024,0.0053076866388709,low_vol,post_covid
2022-06-13,0,1,0.5619737710484057,-0.0313822152920502,low_vol,post_covid
2022-06-14,1,1,0.5792989309359693,-0.0142276530108864,low_vol,post_covid
2022-06-15,1,1,0.5406736807974847,0.0220141909830395,low_vol,post_covid
2022-06-16,0,1,0.5205437865780949,0.0214942820168646,low_vol,post_covid
2022-06-17,1,1,0.5335050120395644,-0.013536146918041,low_vol,post_covid
2022-06-21,0,0,0.4770132010219607,0.0083551046780545,low_vol,post_covid
2022-06-22,0,1,0.5997178176961533,-0.0160796832449552,low_vol,post_covid
2022-06-23,1,1,0.5849469885249511,-0.0176728842606511,low_vol,post_covid
2022-06-24,1,1,0.5245196125156614,0.0039859422688954,low_vol,post_covid
2022-06-27,0,1,0.5070913808668405,0.0020343555361408,low_vol,post_covid
2022-06-28,0,1,0.5600249354805967,-0.0172565775535553,low_vol,post_covid
2022-06-29,0,1,0.5860064287372895,-0.0062222131030113,low_vol,post_covid
2022-06-30,0,1,0.5998546724082994,-0.0188528021106039,low_vol,post_covid
2022-07-01,0,1,0.6245210309309757,-0.0343572733509041,low_vol,post_covid
2022-07-05,1,1,0.6365264721846722,-0.028204414184627,low_vol,post_covid
2022-07-06,1,1,0.5645134786245354,0.001730552884829,high_vol,post_covid
2022-07-07,1,1,0.5514694022809827,0.0019368528716087,high_vol,post_covid
2022-07-08,0,1,0.5416649787920296,0.0023505496373949,low_vol,post_covid
2022-07-11,0,1,0.5734072314090514,-0.0052309782629155,low_vol,post_covid
2022-07-12,1,1,0.5810450582505501,-0.0088500429780906,low_vol,post_covid
2022-07-13,0,1,0.5413578518814955,0.0125668933766269,low_vol,post_covid
2022-07-14,1,1,0.6497098894576618,-0.0519590333176264,low_vol,post_covid
2022-07-15,1,1,0.53448501454448,0.0206451050746953,high_vol,post_covid
2022-07-18,0,1,0.5386122732676677,0.0130160666678076,high_vol,post_covid
2022-07-19,0,1,0.5768500332329144,-0.006460089655573,high_vol,post_covid
2022-07-20,1,1,0.5954415338889347,-0.0016618051650045,high_vol,post_covid
2022-07-21,0,1,0.566740415250029,0.0025719531628676,high_vol,post_covid
2022-07-22,0,1,0.5779842202242348,-0.0054733551503533,high_vol,post_covid
2022-07-25,1,1,0.595646705172793,-0.0157815830558444,high_vol,post_covid
2022-07-26,1,1,0.5470079279949007,0.0104945845264247,high_vol,post_covid
2022-07-27,1,1,0.5538772378506818,0.0035637179459468,low_vol,post_covid
2022-07-28,1,1,0.5221372794516885,0.066413154321189,low_vol,post_covid
2022-07-29,1,0,0.489246535398368,0.0164573894063598,high_vol,post_covid
2022-08-01,0,1,0.5119781906439305,0.0082020502101014,high_vol,post_covid
2022-08-02,0,1,0.524635537086755,-0.0107355502611754,high_vol,post_covid
2022-08-03,1,1,0.5845350821843245,-0.012009139835891,high_vol,post_covid
2022-08-04,0,1,0.5583712343895915,0.0117107311489876,high_vol,post_covid
2022-08-05,1,1,0.5628104138712857,-0.0140290230329611,high_vol,post_covid
2022-08-08,0,1,0.5585723294856106,0.038261519050693,high_vol,post_covid
2022-08-09,1,1,0.5481443037254689,-0.0065285919262903,high_vol,post_covid
2022-08-10,0,1,0.5099132081528233,0.0126288945362597,high_vol,post_covid
2022-08-11,1,1,0.541337617668775,-0.0191020422959701,high_vol,post_covid
2022-08-12,0,1,0.5247712650973488,0.0171211084070948,high_vol,post_covid
2022-08-15,0,1,0.6032550186023118,-0.0208178257085971,high_vol,post_covid
2022-08-16,0,1,0.5591530132362489,-0.009227117588657,high_vol,post_covid
2022-08-17,0,1,0.5686422528296705,-0.0178001523408237,high_vol,post_covid
2022-08-18,0,1,0.5622844600342985,-0.0134326433343941,high_vol,post_covid
2022-08-19,0,1,0.5596735230550641,-0.0202572441099908,high_vol,post_covid
2022-08-22,1,1,0.5323490564814232,-0.009754704144459,high_vol,post_covid
2022-08-23,0,1,0.5094300887941939,0.0073380265986983,high_vol,post_covid
2022-08-24,1,1,0.5945024058862177,-0.0061729519761266,high_vol,post_covid
2022-08-25,0,1,0.5566117986959859,0.0113667276724015,high_vol,post_covid
2022-08-26,0,1,0.5735103351610651,-0.0196038241038319,high_vol,post_covid
2022-08-29,0,1,0.5685999199783673,-0.0099209536370787,high_vol,post_covid
2022-08-30,0,1,0.606144466818565,-0.0215729835345055,high_vol,post_covid
2022-08-31,0,1,0.60405510327494,-0.022105032555786,high_vol,post_covid
2022-09-01,1,1,0.5858752245303571,-0.0119503326173198,high_vol,post_covid
2022-09-02,1,1,0.555151109289066,0.0127382182832759,high_vol,post_covid
2022-09-06,1,1,0.5655914764430834,0.0010683427142204,high_vol,post_covid
2022-09-07,1,1,0.591759368350687,0.0190364794312365,low_vol,post_covid
2022-09-08,1,1,0.5442135453707514,0.0105850550085953,high_vol,post_covid
2022-09-09,1,1,0.5676986840785819,0.0177360015539183,low_vol,post_covid
2022-09-12,0,1,0.506457324564511,0.0571315221379905,low_vol,post_covid
2022-09-13,1,1,0.5471203155244261,-0.0186491436043642,high_vol,post_covid
2022-09-14,0,1,0.5371316586781297,0.004168775837938,high_vol,post_covid
2022-09-15,1,1,0.6471147238270907,-0.0153189061497699,high_vol,post_covid
2022-09-16,0,0,0.49321288894941734,0.0062904885656765,high_vol,post_covid
2022-09-19,0,1,0.5582106972202768,-0.0011926061030788,high_vol,post_covid
2022-09-20,1,1,0.5604267603507711,-0.0089121858590085,high_vol,post_covid
2022-09-21,1,1,0.5299085102020332,0.0160468754601519,high_vol,post_covid
2022-09-22,0,0,0.48104248913049846,0.0070331170518579,high_vol,post_covid
2022-09-23,0,1,0.5515799799139877,-0.0368376713414767,high_vol,post_covid
2022-09-26,0,1,0.5864218501677783,-0.0233586193614338,high_vol,post_covid
2022-09-27,1,1,0.5901438633990257,-0.008128139417952,high_vol,post_covid
2022-09-28,0,1,0.5976191658443645,0.0290954896146269,high_vol,post_covid
2022-09-29,1,1,0.5743057033359555,-0.0098912490330981,high_vol,post_covid
2022-09-30,1,1,0.5418640298741827,0.0185786414982202,high_vol,post_covid
2022-10-03,1,1,0.5639465878758673,0.0790197937571674,high_vol,post_covid
2022-10-04,0,1,0.5289214228064042,0.0249315810443914,high_vol,post_covid
2022-10-05,1,1,0.5774744511778845,-0.0268828480163843,high_vol,post_covid
2022-10-06,0,0,0.45482384413660054,0.005648319222903,high_vol,post_covid
2022-10-07,0,1,0.6131303562630193,-0.0197618361491832,high_vol,post_covid
2022-10-10,0,1,0.6317849425021451,-0.0320043261662427,high_vol,post_covid
2022-10-11,0,1,0.5621948837657257,-0.0066182788192482,high_vol,post_covid
2022-10-12,0,1,0.6412938695389734,-0.0286666167693868,high_vol,post_covid
2022-10-13,0,1,0.5389146990854558,-0.001060020118937,high_vol,post_covid
2022-10-14,1,1,0.6550282336930789,-0.0457325062047775,high_vol,post_covid
2022-10-17,0,1,0.5190541054822582,0.035927460302267,high_vol,post_covid
2022-10-18,0,1,0.6104445350941567,-0.0055309924234011,high_vol,post_covid
2022-10-19,1,1,0.6029172587343484,-0.0127348135332867,high_vol,post_covid
2022-10-20,1,0,0.49071777766996,0.0178373420972499,high_vol,post_covid
2022-10-21,1,1,0.5529177876858449,0.0199958347525049,high_vol,post_covid
2022-10-24,1,0,0.496449237431344,0.0068556419983137,high_vol,post_covid
2022-10-25,1,1,0.5407278921872689,0.0085686351614001,high_vol,post_covid
2022-10-26,0,1,0.535043458658529,0.0072644560403096,high_vol,post_covid
2022-10-27,0,1,0.5341287685631199,-0.0001026182740154,high_vol,post_covid
2022-10-28,0,1,0.6168159967505318,-0.017139644521139,high_vol,post_covid
2022-10-31,1,1,0.5095701577769636,-0.0011496322074729,high_vol,post_covid
2022-11-01,0,1,0.5427390737171849,0.0282507746451875,high_vol,post_covid
2022-11-02,0,1,0.5455048116747842,-0.0037175686585747,high_vol,post_covid
2022-11-03,1,1,0.5532401558460449,-0.0084025267613085,high_vol,post_covid
2022-11-04,1,1,0.5133651740005175,0.067345086968926,high_vol,post_covid
2022-11-07,1,0,0.4938194122509667,0.0051813490223957,high_vol,post_covid
2022-11-08,0,1,0.5780631548189366,0.0273290667607869,high_vol,post_covid
2022-11-09,1,1,0.5243139781261819,-0.0083693743350891,high_vol,post_covid
2022-11-10,0,1,0.591292517259892,0.0176386053696113,high_vol,post_covid
2022-11-11,1,1,0.5238591068011419,-0.0014311170811253,high_vol,post_covid
2022-11-14,0,1,0.5098064565767647,0.0203948335725667,high_vol,post_covid
2022-11-15,1,1,0.5844363197239705,-0.0272090612411769,high_vol,post_covid
2022-11-16,0,1,0.5205000779982767,0.0002325028839367,high_vol,post_covid
2022-11-17,1,1,0.6259373134811755,-0.0258616731225479,high_vol,post_covid
2022-11-18,0,1,0.5340463071663696,0.0010016412833119,high_vol,post_covid
2022-11-21,1,1,0.6110119431151854,-0.0060728889114197,high_vol,post_covid
2022-11-22,1,1,0.5292259511435393,0.0088341648510531,high_vol,post_covid
2022-11-23,1,1,0.5316737010047803,0.0152393762633645,high_vol,post_covid
2022-11-25,0,1,0.514781089712415,0.0031788576515689,high_vol,post_covid
2022-11-28,1,1,0.5657132553676794,-0.0243309227308889,high_vol,post_covid
2022-11-29,1,1,0.509938139760182,0.0139623592905528,high_vol,post_covid
2022-11-30,1,1,0.5205456639799697,0.0161859157128027,high_vol,post_covid
2022-12-01,1,1,0.5510906183498416,0.049209916152801,high_vol,post_covid
2022-12-02,0,0,0.4854273650263888,0.0175593338412996,high_vol,post_covid
2022-12-05,0,1,0.5649787311452883,-0.0370978151291924,high_vol,post_covid
2022-12-06,1,1,0.5254195594170076,-0.0034294612390245,high_vol,post_covid
2022-12-07,1,1,0.5294681038196947,0.0261875610312076,high_vol,post_covid
2022-12-08,1,0,0.48812456677439076,0.0154242740698702,high_vol,post_covid
2022-12-09,0,0,0.4860724424832514,0.020259078496165,high_vol,post_covid
2022-12-12,1,1,0.5498858707288582,-0.0134747216712116,high_vol,post_covid
2022-12-13,1,1,0.5730261705731937,0.0247136749058692,high_vol,post_covid
2022-12-14,0,0,0.4964815335069333,0.0060736380062031,high_vol,post_covid
2022-12-15,1,1,0.5746198736260311,-0.034757243680659,high_vol,post_covid
2022-12-16,0,1,0.50665313988166,0.0009939200087054,high_vol,post_covid
2022-12-19,1,1,0.5498493369692018,-0.0052836738266561,high_vol,post_covid
2022-12-20,0,1,0.5377791885595875,0.0452085790330277,high_vol,post_covid
2022-12-21,0,1,0.5395180398723854,-0.0024517461475854,high_vol,post_covid
2022-12-22,1,1,0.5821165647336851,-0.0235324794509791,high_vol,post_covid
2022-12-23,1,0,0.4713568511399246,0.0121932123787333,high_vol,post_covid
2022-12-27,0,0,0.49658457070029394,0.0115473198253984,high_vol,post_covid
2022-12-28,1,1,0.5698359749350911,-0.0158064964437297,high_vol,post_covid
2022-12-29,0,1,0.5445418654860826,0.0173858724501074,high_vol,post_covid
2022-12-30,1,1,0.5700993710914692,-0.0090113087659882,high_vol,post_covid
2023-01-03,0,1,0.503162779131548,0.0082219325663381,high_vol,post_covid
2023-01-04,0,1,0.5594470480121884,-0.0111597655355286,high_vol,post_covid
2023-01-05,1,1,0.5651750434054813,-0.0227002480813719,high_vol,post_covid
2023-01-06,0,1,0.5736960362393101,0.0239604106559812,high_vol,post_covid
2023-01-09,0,1,0.5070356375371237,-0.0046282999871726,high_vol,post_covid
2023-01-10,0,1,0.5649295831625325,-0.0086829967719942,high_vol,post_covid
2023-01-11,1,1,0.5550268514492815,-0.0076867742614928,high_vol,post_covid
2023-01-12,1,1,0.5366993068657351,0.0227177050831036,high_vol,post_covid
2023-01-13,0,0,0.48341392171861847,0.0153036636230966,high_vol,post_covid
2023-01-17,0,1,0.5207865335765046,-0.0119150615351395,high_vol,post_covid
2023-01-18,1,1,0.5269155433567989,-0.0174415488257399,high_vol,post_covid
2023-01-19,1,0,0.47473458982991523,0.0094746932260975,high_vol,post_covid
2023-01-20,0,0,0.4638255843393977,0.0031943627619855,high_vol,post_covid
2023-01-23,1,1,0.5535058238567365,-0.0159895231211508,high_vol,post_covid
2023-01-24,1,1,0.5148345984393328,0.0083650730553846,high_vol,post_covid
2023-01-25,1,0,0.4830591185760703,0.00800208660889,low_vol,post_covid
2023-01-26,0,1,0.5122513672429384,0.0038099902209531,low_vol,post_covid
2023-01-27,1,1,0.5567380921303438,-0.0169841987150331,low_vol,post_covid
2023-01-30,1,0,0.49212188365108894,0.0050029794975876,low_vol,post_covid
2023-01-31,0,1,0.5224120574517754,0.0043465868986785,low_vol,post_covid
2023-02-01,1,1,0.5889021681763839,-0.0096046471133444,low_vol,post_covid
2023-02-02,0,1,0.5319288427027827,0.0005525656583878,low_vol,post_covid
2023-02-03,0,1,0.57085421431365,-0.0523360362728266,low_vol,post_covid
2023-02-06,0,1,0.5055364821425498,-0.007054446776556,high_vol,post_covid
2023-02-07,1,1,0.5385869174643773,-0.0027091480467797,high_vol,post_covid
2023-02-08,0,0,0.4802465857754234,0.0112401144485204,high_vol,post_covid
2023-02-09,0,1,0.5673655357036117,-0.0121448260245083,high_vol,post_covid
2023-02-10,0,1,0.5322355635320877,-0.0028551253041003,high_vol,post_covid
2023-02-13,1,1,0.6004821506009108,-0.0098513793805129,low_vol,post_covid
2023-02-14,0,1,0.5341957119291864,0.001099324919779,low_vol,post_covid
2023-02-15,1,1,0.6221091394138694,-0.0136445159444995,low_vol,post_covid
2023-02-16,1,0,0.4857522411320915,0.0063844995838531,low_vol,post_covid
2023-02-17,1,1,0.5468900603140993,0.0004610737700768,low_vol,post_covid
2023-02-21,0,1,0.5193004252337093,0.0080343493113036,low_vol,post_covid
2023-02-22,0,1,0.5988905005260602,-0.0095567090283782,low_vol,post_covid
2023-02-23,0,1,0.6352121447267808,-0.0168532629280413,low_vol,post_covid
2023-02-24,0,1,0.6334201776549228,-0.0234187183121831,low_vol,post_covid
2023-02-27,1,1,0.6154571946042546,-0.006558017529834,low_vol,post_covid
2023-02-28,0,1,0.551892835254911,0.013980211964566,low_vol,post_covid
2023-03-01,0,1,0.5529054320789097,-9.545843099704883e-05,low_vol,post_covid
2023-03-02,1,1,0.620007258553354,-0.0092510610319913,low_vol,post_covid
2023-03-03,0,1,0.5789108036496443,0.0156241815307764,low_vol,post_covid
2023-03-06,0,1,0.5820928039341119,-0.0051810444834949,low_vol,post_covid
2023-03-07,0,1,0.6046127798490449,-0.0453315292222871,low_vol,post_covid
2023-03-08,1,1,0.5661412772267576,-0.0024464773532809,high_vol,post_covid
2023-03-09,1,1,0.5793540387846063,0.000999273546733,high_vol,post_covid
2023-03-10,1,1,0.5332867577395232,0.0173271852221779,low_vol,post_covid
2023-03-13,1,1,0.5498459941720565,0.0672801245786219,low_vol,post_covid
2023-03-14,0,1,0.5257047212964335,0.0062212170156589,high_vol,post_covid
2023-03-15,0,1,0.5115560148771842,-0.0070933955536361,high_vol,post_covid
2023-03-16,1,1,0.5684359709055766,-0.0085790308043531,high_vol,post_covid
2023-03-17,1,1,0.5337267840103511,0.0347334809151579,high_vol,post_covid
2023-03-20,0,0,0.4746208760638458,0.008109888078471,high_vol,post_covid
2023-03-21,1,1,0.6220569743185682,-0.0093186370877453,high_vol,post_covid
2023-03-22,1,0,0.49579818363519906,0.0156006560853749,high_vol,post_covid
2023-03-23,1,1,0.5267016392937578,0.0204725664207847,high_vol,post_covid
2023-03-24,0,1,0.5228214974334868,0.0044405515162579,high_vol,post_covid
2023-03-27,1,1,0.5888819218523321,-0.0083367530478863,high_vol,post_covid
2023-03-28,1,0,0.489586519211172,0.0116435206020948,high_vol,post_covid
2023-03-29,1,1,0.5127975930726185,0.0022269836634541,high_vol,post_covid
2023-03-30,1,1,0.540744995378427,0.0222523238104172,high_vol,post_covid
2023-03-31,0,1,0.5290455536635701,0.0072533472387883,high_vol,post_covid
2023-04-03,1,1,0.5408178290189636,-0.005623032843895,high_vol,post_covid
2023-04-04,0,0,0.4914342495909189,0.0441629425684888,high_vol,post_covid
2023-04-05,1,1,0.502831282771423,-0.0023607099805963,high_vol,post_covid
2023-04-06,0,1,0.5319815206005333,0.002480607655354,high_vol,post_covid
2023-04-10,1,1,0.5437622957041836,-0.00717850914433,high_vol,post_covid
2023-04-11,1,0,0.46655557907428163,0.0114053636701529,high_vol,post_covid
2023-04-12,1,1,0.5024875566589759,0.0108044510287804,high_vol,post_covid
2023-04-13,0,1,0.5242098900190647,0.0183320092138079,high_vol,post_covid
2023-04-14,0,1,0.610737542315947,-0.0175450233342067,high_vol,post_covid
2023-04-17,1,1,0.5510075410077144,-0.014700040651733,high_vol,post_covid
2023-04-18,1,1,0.5017481806369867,0.0077533518923666,high_vol,post_covid
2023-04-19,1,1,0.5390166699110458,0.0046627513338683,high_vol,post_covid
2023-04-20,0,1,0.5304731936424726,7.887447259596853e-05,low_vol,post_covid
2023-04-21,1,1,0.6033643260116601,-0.012494977698831,low_vol,post_covid
2023-04-24,0,0,0.4919604949854016,0.0100479513793226,low_vol,post_covid
2023-04-25,0,1,0.5833293187829306,-0.0170977977883199,low_vol,post_covid
2023-04-26,1,1,0.5103175477583175,-0.0002412365801806,low_vol,post_covid
2023-04-27,1,0,0.4890355728183691,0.0044931078723349,low_vol,post_covid
2023-04-28,1,1,0.54109181670003,0.0006402604183472,low_vol,post_covid
2023-05-01,1,1,0.5165970578356242,0.0003999451587614,low_vol,post_covid
2023-05-02,1,1,0.5299556938700339,0.0156708243118662,low_vol,post_covid
2023-05-03,1,0,0.4894955783739097,0.0028302104083537,low_vol,post_covid
2023-05-04,0,1,0.533085474367876,0.0217049548332912,low_vol,post_covid
2023-05-05,0,1,0.5671646448391485,-0.0112790340754224,low_vol,post_covid
2023-05-08,1,1,0.520841249301664,-0.0041651455359823,low_vol,post_covid
2023-05-09,0,1,0.5293867857481589,0.0024155649373865,low_vol,post_covid
2023-05-10,0,1,0.5583463595461311,-0.0092652790446059,low_vol,post_covid
2023-05-11,0,1,0.5748114937544946,-0.0485251399386122,low_vol,post_covid
2023-05-12,1,1,0.5070620666004539,-0.0109022814822376,high_vol,post_covid
2023-05-15,0,0,0.4783421832203114,0.0056111132479168,high_vol,post_covid
2023-05-16,1,1,0.5701568654951469,-0.0162965872340852,low_vol,post_covid
2023-05-17,0,1,0.5176960178001231,0.0006317798814387,low_vol,post_covid
2023-05-18,1,1,0.5689968173429268,-0.0108791032353455,low_vol,post_covid
2023-05-19,0,0,0.47059173045771646,0.0179272639975394,low_vol,post_covid
2023-05-22,0,1,0.5108509435248861,-0.0086071665081969,low_vol,post_covid
2023-05-23,0,1,0.5336825044125924,-0.0102143004340583,low_vol,post_covid
2023-05-24,0,1,0.5443592781166302,-0.015411717791408,low_vol,post_covid
2023-05-25,1,1,0.590676119380561,-0.0143354660665814,low_vol,post_covid
2023-05-26,0,1,0.5270162282721269,0.0197286406633619,low_vol,post_covid
2023-05-30,1,1,0.551448611323824,-0.0049606387366054,low_vol,post_covid
2023-05-31,1,1,0.5069748596236673,0.014979181931233,low_vol,post_covid
2023-06-01,0,0,0.48704656809845953,0.0169384210370718,low_vol,post_covid
2023-06-02,0,1,0.5879974025029604,-0.0097648131709796,low_vol,post_covid
2023-06-05,1,1,0.5303215980064852,-0.0046208722964025,low_vol,post_covid
2023-06-06,0,1,0.5028607984196416,0.0016981836613594,low_vol,post_covid
2023-06-07,1,1,0.5838837104985614,-0.0057431180320549,low_vol,post_covid
2023-06-08,1,1,0.5251963051986073,0.0345925013421023,low_vol,post_covid
2023-06-09,0,1,0.5006011031955355,0.0028807664450863,low_vol,post_covid
2023-06-12,0,1,0.5342608105716211,-0.0144458739146584,low_vol,post_covid
2023-06-13,1,1,0.5629094391152439,-0.0095935084089889,low_vol,post_covid
2023-06-14,0,1,0.5119514415407476,0.0120503592040533,low_vol,post_covid
2023-06-15,1,1,0.5137035814762094,-0.0063836609209334,low_vol,post_covid
2023-06-16,0,1,0.522083335115338,0.0077136522830098,low_vol,post_covid
2023-06-20,0,1,0.5488708716598869,-0.0373649593408839,low_vol,post_covid
2023-06-21,0,1,0.5324424824944131,-0.0182310014589889,low_vol,post_covid
2023-06-22,0,1,0.5720600567193876,-0.0149526933868668,low_vol,post_covid
2023-06-23,1,1,0.5077474273205289,-0.0048253917743955,low_vol,post_covid
2023-06-26,1,1,0.500553403839762,0.0211383669483799,low_vol,post_covid
2023-06-27,0,1,0.5270919349916595,0.0058586593061086,low_vol,post_covid
2023-06-28,0,1,0.5341240729915491,-0.0030999281155054,low_vol,post_covid
2023-06-29,1,1,0.5262150244098311,-0.0121869754225024,low_vol,post_covid
2023-06-30,1,0,0.497875523496209,0.009647433569253,low_vol,post_covid
2023-07-03,1,1,0.5128363630801175,0.003763205932475,low_vol,post_covid
2023-07-05,0,0,0.4893161050897695,0.0130607628577913,low_vol,post_covid
2023-07-06,1,1,0.5583843178250958,-0.0222749512155603,low_vol,post_covid
2023-07-07,1,1,0.5126938346770917,0.0177381657724809,low_vol,post_covid
2023-07-10,0,1,0.5205305271208955,0.0025517397083946,low_vol,post_covid
2023-07-11,1,1,0.538988118766644,-0.0028115435781746,low_vol,post_covid
2023-07-12,1,1,0.5736998782364023,0.0437734977593467,low_vol,post_covid
2023-07-13,1,1,0.5226680986176299,0.0265525931179977,high_vol,post_covid
2023-07-14,0,1,0.5332232859214746,0.009883182448938,high_vol,post_covid
2023-07-17,1,1,0.5488421139503975,-0.0068193965172751,high_vol,post_covid
2023-07-18,1,1,0.5192301791371923,0.0096139089119908,high_vol,post_covid
2023-07-19,0,0,0.49619720306806525,0.0053674951532174,high_vol,post_covid
2023-07-20,0,1,0.5518501888864674,-0.0165524151786014,low_vol,post_covid
2023-07-21,0,1,0.5561480207126136,-0.0043229912138203,low_vol,post_covid
2023-07-24,1,1,0.5230471167834448,-0.0106647783349655,low_vol,post_covid
2023-07-25,1,1,0.5124908663240919,0.0099357228952733,low_vol,post_covid
2023-07-26,0,1,0.5361524096206052,0.0058580292614486,low_vol,post_covid
2023-07-27,1,1,0.5664415922731967,-0.0240121070628326,low_vol,post_covid
2023-07-28,1,1,0.5396437229866666,0.0055137684731562,low_vol,post_covid
2023-07-31,0,1,0.5107306634120615,0.019665806993158,low_vol,post_covid
2023-08-01,0,1,0.5740603814945752,-0.0263355444575831,low_vol,post_covid
2023-08-02,0,1,0.5360447494649266,-0.0189322394627684,low_vol,post_covid
2023-08-03,1,1,0.5510049710252923,-0.0070975907179582,low_vol,post_covid
2023-08-04,0,1,0.5263174972320306,0.0013134818174508,low_vol,post_covid
2023-08-07,0,1,0.581207780056383,-0.0203176592208071,low_vol,post_covid
2023-08-08,0,1,0.5509334968560377,-0.0185356557894754,low_vol,post_covid
2023-08-09,1,1,0.5365940751527036,-0.0029536661491704,low_vol,post_covid
2023-08-10,0,0,0.49018988414583475,0.0042294834209854,low_vol,post_covid
2023-08-11,0,1,0.5346597102914112,-0.0031704343341889,low_vol,post_covid
2023-08-14,0,1,0.5325613932708022,-0.0013240077569839,low_vol,post_covid
2023-08-15,0,1,0.5426565068855701,-0.0021662639429501,low_vol,post_covid
2023-08-16,1,1,0.5683915095624689,-0.0051026078116372,low_vol,post_covid
2023-08-17,1,1,0.5437510424922088,0.0084164632225146,low_vol,post_covid
2023-08-18,1,1,0.5363583754090427,0.0011021545767478,low_vol,post_covid
2023-08-21,1,0,0.49318379032284726,0.0264804338627224,low_vol,post_covid
2023-08-22,1,1,0.5127925778059143,0.0049653051028895,low_vol,post_covid
2023-08-23,0,1,0.5700519907074971,0.0394752622408374,low_vol,post_covid
2023-08-24,1,1,0.5348514344204847,-0.0062585300483364,low_vol,post_covid
2023-08-25,1,1,0.5719647783350307,0.0003716161548815,low_vol,post_covid
2023-08-28,1,1,0.5300578748513911,0.0007429756554771,low_vol,post_covid
2023-08-29,0,1,0.5584578109546253,0.021994135310275,low_vol,post_covid
2023-08-30,0,0,0.4974616604965322,-0.0017370356493434,low_vol,post_covid
2023-08-31,0,1,0.5654576616096331,-0.0106491732542384,low_vol,post_covid
2023-09-01,0,1,0.5398800209167877,-0.0098555236288249,low_vol,post_covid
2023-09-05,0,1,0.5551812658807721,-0.0282085987060195,low_vol,post_covid
2023-09-06,0,1,0.5441026172486717,-0.0150546505355582,low_vol,post_covid
2023-09-07,0,1,0.5498376486815182,-0.0110928692162592,low_vol,post_covid
2023-09-08,1,1,0.511865842656597,-0.0025304565380251,low_vol,post_covid
2023-09-11,1,1,0.5162689584188728,0.0091749937527949,low_vol,post_covid
2023-09-12,0,1,0.5164871815160023,0.0010382941488321,low_vol,post_covid
2023-09-13,0,1,0.5683102022597583,-0.0093399816986017,low_vol,post_covid
2023-09-14,1,1,0.548432164869735,-0.0071836255216239,low_vol,post_covid
2023-09-15,1,1,0.5212802822077659,0.0164803080600948,low_vol,post_covid
2023-09-18,0,1,0.5176729761794631,0.0045731517952228,low_vol,post_covid
2023-09-19,1,1,0.523909208306751,-0.0016370186882602,low_vol,post_covid
2023-09-20,0,1,0.5177137546203159,0.0164628703895495,low_vol,post_covid
2023-09-21,1,1,0.5722265286898699,-0.0057418964221247,low_vol,post_covid
2023-09-22,0,1,0.5307828166763212,0.0064626255662794,low_vol,post_covid
2023-09-25,0,1,0.5778869569258065,-0.0192984403329267,low_vol,post_covid
2023-09-26,0,1,0.5738229623254536,-0.0084608245112113,low_vol,post_covid
2023-09-27,1,1,0.6390932986092192,-0.0208254374939436,low_vol,post_covid
2023-09-28,0,1,0.5461068363891164,0.0016891943887116,low_vol,post_covid
2023-09-29,0,1,0.6327839101894642,-0.0124691268087677,low_vol,post_covid
2023-10-02,0,1,0.6243458541044736,-0.0468627023821462,low_vol,post_covid
2023-10-03,0,1,0.5559236939100153,-0.001887014222257,high_vol,post_covid
2023-10-04,0,1,0.6339548230159928,-0.0105379115392464,low_vol,post_covid
2023-10-05,1,1,0.5908429097684378,-0.0051669718033495,low_vol,post_covid
2023-10-06,1,1,0.5022541309945199,0.0326537143427282,low_vol,post_covid
2023-10-09,1,0,0.49348215740116314,0.0092881287693801,high_vol,post_covid
2023-10-10,1,1,0.5262408024374413,0.0016085601642278,high_vol,post_covid
2023-10-11,0,1,0.519000341613535,0.0082776254788599,low_vol,post_covid
2023-10-12,1,1,0.5293558544085809,-0.0075431070796156,low_vol,post_covid
2023-10-13,0,1,0.5613856416646675,0.0420106918716353,low_vol,post_covid
2023-10-16,1,1,0.5167914382980945,-0.0051613001516805,high_vol,post_covid
2023-10-17,1,1,0.5093636887364201,0.0111276081093066,high_vol,post_covid
2023-10-18,0,1,0.5270099983744397,0.003536553663981,high_vol,post_covid
2023-10-19,1,1,0.5035708952669601,-0.0024874492836912,high_vol,post_covid
2023-10-20,0,1,0.5662806018817936,0.0200707767881152,low_vol,post_covid
2023-10-23,0,1,0.5896757747893561,-0.0120200196350888,low_vol,post_covid
2023-10-24,0,1,0.5584835898127783,-0.0039955304267433,low_vol,post_covid
2023-10-25,0,1,0.5519978795056766,-0.0044921781162672,low_vol,post_covid
2023-10-26,0,1,0.5658418083900498,-0.0039418476803252,low_vol,post_covid
2023-10-27,1,1,0.5360380612625361,-0.0007463265244723,low_vol,post_covid
2023-10-30,0,1,0.5298273791204355,0.0222366119510656,low_vol,post_covid
2023-10-31,0,1,0.602811898701297,-0.0191233628331628,low_vol,post_covid
2023-11-01,1,1,0.5946473579429121,-0.0068532597237541,low_vol,post_covid
2023-11-02,1,1,0.5637870206226144,0.0029051867565586,low_vol,post_covid
2023-11-03,0,1,0.5325560543115869,0.0195863140689444,low_vol,post_covid
2023-11-06,0,1,0.5234476951613112,-0.0022438000934274,low_vol,post_covid
2023-11-07,1,1,0.6003097579379589,-0.0280808144958862,low_vol,post_covid
2023-11-08,1,1,0.5264611322553888,0.0061565887176131,low_vol,post_covid
2023-11-09,0,1,0.5038693764107365,0.0080918696681169,low_vol,post_covid
2023-11-10,1,1,0.6180093295784246,-0.0273514909389634,low_vol,post_covid
2023-11-13,1,1,0.513800251437126,0.0037740815747684,low_vol,post_covid
2023-11-14,1,1,0.5324243501400873,0.0343813088093748,low_vol,post_covid
2023-11-15,1,0,0.48520434798965717,0.0174388118272513,high_vol,post_covid
2023-11-16,0,1,0.5697373753744283,0.0171817377046447,high_vol,post_covid
2023-11-17,0,1,0.5195660029125398,-0.0034800220749499,high_vol,post_covid
2023-11-20,1,1,0.5648077776358242,-0.0097071556475623,low_vol,post_covid
2023-11-21,0,1,0.5118230780324025,0.011134185035356,low_vol,post_covid
2023-11-22,1,1,0.5429731888501883,-0.0071977380011805,low_vol,post_covid
2023-11-24,1,1,0.5405130246542383,0.0273761213884642,low_vol,post_covid
2023-11-27,1,1,0.5198682814680364,0.0139999593792109,low_vol,post_covid
2023-11-28,1,1,0.539561462827687,0.0104028765248365,low_vol,post_covid
2023-11-29,1,1,0.5127583066751707,0.0056797959206517,low_vol,post_covid
2023-11-30,1,1,0.5058905116385715,0.0087759429537295,low_vol,post_covid
2023-12-01,0,1,0.549206233410994,0.0081116086006605,low_vol,post_covid
2023-12-04,0,1,0.5854269379190794,-0.0377237453323532,low_vol,post_covid
2023-12-05,0,1,0.5552755296621386,-0.0145215484694811,high_vol,post_covid
2023-12-06,0,1,0.5557774397621401,-0.0129758640615114,high_vol,post_covid
2023-12-07,0,1,0.5156026636791132,-0.0065937362039322,high_vol,post_covid
2023-12-08,0,1,0.6129429642231825,-0.0325917831578623,low_vol,post_covid
2023-12-11,0,1,0.5358649828288219,-0.00865692483212,high_vol,post_covid
2023-12-12,0,1,0.5369578786721971,-0.0019779824453282,high_vol,post_covid
2023-12-13,1,1,0.5508453245886267,-0.0039235926970757,high_vol,post_covid
2023-12-14,0,1,0.5186193057684434,0.0623717994283268,low_vol,post_covid
2023-12-15,0,1,0.5349721426117373,-0.009423403971239,high_vol,post_covid
2023-12-18,1,1,0.5069448917270485,-0.0016352476199671,high_vol,post_covid
2023-12-19,1,0,0.48277730378810096,0.008731919861235,high_vol,post_covid
2023-12-20,0,1,0.5021264694875275,0.0126894959162955,high_vol,post_covid
2023-12-21,0,1,0.5395017919356566,-0.0016443016028263,high_vol,post_covid
2023-12-22,0,1,0.5153057356767919,-0.0006995613583617,high_vol,post_covid
2023-12-26,1,1,0.5281885784466864,-0.0060289159675862,high_vol,post_covid
2023-12-27,0,1,0.5367206707366889,0.0095221521458833,high_vol,post_covid
2023-12-28,0,1,0.537422349433715,-0.0099363499876095,high_vol,post_covid
2023-12-29,0,1,0.5574097658404653,-0.0117116444414016,high_vol,post_covid
2024-01-02,0,1,0.5156549192885621,-0.0050435461056927,high_vol,post_covid
2024-01-03,1,1,0.6004906527014543,-0.0337228842115219,low_vol,post_covid
2024-01-04,1,1,0.5303321989341553,0.0018722624572959,high_vol,post_covid
2024-01-05,0,1,0.5414201334385945,0.0057686794394215,high_vol,post_covid
2024-01-08,0,1,0.565140505928362,-8.645393120405551e-05,high_vol,post_covid
2024-01-09,0,1,0.5795323571658839,-0.0093865416204621,low_vol,post_covid
2024-01-10,0,1,0.5536379529179701,-0.0008735280702388,low_vol,post_covid
2024-01-11,1,1,0.5937801804006274,-0.0152795782626034,low_vol,post_covid
2024-01-12,0,1,0.5433076777606194,0.0273546009400665,low_vol,post_covid
2024-01-16,0,1,0.5375302514932581,-0.0099360871896638,low_vol,post_covid
2024-01-17,1,1,0.5699142457051354,-0.0183507450918792,low_vol,post_covid
2024-01-18,0,1,0.5362128046140454,0.0066839133957381,low_vol,post_covid
2024-01-19,0,1,0.5795096784380955,-0.0042442556125047,low_vol,post_covid
2024-01-22,1,1,0.5899889249358623,-0.0182416219947522,low_vol,post_covid
2024-01-23,1,1,0.5409821467328219,0.007685928029686,low_vol,post_covid
2024-01-24,1,1,0.5394599393383266,0.0186746999607451,low_vol,post_covid
2024-01-25,0,1,0.550512943677638,0.0023265117764248,low_vol,post_covid
2024-01-26,1,1,0.5650685498066167,-0.0023265117764249,low_vol,post_covid
2024-01-29,0,1,0.5338266100321343,0.0166914441223683,low_vol,post_covid
2024-01-30,0,1,0.5606753132390779,-0.001340691595198,low_vol,post_covid
2024-01-31,1,1,0.5682696170124251,-0.0024264388486063,low_vol,post_covid
2024-02-01,0,1,0.5703423774628908,0.0034212616941241,low_vol,post_covid
2024-02-02,0,1,0.5858422662286928,-0.0187214541692316,low_vol,post_covid
2024-02-05,1,1,0.5999195385393075,-0.016254071977408,low_vol,post_covid
2024-02-06,0,1,0.5853966813671214,0.0025934805369113,low_vol,post_covid
2024-02-07,1,1,0.5789013548174663,-0.0051487554067026,low_vol,post_covid
2024-02-08,0,1,0.5874665291887106,0.0128004180028982,low_vol,post_covid
2024-02-09,1,1,0.5875934099805473,-0.0016410823894577,low_vol,post_covid
2024-02-12,0,1,0.5643643167568034,0.008002330999257,low_vol,post_covid
2024-02-13,1,1,0.6060530776826117,-0.02736467850436,low_vol,post_covid
2024-02-14,1,1,0.5871680749822539,0.010579192585494,low_vol,post_covid
2024-02-15,1,1,0.5562850326607593,0.0256849997776841,low_vol,post_covid
2024-02-16,0,1,0.5166023534336506,0.022740447113613,low_vol,post_covid
2024-02-20,0,1,0.5671779141942217,-0.0143089035053455,low_vol,post_covid
2024-02-21,0,1,0.5725097263523551,-0.0110974903098761,low_vol,post_covid
2024-02-22,1,1,0.5732602923906416,-0.0037706307377119,low_vol,post_covid
2024-02-23,0,1,0.59611119371537,0.008921232752946,low_vol,post_covid
2024-02-26,1,1,0.5928321976321252,-0.0198748864416723,low_vol,post_covid
2024-02-27,0,1,0.5664558831598462,0.0002664528735505,low_vol,post_covid
2024-02-28,1,1,0.5734927152042121,-0.0050297601566907,low_vol,post_covid
2024-02-29,1,1,0.5555982280299367,0.0113587394636808,low_vol,post_covid
2024-03-01,1,1,0.6027399655313039,0.0211287435864723,low_vol,post_covid
2024-03-04,0,1,0.5686091694581216,0.0268080459452519,low_vol,post_covid
2024-03-05,1,1,0.5813347812421525,-0.0006730403011057,low_vol,post_covid
2024-03-06,1,1,0.553399089215325,0.0211936265043212,low_vol,post_covid
2024-03-07,0,1,0.538539321368118,0.0040295058717298,low_vol,post_covid
2024-03-08,1,1,0.5357544457629534,-0.0012728711545629,low_vol,post_covid
2024-03-11,0,0,0.49971260612944346,0.0070827271558161,low_vol,post_covid
2024-03-12,1,1,0.6089023716530096,-0.0130580794469057,low_vol,post_covid
2024-03-13,0,1,0.5216450645786795,0.0311297852949607,low_vol,post_covid
2024-03-14,1,1,0.5468036197803969,-0.0034113606080662,low_vol,post_covid
2024-03-15,0,1,0.5287230861324829,0.0130209214772439,low_vol,post_covid
2024-03-18,0,1,0.5385185482288839,-0.0043348245037173,low_vol,post_covid
2024-03-19,0,1,0.543695652619886,-0.0050743851005788,low_vol,post_covid
2024-03-20,0,1,0.5294299848484635,-0.0012425653057644,low_vol,post_covid
2024-03-21,0,1,0.5448743512071651,-0.0033747021407657,low_vol,post_covid
2024-03-22,1,1,0.5623883312733204,-0.0063382660749776,low_vol,post_covid
2024-03-25,0,1,0.5400943442316078,0.0021442006521723,low_vol,post_covid
2024-03-26,1,1,0.5574489719561067,-0.0106444912660272,low_vol,post_covid
2024-03-27,1,1,0.5384628538092399,0.0057831960050593,low_vol,post_covid
2024-03-28,1,1,0.5322420207418963,0.0069605267438554,low_vol,post_covid
2024-04-01,1,1,0.5198853034324384,0.0063114351425985,low_vol,post_covid
2024-04-02,1,1,0.5415362425237731,0.0334954028401064,low_vol,post_covid
2024-04-03,1,1,0.5194562182199269,0.0432681882748692,low_vol,post_covid
2024-04-04,1,1,0.5096714816416777,0.007210891858137,high_vol,post_covid
2024-04-05,1,1,0.5270082285561571,0.0095343675540524,high_vol,post_covid
2024-04-08,1,0,0.4890147468108798,0.0113225290539111,low_vol,post_covid
2024-04-09,1,1,0.5197809801622081,0.006438554423385,low_vol,post_covid
2024-04-10,1,0,0.46305147567023575,0.0025066149818774,low_vol,post_covid
2024-04-11,1,1,0.509329530877554,0.0076598749434603,low_vol,post_covid
2024-04-12,1,1,0.5031629016191244,0.0027998305052806,low_vol,post_covid
2024-04-15,0,1,0.5001282991953959,0.0139179106988542,low_vol,post_covid
2024-04-16,1,1,0.5849612378952678,-0.0116906411962324,low_vol,post_covid
2024-04-17,0,1,0.5511470231783645,0.0009882775478184,low_vol,post_covid
2024-04-18,1,1,0.5325311664587818,-0.0005999187836205,low_vol,post_covid
2024-04-19,0,1,0.5103752554028324,0.0167671142979296,low_vol,post_covid
2024-04-22,1,1,0.6124671409629759,-0.0569583697543458,low_vol,post_covid
2024-04-23,0,0,0.4999532856847435,0.0043267900183853,high_vol,post_covid
2024-04-24,1,1,0.5097406804919277,-0.000256151117996,high_vol,post_covid
2024-04-25,0,1,0.519211843463256,0.0006585318188921,high_vol,post_covid
2024-04-26,1,1,0.5420390607737423,-0.0037007841495205,high_vol,post_covid
2024-04-29,0,1,0.5154857315937684,0.0048339338028291,high_vol,post_covid
2024-04-30,1,1,0.5997749682090626,-0.0365340252931376,low_vol,post_covid
2024-05-01,1,1,0.5276131900959623,0.0037064933043998,high_vol,post_covid
2024-05-02,0,0,0.4948981656968513,0.0035423560473991,high_vol,post_covid
2024-05-03,1,1,0.5700950518066604,-0.0052048276434164,high_vol,post_covid
2024-05-06,0,1,0.5263720006830657,0.0343438740978117,low_vol,post_covid
2024-05-07,1,1,0.5143987992850537,-0.0024143992550719,high_vol,post_covid
2024-05-08,1,1,0.5281761743546304,0.0021220762040986,high_vol,post_covid
2024-05-09,1,1,0.5243873118904118,0.0277890733362091,high_vol,post_covid
2024-05-10,0,1,0.505064637002956,0.0050702911497979,high_vol,post_covid
2024-05-13,1,1,0.5100443579283748,-0.0019116030625229,high_vol,post_covid
2024-05-14,1,1,0.519119324172246,0.0093112489112331,high_vol,post_covid
2024-05-15,1,1,0.5648487403964461,0.0354870706137703,low_vol,post_covid
2024-05-16,1,1,0.5013854544782859,0.0051032055995613,high_vol,post_covid
2024-05-17,1,1,0.5546814570876619,0.0455342832868171,high_vol,post_covid
2024-05-20,0,0,0.49165144267161953,0.0366195629954468,high_vol,post_covid
2024-05-21,0,1,0.5694097873556889,-0.010519404379332,high_vol,post_covid
2024-05-22,0,1,0.5720987045689244,-0.0181440296611837,high_vol,post_covid
2024-05-23,1,1,0.5611729201861099,-0.0328388094732323,high_vol,post_covid
2024-05-24,1,1,0.5246733156334673,0.0015177858437001,high_vol,post_covid
2024-05-28,1,1,0.5013114324852693,0.0526919437217662,high_vol,post_covid
2024-05-29,0,0,0.4697399073623225,0.0072303255233753,high_vol,post_covid
2024-05-30,0,1,0.5526414925485303,-0.0256339186086398,high_vol,post_covid
2024-05-31,1,1,0.6047414918031312,-0.0353769428978655,high_vol,post_covid
2024-06-03,0,0,0.4942621910717027,0.0112902788931802,high_vol,post_covid
2024-06-04,1,1,0.608932727305302,-0.0383555753942955,high_vol,post_covid
2024-06-05,1,1,0.5273735844614567,0.0154791124173614,high_vol,post_covid
2024-06-06,0,1,0.5077146853165942,0.0424608204326268,high_vol,post_covid
2024-06-07,1,1,0.6090161419800139,-0.0631420521041007,high_vol,post_covid
2024-06-10,0,0,0.4808866742813067,0.0146862421899634,high_vol,post_covid
2024-06-11,1,1,0.5436156400469668,-0.0215960209810694,high_vol,post_covid
2024-06-12,0,1,0.5622899641731571,0.0351753937944472,high_vol,post_covid
2024-06-13,1,1,0.6087966456326571,-0.040095991133413,high_vol,post_covid
2024-06-14,0,0,0.46761800439767975,0.0141117787346014,high_vol,post_covid
2024-06-17,1,1,0.5456333112501768,-0.0026222932167364,high_vol,post_covid
2024-06-18,1,0,0.49284362798261355,0.0061192915091335,high_vol,post_covid
2024-06-20,0,0,0.48371362835915305,0.042175423140735,high_vol,post_covid
2024-06-21,0,1,0.6304736437019094,-0.0398733538592195,high_vol,post_covid
2024-06-24,0,1,0.5227677318646985,-0.0028444580283353,high_vol,post_covid
2024-06-25,1,1,0.5608976441516812,-0.0223580422078538,high_vol,post_covid
2024-06-26,1,0,0.4982567402009615,0.0024936979354411,high_vol,post_covid
2024-06-27,1,1,0.523008781880435,0.0003112342322613,high_vol,post_covid
2024-06-28,1,0,0.46891280404167685,0.0109708004595249,high_vol,post_covid
2024-07-01,1,1,0.5007428522427869,0.0021524762462155,high_vol,post_covid
2024-07-02,1,1,0.5078910619137876,0.0018072875503516,high_vol,post_covid
2024-07-03,1,1,0.5328750324886824,0.0399044504806992,high_vol,post_covid
2024-07-05,0,1,0.5027150649507984,0.0271264418063468,high_vol,post_covid
2024-07-08,1,1,0.588456111192213,-0.0248375975149204,high_vol,post_covid
2024-07-09,0,0,0.48212478337144643,0.0050170924637057,high_vol,post_covid
2024-07-10,1,1,0.5046706741441536,-0.0014634412045361,high_vol,post_covid
2024-07-11,0,1,0.5380137580502364,0.021475039610783,high_vol,post_covid
2024-07-12,0,1,0.5306583342066733,-0.0163137667505043,high_vol,post_covid
2024-07-15,1,0,0.49957442519827444,-0.0069527812687735,high_vol,post_covid
2024-07-16,0,1,0.5096824029349889,0.0169076006226226,high_vol,post_covid
2024-07-17,0,1,0.5173167724357444,-0.0345041918964456,high_vol,post_covid
2024-07-18,0,1,0.5308088300923707,-0.0047228947992953,high_vol,post_covid
2024-07-19,1,1,0.572381016455502,-0.0307050336457509,high_vol,post_covid
2024-07-22,1,1,0.5063919065906313,0.0012368999553464,high_vol,post_covid
2024-07-23,0,1,0.5136300286850292,0.0002746299143454,high_vol,post_covid
2024-07-24,0,0,0.49678740138301075,-0.0005494007796076,high_vol,post_covid
2024-07-25,1,1,0.5992400041372022,-0.046000065501129,high_vol,post_covid
2024-07-26,0,1,0.5328257149124389,0.0019042312320985,high_vol,post_covid
2024-07-29,1,1,0.5284746516027895,-0.0056513116278033,high_vol,post_covid
2024-07-30,1,1,0.5395612132242695,0.0236153040777012,high_vol,post_covid
2024-07-31,0,1,0.5033881307430025,0.0144552193900665,high_vol,post_covid
2024-08-01,0,1,0.5336155105662407,-0.0156546126917765,high_vol,post_covid
2024-08-02,0,0,0.48280490290728284,-0.0030047244967827,high_vol,post_covid
2024-08-05,1,1,0.561999315535339,-0.042304130374756,high_vol,post_covid
2024-08-06,0,1,0.5520245000855647,0.0007384057574275,high_vol,post_covid
2024-08-07,1,1,0.6058629325671631,-0.0098654786996183,high_vol,post_covid
2024-08-08,0,1,0.554660553052944,0.0246653430785987,high_vol,post_covid
2024-08-09,1,1,0.5777096264105804,-0.0004728568075701,high_vol,post_covid
2024-08-12,0,1,0.5532849253146123,0.0155226678404097,high_vol,post_covid
2024-08-13,0,1,0.5952513779117926,-0.0079839352394632,high_vol,post_covid
2024-08-14,1,1,0.6395581717161062,-0.0160515917758671,high_vol,post_covid
2024-08-15,1,0,0.49234335058719514,0.0391444813330328,high_vol,post_covid
2024-08-16,1,1,0.5388113747606065,0.0152664320763654,high_vol,post_covid
2024-08-19,1,1,0.5132538745035962,0.0159264249544485,high_vol,post_covid
2024-08-20,1,0,0.4919019281991878,0.0073260453295824,high_vol,post_covid
2024-08-21,0,1,0.502996015800068,0.0007126948269382,high_vol,post_covid
2024-08-22,1,1,0.568880832758659,-0.0160736441864298,high_vol,post_covid
2024-08-23,1,1,0.5577765251969691,0.0265357378747969,high_vol,post_covid
2024-08-26,0,0,0.4816972908554075,0.0063919361337561,high_vol,post_covid
2024-08-27,0,1,0.5374860383762724,-0.0008676769144129,high_vol,post_covid
2024-08-28,1,1,0.5635123554206216,-0.0262162462150797,high_vol,post_covid
2024-08-29,0,1,0.5073917866715721,0.012974101683713,high_vol,post_covid
2024-08-30,0,1,0.6029049729889199,-0.0283438650447575,high_vol,post_covid
2024-09-03,1,1,0.5525254723876206,-0.0275237257628213,high_vol,post_covid
2024-09-04,1,1,0.5427352127925349,0.0076980886646441,high_vol,post_covid
2024-09-05,0,1,0.5742033627822162,0.0194426468279422,high_vol,post_covid
2024-09-06,1,1,0.5700323567233888,-0.0322699508861542,high_vol,post_covid
2024-09-09,0,1,0.5489316630149483,0.0172199764271456,high_vol,post_covid
2024-09-10,1,1,0.5835326793992869,-0.0012025323839555,high_vol,post_covid
2024-09-11,1,1,0.5546174214015979,0.0107709509270009,high_vol,post_covid
2024-09-12,1,1,0.5471398064436961,0.0404816468582399,high_vol,post_covid
2024-09-13,1,1,0.500915763632743,0.0316362501739369,high_vol,post_covid
2024-09-16,0,1,0.516398477118278,0.0023426236301238,high_vol,post_covid
2024-09-17,0,1,0.5548654537197489,-0.0049519706587467,high_vol,post_covid
2024-09-18,1,1,0.5423268250275325,-0.0091207942687197,high_vol,post_covid
2024-09-19,1,1,0.5238072228253856,0.0245149500203459,high_vol,post_covid
2024-09-20,0,1,0.520634528026411,0.0026337170136072,high_vol,post_covid
2024-09-23,1,1,0.5367000377191681,-0.0132058936590784,high_vol,post_covid
2024-09-24,0,1,0.5300367404434122,0.0427559589978702,high_vol,post_covid
2024-09-25,1,1,0.5326110546311826,-0.0129450664972759,high_vol,post_covid
2024-09-26,0,1,0.5292413492318044,0.0102633094631956,high_vol,post_covid
2024-09-27,0,1,0.5468391472210974,-0.0159263853939381,high_vol,post_covid
2024-09-30,1,1,0.5495201756816305,-0.0113269417659716,high_vol,post_covid
2024-10-01,1,1,0.5443231807690136,0.0089764100210221,high_vol,post_covid
2024-10-02,1,1,0.5078988052543026,0.0058028341198542,high_vol,post_covid
2024-10-03,0,0,0.49919329637326143,0.0175819412715916,high_vol,post_covid
2024-10-04,0,1,0.5504954665309607,-0.0018968809058246,high_vol,post_covid
2024-10-07,0,1,0.5475446611313391,-0.0119926137168983,high_vol,post_covid
2024-10-08,1,1,0.6115931419569824,-0.0447740255570652,high_vol,post_covid
2024-10-09,1,1,0.5262637941286143,0.0023033802954609,high_vol,post_covid
2024-10-10,1,1,0.5529554304103619,0.0188838409366418,high_vol,post_covid
2024-10-11,0,1,0.5463531783460411,0.0164738247784758,high_vol,post_covid
2024-10-14,1,1,0.5737893472168868,-0.0139612276840572,high_vol,post_covid
2024-10-15,1,1,0.5387043036876882,0.0141832832747411,high_vol,post_covid
2024-10-16,0,1,0.5393229787419738,0.0073633084822205,high_vol,post_covid
2024-10-17,1,1,0.5697670456283007,-0.0059053200559765,high_vol,post_covid
2024-10-18,1,1,0.5578830917856611,0.0451745103243041,high_vol,post_covid
2024-10-21,1,0,0.49763243061206625,0.0250232925690566,high_vol,post_covid
2024-10-22,0,1,0.5841646187267419,0.028007705223037,high_vol,post_covid
2024-10-23,0,1,0.582356514127839,-0.0347920146848413,high_vol,post_covid
2024-10-24,0,1,0.5505029253957279,-0.0008624208011049,high_vol,post_covid
2024-10-25,1,1,0.555574373631679,-0.0002380283905212,high_vol,post_covid
2024-10-28,1,1,0.5322177757480203,0.0067326691482957,high_vol,post_covid
2024-10-29,0,1,0.544544289026944,0.0128931478896235,high_vol,post_covid
2024-10-30,0,1,0.5492137699010412,-0.0104132331295875,high_vol,post_covid
2024-10-31,0,1,0.5831781438776904,-0.0378912203007492,high_vol,post_covid
2024-11-01,0,1,0.5399206713854052,-0.0034051742866935,high_vol,post_covid
2024-11-04,1,1,0.556638919300145,-0.0019070558906162,high_vol,post_covid
2024-11-05,0,1,0.518988481142921,0.005373444773038,high_vol,post_covid
2024-11-06,1,1,0.5573221604544157,-0.0449069791446432,high_vol,post_covid
2024-11-07,0,1,0.5230822440940753,0.01727406867574,high_vol,post_covid
2024-11-08,0,1,0.5484603617294239,-0.0128637521278415,high_vol,post_covid
2024-11-11,1,1,0.5947176926705657,-0.0264639536076007,high_vol,post_covid
2024-11-12,0,0,0.477191345074154,0.004769221606362,high_vol,post_covid
2024-11-13,0,1,0.54670946806363,-0.0031333882238479,high_vol,post_covid
2024-11-14,0,1,0.5491988965006588,-0.0026842378549477,high_vol,post_covid
2024-11-15,1,1,0.5274939895720387,-0.0045007100037894,high_vol,post_covid
2024-11-18,1,0,0.4787706042479548,0.0257432817820237,high_vol,post_covid
2024-11-19,0,0,0.48884025606880016,0.001442980997355,high_vol,post_covid
2024-11-20,0,1,0.5482542133769475,-0.0081076568730672,high_vol,post_covid
2024-11-21,1,1,0.5167722581497602,-0.0014223419427708,high_vol,post_covid
2024-11-22,0,0,0.49866705162243,0.0127611173821083,high_vol,post_covid
2024-11-25,1,1,0.6233664215288919,-0.0357326315447461,high_vol,post_covid
2024-11-26,0,0,0.4929198175589145,0.0058748446160608,high_vol,post_covid
2024-11-27,1,1,0.5824733817341257,-0.0091572541824227,high_vol,post_covid
2024-11-29,0,1,0.5106809301423036,0.0188833629097644,high_vol,post_covid
2024-12-02,1,1,0.6029138675184069,-0.0077207850863195,high_vol,post_covid
2024-12-03,1,0,0.4655914164691895,0.0204148515918642,high_vol,post_covid
2024-12-04,0,1,0.5021462808115216,0.0136782518138293,high_vol,post_covid
2024-12-05,1,1,0.5794831477160277,-0.0118457421471337,high_vol,post_covid
2024-12-06,1,1,0.5364930318111726,0.0016688079752088,high_vol,post_covid
2024-12-09,1,0,0.4996827522678578,0.032493908650519,low_vol,post_covid
2024-12-10,1,1,0.5127751977515338,0.0045525516432505,high_vol,post_covid
2024-12-11,0,1,0.5211854002964867,0.006130209866492,high_vol,post_covid
2024-12-12,0,1,0.5813230221054527,-0.0418308239639486,high_vol,post_covid
2024-12-13,1,1,0.5946989806223038,-0.0185193451665176,high_vol,post_covid
2024-12-16,0,1,0.5174188289221773,0.0013691427383188,high_vol,post_covid
2024-12-17,0,1,0.5207489402494819,-0.0040476813347201,high_vol,post_covid
2024-12-18,0,0,0.47277620602581377,-0.0053457683458,high_vol,post_covid
2024-12-19,1,1,0.6590019159927792,-0.0442395340405014,high_vol,post_covid
2024-12-20,1,1,0.5552914564918653,0.0192673689341341,high_vol,post_covid
2024-12-23,1,1,0.5386640315020986,0.0076577468182472,high_vol,post_covid
2024-12-24,1,1,0.5427460993493587,0.0028732918924558,high_vol,post_covid
2024-12-26,0,1,0.5277704545060297,0.0024324815651202,high_vol,post_covid
2024-12-27,0,1,0.5572294016486502,-0.0131320833958917,high_vol,post_covid
2024-12-30,0,1,0.5660412040599843,-0.0186863990233293,high_vol,post_covid
2024-12-31,1,1,0.5745092969252528,-0.0057196297645221,high_vol,post_covid
2025-01-02,1,1,0.5511934167567004,0.0232925800904974,high_vol,post_covid
2025-01-03,1,1,0.5503314986342573,0.006192387587816,high_vol,post_covid
2025-01-06,1,1,0.5206143008420143,0.0178231528109029,high_vol,post_covid
2025-01-07,1,1,0.5395228165821421,0.0034546235265238,high_vol,post_covid
2025-01-08,1,1,0.5525598695685452,0.0001641787472389,high_vol,post_covid
2025-01-10,0,1,0.5401641869082234,0.0207667130560536,low_vol,post_covid
2025-01-13,1,1,0.6529290833792132,-0.032692264938458,high_vol,post_covid
2025-01-14,1,1,0.5480749685823081,0.0013616184127786,high_vol,post_covid
2025-01-15,1,1,0.568015485494798,0.0386372209773091,high_vol,post_covid
2025-01-16,0,1,0.5359865445571781,0.0064925109480556,high_vol,post_covid
2025-01-17,1,1,0.5809727232012962,-0.0183121451876926,high_vol,post_covid
2025-01-21,0,1,0.5418575857501693,0.0115641841335189,high_vol,post_covid
2025-01-22,0,1,0.5601397547038991,-0.0023021753484576,high_vol,post_covid
2025-01-23,1,1,0.5812645171961162,-0.0182845247317407,high_vol,post_covid
2025-01-24,0,1,0.5222910698406623,0.0113460882464443,high_vol,post_covid
2025-01-27,1,1,0.5788098152561117,-0.0251004904308472,high_vol,post_covid
2025-01-28,1,1,0.5812882073283838,0.0155133260085374,high_vol,post_covid
2025-01-29,1,1,0.526848293617647,0.0164936067124741,high_vol,post_covid
2025-01-30,0,1,0.5407402564859612,0.0354113146340284,high_vol,post_covid
2025-01-31,1,1,0.5538430148587107,-0.0073187721362589,high_vol,post_covid
2025-02-03,1,1,0.525503569645781,0.0081835531943776,high_vol,post_covid
2025-02-04,0,0,0.49421008937462374,0.0151964384719675,high_vol,post_covid
2025-02-05,0,1,0.5441083135435887,-0.0009430997788202,high_vol,post_covid
2025-02-06,0,1,0.5828531389972621,-0.0103709346275713,high_vol,post_covid
2025-02-07,1,1,0.5449673638586074,-0.0056436234512397,high_vol,post_covid
2025-02-10,0,1,0.541879316287644,0.0017612193856637,low_vol,post_covid
2025-02-11,1,1,0.543941661145144,-0.0049827348765946,low_vol,post_covid
2025-02-12,0,1,0.5369711567118896,0.0142934605854138,low_vol,post_covid
2025-02-13,1,1,0.5439002555184675,-0.0013772492223574,low_vol,post_covid
2025-02-14,1,1,0.5504797729725821,0.0046140602667888,low_vol,post_covid
2025-02-18,0,1,0.5298079795492968,0.0156088548100509,low_vol,post_covid
2025-02-19,1,1,0.5633768702347178,-0.0097723988552577,low_vol,post_covid
2025-02-20,0,1,0.5322514909080471,0.0135769869093502,low_vol,post_covid
2025-02-21,0,1,0.5664181960079002,-0.0140923286891479,low_vol,post_covid
2025-02-24,0,1,0.5768378213083638,-0.0122349304667261,low_vol,post_covid
2025-02-25,1,1,0.5958633448683505,-0.02404739188632,low_vol,post_covid
2025-02-26,0,1,0.5536980041970647,0.0141132565311515,low_vol,post_covid
2025-02-27,0,1,0.5940951203887508,-0.0141132565311516,low_vol,post_covid
2025-02-28,1,1,0.638921679007007,-0.018470875119724,low_vol,post_covid
2025-03-03,1,1,0.5747238998976363,0.0257085703902911,low_vol,post_covid
2025-03-04,1,1,0.5526216577883244,0.0023698236792854,low_vol,post_covid
2025-03-05,1,1,0.5885171092377807,0.0230900249999023,low_vol,post_covid
2025-03-06,0,1,0.5202574836065278,0.0062195255750428,low_vol,post_covid
2025-03-07,0,1,0.6152598705651762,-0.0156988909221932,low_vol,post_covid
2025-03-10,1,1,0.5582469817846814,-0.0084229491380739,low_vol,post_covid
2025-03-11,1,1,0.5396038962605437,0.0188148804322373,low_vol,post_covid
2025-03-12,1,1,0.5448772277650565,0.0179598829889372,low_vol,post_covid
2025-03-13,1,1,0.5436066638085738,0.0167916147706379,low_vol,post_covid
2025-03-14,0,1,0.5439432693861551,0.0039861006787836,low_vol,post_covid
2025-03-17,1,1,0.5728871505259935,-0.0033107942454363,low_vol,post_covid
2025-03-18,0,1,0.5382691965070059,0.0147118512720467,low_vol,post_covid
2025-03-19,0,1,0.616321914915176,-0.0176216047819452,low_vol,post_covid
2025-03-20,0,1,0.587548998375248,-0.0055784203998597,low_vol,post_covid
2025-03-21,0,1,0.6328847485077986,-0.0147894156370263,low_vol,post_covid
2025-03-24,1,1,0.5906815385076968,-0.0007513042428155,low_vol,post_covid
2025-03-25,1,1,0.5545358757380144,0.0219135392590174,low_vol,post_covid
2025-03-26,1,1,0.5581659940617691,0.0009113558284131,low_vol,post_covid
2025-03-27,0,1,0.5749164062932025,0.0250701773305197,low_vol,post_covid
2025-03-28,0,1,0.5324512241734809,-0.0072762677254489,low_vol,post_covid
2025-03-31,0,1,0.571935937301424,-0.0054123884299383,low_vol,post_covid
2025-04-01,1,1,0.5926015050369742,-0.0087153442151088,low_vol,post_covid
2025-04-02,0,1,0.5405204845995286,0.0099335071395113,low_vol,post_covid
2025-04-03,0,1,0.5159165453211616,-0.0800813771188822,low_vol,post_covid
2025-04-04,1,1,0.5422579626252433,-0.0895611523852746,high_vol,post_covid
2025-04-07,1,1,0.5181203986751233,0.013441372182426,high_vol,post_covid
2025-04-08,1,1,0.5312429846894126,0.0027748258496097,high_vol,post_covid
2025-04-09,1,1,0.5233775522916383,0.0244024764003467,high_vol,post_covid
2025-04-10,1,0,0.47475963620301426,0.0114110683628899,high_vol,post_covid
2025-04-11,1,0,0.4982782880415233,0.0369031360883483,high_vol,post_covid
2025-04-14,1,1,0.5137223628490765,0.008386045000138,high_vol,post_covid
2025-04-15,1,1,0.5208494648969363,0.0041978990336484,high_vol,post_covid
2025-04-16,0,0,0.48994062706681707,0.0214579319252227,high_vol,post_covid
2025-04-17,1,1,0.5825034804197234,-0.0154871195427704,high_vol,post_covid
2025-04-21,1,0,0.4721904520969605,0.0023414952364157,high_vol,post_covid
2025-04-22,1,0,0.48772131199008023,0.0117476476084608,high_vol,post_covid
2025-04-23,0,1,0.5421422444149541,0.019218051724092,high_vol,post_covid
2025-04-24,0,0,0.49672800190529587,-0.0010747198883085,high_vol,post_covid
2025-04-25,1,1,0.6039680622125672,-0.0148338100481168,high_vol,post_covid
2025-04-28,1,0,0.47485227325705687,3.0411657634893594e-05,high_vol,post_covid
2025-04-29,0,0,0.47753212442239196,0.0086018740192539,high_vol,post_covid
2025-04-30,0,1,0.5466370525497186,-0.0226129836806669,high_vol,post_covid
2025-05-01,0,1,0.576189034205815,-0.0105686727752764,high_vol,post_covid
2025-05-02,1,1,0.5245193577827445,-0.0062326499606713,high_vol,post_covid
2025-05-05,1,0,0.42704539030661126,0.0067296731339003,high_vol,post_covid
2025-05-06,0,0,0.4480454385314194,0.0278041463318027,high_vol,post_covid
2025-05-07,0,1,0.6126554770079709,-0.0177324967297553,high_vol,post_covid
2025-05-08,1,1,0.5510467987082173,-0.0047142975350007,high_vol,post_covid
2025-05-09,0,0,0.4171119682605992,0.0091616943978756,high_vol,post_covid
2025-05-12,1,1,0.5869573793693987,-0.008852824420138,high_vol,post_covid
2025-05-13,0,0,0.49842411179368884,0.01471154209757,high_vol,post_covid
2025-05-14,1,1,0.6114315329854736,-0.0197259068678397,high_vol,post_covid
2025-05-15,0,1,0.5015570530013352,0.0078816378620741,high_vol,post_covid
2025-05-16,1,1,0.6290258432597582,-0.0099939892507963,high_vol,post_covid
2025-05-19,1,0,0.47817827243498345,0.0048083347959451,high_vol,post_covid
2025-05-20,1,0,0.48175949069792684,0.0204316857146003,high_vol,post_covid
2025-05-21,0,0,0.46036166173146037,0.0145390849739584,high_vol,post_covid
2025-05-22,1,1,0.5897348798738768,-0.0125095708255738,high_vol,post_covid
2025-05-23,0,0,0.49728238057483376,0.0118818177929843,high_vol,post_covid
2025-05-27,0,1,0.6254829657738442,-0.0088905922535359,high_vol,post_covid
2025-05-28,1,1,0.5285089306429394,-0.0044144814727669,low_vol,post_covid
2025-05-29,0,0,0.49541608565844325,0.0085392230788176,low_vol,post_covid
2025-05-30,1,1,0.6109011619842206,-0.011817369394098,low_vol,post_covid
2025-06-02,0,0,0.49392632276493953,0.04955432262623,low_vol,post_covid
2025-06-03,1,1,0.5482152327037949,-0.0017375087613678,high_vol,post_covid
2025-06-04,1,1,0.5191984056680732,0.0004636972404338,high_vol,post_covid
2025-06-05,1,1,0.5024733883987798,0.0333325687124404,high_vol,post_covid
2025-06-06,1,1,0.5507737564416312,0.0093706892727594,high_vol,post_covid
2025-06-09,0,1,0.522955025503521,0.0182365343875299,high_vol,post_covid
2025-06-10,0,1,0.5657288443395599,-0.0039874396505747,high_vol,post_covid
2025-06-11,1,1,0.5631984007820556,-0.0103428178900288,high_vol,post_covid
2025-06-12,1,1,0.5499466180159966,0.0012987438501763,high_vol,post_covid
2025-06-13,1,1,0.5059260291920706,0.0018759345376784,high_vol,post_covid
2025-06-16,1,1,0.5862544724315293,0.0026975900657251,high_vol,post_covid
2025-06-17,0,1,0.5559184430853444,0.0193556660732867,low_vol,post_covid
2025-06-18,0,1,0.5997567301461988,-0.006057647913005,low_vol,post_covid
2025-06-20,1,1,0.587979692957822,-0.024437649882346,low_vol,post_covid
2025-06-23,0,1,0.5346702767149218,0.0049078315167342,low_vol,post_covid
2025-06-24,1,1,0.6609084466907195,-0.0125812237554326,low_vol,post_covid
2025-06-25,1,1,0.5216213769894948,0.0106985355713859,low_vol,post_covid
2025-06-26,0,1,0.5434641438241667,0.0137883723779112,low_vol,post_covid
2025-06-27,0,1,0.6428480032830843,-0.0151194598192648,low_vol,post_covid
2025-06-30,1,1,0.5238891287234859,-0.0051467670191706,low_vol,post_covid
2025-07-01,1,1,0.5336018309794984,0.0063947596371252,low_vol,post_covid
2025-07-02,1,1,0.5374879445814258,0.0094886230216715,low_vol,post_covid
2025-07-03,0,1,0.5749869164500369,0.0097802094550825,low_vol,post_covid
2025-07-07,0,1,0.5887360405006585,-0.0046049404521878,low_vol,post_covid
2025-07-08,0,1,0.5863712521004277,-0.0039131920958933,low_vol,post_covid
2025-07-09,1,1,0.5825915460362889,-0.0033230844876732,low_vol,post_covid
2025-07-10,1,1,0.5541481096656693,0.0187226022561479,low_vol,post_covid
2025-07-11,0,1,0.515973706763047,0.0432748546652642,low_vol,post_covid
2025-07-14,0,1,0.5314984480336318,-0.0055484309897813,high_vol,post_covid
2025-07-15,1,1,0.5954233310499161,-0.0164626281379997,low_vol,post_covid
2025-07-16,1,1,0.5429952422260284,0.0005020943467253,low_vol,post_covid
2025-07-17,1,1,0.5402220533362486,0.0053484988038978,low_vol,post_covid
2025-07-18,1,1,0.5258816308751338,0.0043786647749495,low_vol,post_covid
2025-07-21,1,1,0.546046438638825,0.0227106691096158,low_vol,post_covid
2025-07-22,0,1,0.517390333156879,0.0055852009183819,low_vol,post_covid
2025-07-23,0,1,0.5637503330881207,-0.0010687249324518,low_vol,post_covid
2025-07-24,0,1,0.5723382391049054,-0.0065646021817058,low_vol,post_covid
2025-07-25,0,1,0.61229327701027,-0.0221286972884511,low_vol,post_covid
2025-07-28,1,1,0.5180951413831705,-0.0037011011461839,low_vol,post_covid
2025-07-29,0,1,0.5391518017283053,0.0015240748387354,low_vol,post_covid
2025-07-30,0,1,0.5726224791158511,-0.0136948004492609,low_vol,post_covid
2025-07-31,1,1,0.5872027874445309,-0.027363583026764,low_vol,post_covid
2025-08-01,1,1,0.5361679631550316,0.0064086345498757,low_vol,post_covid
2025-08-04,1,1,0.552571472039181,0.0109492326106854,low_vol,post_covid
2025-08-05,1,1,0.5713319711817025,0.0132214941968242,low_vol,post_covid
2025-08-06,1,1,0.5589359444405292,0.0020939815637874,low_vol,post_covid
2025-08-07,1,1,0.5511033718960905,0.0103262628452325,low_vol,post_covid
2025-08-08,0,1,0.5618714952887086,0.0067646060963797,low_vol,post_covid
2025-08-11,1,1,0.5905722461908757,-0.019848469853247,low_vol,post_covid
2025-08-12,1,1,0.550704515604914,0.0062730852765644,low_vol,post_covid
2025-08-13,0,1,0.542368674364876,0.0157076005811139,low_vol,post_covid
2025-08-14,0,1,0.5673568449661016,-0.0135199588839228,low_vol,post_covid
2025-08-15,1,1,0.5427202042334996,-0.0023195075284289,low_vol,post_covid
2025-08-18,0,1,0.5442398819634934,0.001503044798111,low_vol,post_covid
2025-08-19,1,1,0.6068300855258535,-0.0183486137494463,low_vol,post_covid
2025-08-20,1,1,0.5482531151547231,0.0118455143821824,low_vol,post_covid
2025-08-21,1,1,0.5302977875503503,0.0085036847559349,low_vol,post_covid
2025-08-22,0,1,0.5709138162364557,0.0253420790230892,low_vol,post_covid
2025-08-25,0,1,0.5423557060947573,-0.0083934640125826,low_vol,post_covid
2025-08-26,1,1,0.5537858498496633,-0.0024591945344899,low_vol,post_covid
2025-08-27,1,1,0.5438858889644661,0.002769435159842,low_vol,post_covid
2025-08-28,1,1,0.5427997360732637,0.0128662765606141,low_vol,post_covid
2025-08-29,1,1,0.5157004982691678,0.0254454374339025,low_vol,post_covid
2025-09-02,1,1,0.5022398831952517,0.0214352409362273,low_vol,post_covid
2025-09-03,0,1,0.5268634552367576,0.0114027037064016,low_vol,post_covid
2025-09-04,1,1,0.5834637869481533,-0.015306000859251,low_vol,post_covid
2025-09-05,1,1,0.5406934505280223,0.0039763914795317,low_vol,post_covid
2025-09-08,0,0,0.4748077731337251,0.008533321489745,low_vol,post_covid
2025-09-09,1,1,0.593359925149435,-0.0133166906504794,low_vol,post_covid
2025-09-10,1,1,0.5073739597680846,0.0062187242403195,low_vol,post_covid
2025-09-11,1,1,0.5234291349838212,0.0136184451577702,low_vol,post_covid
2025-09-12,1,0,0.49782102275110446,0.016412585827095,low_vol,post_covid
2025-09-15,0,1,0.5227031534512333,0.0030622198254499,low_vol,post_covid
2025-09-16,0,1,0.5004468234903067,-0.0010824498677873,low_vol,post_covid
2025-09-17,0,1,0.5990196613578745,-0.0177929353406944,low_vol,post_covid
2025-09-18,1,1,0.5574959766071765,-0.0003595725624523,low_vol,post_covid
2025-09-19,1,0,0.49962809161070465,0.0196817617151754,low_vol,post_covid
2025-09-22,1,1,0.5032878725989828,0.0292602214935702,low_vol,post_covid
2025-09-23,0,0,0.47974819653698564,0.0089328264176804,low_vol,post_covid
2025-09-24,1,1,0.5733744907450514,-0.0094352325458419,low_vol,post_covid
2025-09-25,1,1,0.5172288408604405,0.0207977788000611,low_vol,post_covid
2025-09-26,1,1,0.5179024189931037,0.0335279009272354,low_vol,post_covid
2025-09-29,0,0,0.48771229990929316,0.0084237534422509,low_vol,post_covid
2025-09-30,1,1,0.5355326708405932,-0.0077317171449353,low_vol,post_covid
2025-10-01,0,1,0.5151527090187542,0.0221725849249944,low_vol,post_covid
2025-10-02,1,1,0.5669011121632265,-0.0276574795265399,low_vol,post_covid
2025-10-03,1,1,0.512148048506915,0.0341283401166873,high_vol,post_covid
2025-10-06,0,0,0.48648394903232306,0.0101381653265612,high_vol,post_covid
2025-10-07,1,1,0.5216887834282339,-0.0189590054875235,high_vol,post_covid
2025-10-08,0,1,0.5373569970552291,0.0308261981119504,high_vol,post_covid
2025-10-09,1,1,0.5931617883418907,-0.0378241184417935,high_vol,post_covid
2025-10-10,1,0,0.47384355843345766,0.0018765999645109,high_vol,post_covid
2025-10-13,1,1,0.5521857483060164,0.0657920765028304,high_vol,post_covid
2025-10-14,1,0,0.4561522723982149,0.0036636994399945,high_vol,post_covid
2025-10-15,1,1,0.5388303973799453,0.0149726662630861,high_vol,post_covid
2025-10-16,0,0,0.46530936353428404,0.0374697409498928,high_vol,post_covid
2025-10-17,1,1,0.615411320482572,-0.0614264915535877,high_vol,post_covid
2025-10-20,0,1,0.5250957953031035,0.0248569702320585,high_vol,post_covid
2025-10-21,1,1,0.6353272025473881,-0.0744796967790176,high_vol,post_covid
2025-10-22,1,0,0.4645360596454138,0.0002317491617906,high_vol,post_covid
2025-10-23,0,0,0.4981981010398334,0.0212842726364439,high_vol,post_covid
2025-10-24,0,0,0.4781174261286856,-0.002168091478226,high_vol,post_covid
2025-10-27,1,1,0.6202784373833164,-0.0382397077289012,high_vol,post_covid
2025-10-28,1,0,0.4489088796253617,0.0120188820423226,high_vol,post_covid
2025-10-29,1,0,0.4506808735240863,0.0125679208851575,high_vol,post_covid
2025-10-30,0,0,0.4892951782379266,0.0147066211797012,high_vol,post_covid
2025-10-31,0,1,0.5458000660436693,-0.0090021955479539,high_vol,post_covid
2025-11-03,0,0,0.4580206160004284,-0.0022110309784191,high_vol,post_covid
2025-11-04,1,1,0.5551446723114598,-0.0159551977078506,high_vol,post_covid
2025-11-05,0,0,0.43939609044324784,0.015432978063345,high_vol,post_covid
2025-11-06,1,0,0.4878104931137132,-0.0014426598739446,high_vol,post_covid
2025-11-07,1,0,0.45568187885663197,0.004654997492901,high_vol,post_covid
2025-11-10,1,0,0.47405384909889325,0.0440016379950615,high_vol,post_covid
2025-11-11,1,0,0.4484747034242368,0.0087505275880918,high_vol,post_covid
2025-11-12,0,1,0.5251241697379365,0.0522292951222004,high_vol,post_covid
2025-11-13,0,0,0.47096480731208035,-0.0048493491119865,high_vol,post_covid
2025-11-14,1,1,0.6479278209730168,-0.047933259554467,high_vol,post_covid
2025-11-17,0,1,0.50777599115327,0.0006915941066914,high_vol,post_covid
2025-11-18,1,1,0.5130142878040826,-0.0034627635044004,high_vol,post_covid
2025-11-19,0,1,0.5210399813358683,0.0067167409165909,high_vol,post_covid
2025-11-20,0,1,0.5300533222235655,-0.010748626377484,high_vol,post_covid
2025-11-21,1,1,0.5724394483907482,-0.0074710802774364,high_vol,post_covid
2025-11-24,1,0,0.4983880948168777,0.0084258359960312,high_vol,post_covid
2025-11-25,1,1,0.52271646923914,0.0126250076560062,high_vol,post_covid
2025-11-26,1,1,0.5288496589518193,0.038175117684732,high_vol,post_covid
2025-11-28,1,1,0.5346070122867528,0.0645786562586703,high_vol,post_covid
2025-12-01,0,0,0.48867293600961004,0.0343396352054715,high_vol,post_covid
2025-12-02,0,1,0.6002736037349049,-0.0074741553760656,high_vol,post_covid
2025-12-03,0,1,0.5210791047790369,-0.0010698557235385,high_vol,post_covid
2025-12-04,1,1,0.5663338746558436,-0.0187165873823446,high_vol,post_covid
2025-12-05,0,1,0.503898912738232,0.0273290958703086,high_vol,post_covid
2025-12-08,1,1,0.5228777163205625,-0.0110671701314851,high_vol,post_covid
2025-12-09,1,0,0.4828221992918581,0.0405318719722285,high_vol,post_covid
2025-12-10,1,1,0.5043885163452988,0.003484140940118,high_vol,post_covid
2025-12-11,0,1,0.5401672790836952,0.0571317167599031,high_vol,post_covid
2025-12-12,1,1,0.5475503792403325,-0.0409823628194661,high_vol,post_covid
2025-12-15,0,1,0.5008205768025894,0.0253911267226679,high_vol,post_covid
2025-12-16,1,1,0.519847755440748,-0.003820410010242,high_vol,post_covid
2025-12-17,0,0,0.49300660533416535,0.0548777520176175,high_vol,post_covid
2025-12-18,1,1,0.5822740308097374,-0.0251486033021187,high_vol,post_covid
2025-12-19,1,1,0.5154904276157051,0.0342859161743155,high_vol,post_covid
2025-12-22,1,0,0.4829166383621249,0.0157478451411629,high_vol,post_covid
2025-12-23,1,0,0.4693496628286484,0.0372755600442546,high_vol,post_covid
2025-12-24,1,0,0.47915739742885893,0.0077164466677994,high_vol,post_covid
2025-12-26,0,0,0.49202828201387555,0.0739913417967947,high_vol,post_covid
2025-12-29,1,1,0.5586778155772216,-0.090671697787765,high_vol,post_covid
2025-12-30,0,0,0.4789807625628567,0.102214793390628,high_vol,post_covid
2025-12-31,1,1,0.5587910211496149,-0.0982430778043155,high_vol,post_covid
2026-01-02,1,0,0.47582309721149585,0.00599898114365,high_vol,post_covid
2026-01-05,1,0,0.4692544526265774,0.0764822120560991,high_vol,post_covid
2026-01-06,0,0,0.4476333063231585,0.0557408413039978,high_vol,post_covid
2026-01-07,0,1,0.5248382955923148,-0.0430726094904888,high_vol,post_covid
2026-01-08,1,1,0.5401958051508972,-0.0318628561154019,high_vol,post_covid
2026-01-09,1,0,0.47286497246524134,0.0542841479488776,high_vol,post_covid
2026-01-12,1,0,0.4711472341672742,0.070074017158039,high_vol,post_covid
2026-01-13,1,0,0.4641807127189209,0.0148635569933129,high_vol,post_covid
2026-01-14,1,0,0.489062648552315,0.0565029180421188,high_vol,post_covid
2026-01-15,0,0,0.4864104507095084,0.011020890663073,high_vol,post_covid
2026-01-16,1,1,0.5632986321141709,-0.0420694259645817,high_vol,post_covid
2026-01-20,0,0,0.4550977016396063,0.067113477543099,high_vol,post_covid
2026-01-21,1,1,0.5585681310104431,-0.0214153128048073,high_vol,post_covid
2026-01-22,1,0,0.4713433984367768,0.0400295639682742,high_vol,post_covid
2026-01-23,1,0,0.44360766235139826,0.0502795583862784,high_vol,post_covid
2026-01-26,0,0,0.47889820998866306,0.1312498576176113,high_vol,post_covid
2026-01-27,1,1,0.5160780419451992,-0.0866985910888462,high_vol,post_covid
2026-01-28,1,0,0.4906313011122632,0.0694406744894523,high_vol,post_covid
2026-01-29,0,0,0.4237769024774858,0.0081533416235868,high_vol,post_covid
2026-01-30,0,1,0.5710496109485158,-0.376103087004811,high_vol,post_covid
2026-02-02,1,1,0.5896350634855828,-0.0195017534205199,high_vol,post_covid
2026-02-03,1,0,0.417845336511189,0.0784283625076356,high_vol,post_covid
2026-02-04,0,0,0.4611495290307141,0.0134326670478222,high_vol,post_covid
2026-02-05,1,1,0.5398506748424894,-0.0951094235565263,high_vol,post_covid
2026-02-06,1,0,0.4667693093589804,0.0026881903887896,high_vol,post_covid
2026-02-09,0,0,0.4428864427944838,0.0671537103524874,high_vol,post_covid
2026-02-10,1,1,0.5698426161105659,-0.022763688428083,high_vol,post_covid
2026-02-11,0,0,0.463494027172329,0.0431359470184409,high_vol,post_covid
2026-02-12,1,1,0.6013769644221483,-0.1031421937851997,high_vol,post_covid
2026-02-13,0,0,0.4797423986945063,0.0300550060179558,high_vol,post_covid
2026-02-17,1,1,0.6361456096589678,-0.0582326781957942,high_vol,post_covid
2026-02-18,1,0,0.472828005265454,0.0538300547364155,high_vol,post_covid
2026-02-19,1,0,0.4726642938571761,0.0007222326946123,high_vol,post_covid
2026-02-20,1,0,0.4974216983907873,0.0590481641302568,high_vol,post_covid
2026-02-23,1,0,0.4686198525892046,0.0502458147584689,high_vol,post_covid
2026-02-24,1,1,0.5282388829051183,0.0107369474955592,high_vol,post_covid
2026-02-25,0,1,0.5236333588708648,0.0390417325860667,high_vol,post_covid
2026-02-26,1,1,0.581878189225978,-0.0443038424494124,high_vol,post_covid
2026-02-27,0,0,0.4849757344642487,0.0632891278862492,high_vol,post_covid
2026-03-02,0,1,0.59676049626973,-0.0486154183765808,high_vol,post_covid
2026-03-03,0,1,0.5730753823291986,-0.0626464276139604,high_vol,post_covid
2026-03-04,0,0,0.48050972130775543,-0.0035032687809371,high_vol,post_covid
2026-03-05,1,1,0.5545169950967276,-0.0115143284860698,high_vol,post_covid
2026-03-06,1,0,0.4207866244229367,0.0257291154834398,high_vol,post_covid
2026-03-09,1,1,0.5102800738597103,0.0025737084547117,high_vol,post_covid
2026-03-10,0,0,0.4895696934197209,0.058370870391009,high_vol,post_covid
2026-03-11,0,1,0.6219092772785199,-0.0461528226361324,high_vol,post_covid
2026-03-12,0,1,0.5019851583320588,-0.0046543728061728,high_vol,post_covid
2026-03-13,0,1,0.6066581179385806,-0.0453744456801789,high_vol,post_covid
2026-03-16,0,1,0.5858877863477581,-0.00807813160469,high_vol,post_covid
2026-03-17,0,1,0.5692647416376289,-0.0091744551234583,high_vol,post_covid
2026-03-18,0,1,0.5882028799931731,-0.0292427431482989,high_vol,post_covid
2026-03-19,0,1,0.6091642530800488,-0.085592902560979,high_vol,post_covid
2026-03-20,0,1,0.5792244656300057,-0.0219883066387521,high_vol,post_covid
2026-03-23,1,1,0.5986643758487317,-0.0044938916284053,high_vol,post_covid
2026-03-24,1,0,0.4780127451772104,0.0032532357356046,high_vol,post_covid
2026-03-25,0,1,0.5113081933892755,0.043597795685774,high_vol,post_covid
2026-03-26,1,1,0.6786977920097116,-0.0670097885085592,high_vol,post_covid
2026-03-27,1,0,0.49154512540349204,0.0273163061735667,high_vol,post_covid
2026-03-30,1,1,0.5313395526710482,0.0111391002660545,high_vol,post_covid
2026-03-31,1,0,0.4808706810330322,0.0602331480600803,high_vol,post_covid
2026-04-01,0,0,0.4820669285742681,0.0156355175527505,high_vol,post_covid
2026-04-02,0,1,0.7067473268066211,-0.042159056992048,high_vol,post_covid
2026-04-06,0,1,0.5233985042024132,-0.0010178753480512,high_vol,post_covid
2026-04-07,1,1,0.5580837031520605,-0.0115583549076117,high_vol,post_covid
2026-04-08,1,1,0.5245241894377547,0.0462238386315108,high_vol,post_covid
2026-04-09,1,0,0.49939680381444923,0.0139011407786764,high_vol,post_covid
2026-04-10,0,1,0.5578872623413618,0.0006159471096186,high_vol,post_covid
2026-04-13,1,1,0.5654283421552337,-0.0105501235053367,high_vol,post_covid
2026-04-14,1,0,0.45412622848782974,0.0499477167198145,high_vol,post_covid
2026-04-15,0,1,0.5223668829339523,0.0012587768248807,high_vol,post_covid
2026-04-16,1,1,0.5900622791014914,-0.0111957058031874,high_vol,post_covid
2026-04-17,0,0,0.4585057223758922,0.0390709292006074,high_vol,post_covid
2026-04-20,0,1,0.5286654582923356,-0.0221050953396786,high_vol,post_covid
2026-04-21,1,1,0.5953065316866463,-0.0452871963745366,high_vol,post_covid
2026-04-22,0,0,0.43033844988639186,0.0192093554499144,high_vol,post_covid
2026-04-23,1,1,0.5778135310882416,-0.0316671369693541,high_vol,post_covid
2026-04-24,0,0,0.4510334067578529,0.0120912765901898,high_vol,post_covid
2026-04-27,0,1,0.6051100857631806,-0.0182321099097701,high_vol,post_covid
2026-04-28,0,1,0.6175660395559477,-0.0242643411064092,high_vol,post_covid
2026-04-29,1,1,0.5289192115222493,-0.0226017269287677,high_vol,post_covid
2026-04-30,1,0,0.4604557490751511,0.0270858150824788,high_vol,post_covid
2026-05-01,0,0,0.4722819677318101,0.0323405102870671,high_vol,post_covid
2026-05-04,1,1,0.5881643796583462,-0.0386431108675868,high_vol,post_covid
2026-05-05,1,0,0.46852836851919316,0.0004925860370199,high_vol,post_covid
2026-05-06,1,0,0.46912521291884607,0.0494099968594938,high_vol,post_covid
2026-05-07,1,0,0.4640448240142433,0.0369342674587509,high_vol,post_covid
2026-05-08,1,0,0.4781332926332673,0.0086698558542706,high_vol,post_covid
2026-05-11,0,0,0.4807265045024357,0.061388985654068,high_vol,post_covid
2026-05-12,1,1,0.5523381179618606,-0.0041614614623604,high_vol,post_covid
2026-05-13,0,1,0.5209761574338699,0.0431976881423472,high_vol,post_covid
2026-05-14,0,1,0.5861900617013682,-0.0457616994995847,high_vol,post_covid
2026-05-15,0,1,0.594523549696359,-0.0957212678973186,high_vol,post_covid
2026-05-18,0,0,0.4998071611464106,-0.0011411890349353,high_vol,post_covid
2026-05-19,1,1,0.6393318952542046,-0.0295608137041411,high_vol,post_covid
2026-05-20,1,0,0.479727827226693,0.0135786766254709,high_vol,post_covid
2026-05-21,0,0,0.4773504411940009,0.0073950823636793,high_vol,post_covid
2026-05-22,1,1,0.5356733893102256,-0.0068415208499923,high_vol,post_covid
2026-05-26,0,0,0.47849409540376237,0.0054140471641539,high_vol,post_covid
2026-05-27,1,1,0.6074752475484114,-0.0226113817389517,high_vol,post_covid
2026-05-28,0,0,0.4857052887602461,0.0139242106160221,high_vol,post_covid
2026-05-29,0,0,0.49909895180867875,-0.0003834343304225,high_vol,post_covid
2026-06-01,1,1,0.5663074337669692,-0.008086372523528,high_vol,post_covid
2026-06-02,0,0,0.47951511576862044,0.0040446737971693,high_vol,post_covid
2026-06-03,1,1,0.5820360104437432,-0.0246673727219024,high_vol,post_covid
2026-06-04,0,0,0.49182135228720436,0.0041153351274399,high_vol,post_covid
2026-06-05,0,1,0.6074166523041343,-0.067794041416322,high_vol,post_covid
2026-06-08,0,1,0.5704753711523858,-0.0075417882249802,high_vol,post_covid
2026-06-09,0,1,0.6509887460297246,-0.0499058932666683,high_vol,post_covid
2026-06-10,0,1,0.6106580360332585,-0.0076334905848345,high_vol,post_covid
2026-06-11,1,1,0.6194365693355932,-0.0111143499052472,high_vol,post_covid
2026-06-12,0,0,0.4729871633965476,0.0603474743452153,high_vol,post_covid
