Date,actual,pred,prob,ag_returns,vol_regime,period_regime
2021-08-02,1,0,0.5116036,0.0011353364881268,low_vol,covid
2021-08-03,0,0,0.51121634,0.0003521224667419,low_vol,covid
2021-08-04,0,0,0.5121953,-0.0047048170090922,low_vol,covid
2021-08-05,0,0,0.5122124,-0.0066636178867014,low_vol,covid
2021-08-06,0,0,0.5127556,-0.0389248413414774,low_vol,covid
2021-08-09,1,0,0.5140047,-0.0444499403239592,low_vol,covid
2021-08-10,1,0,0.5138165,0.0052325410186479,high_vol,covid
2021-08-11,0,0,0.51270175,0.0041407977233134,high_vol,covid
2021-08-12,1,0,0.51158005,-0.0158444408198132,high_vol,covid
2021-08-13,1,0,0.5117547,0.0282910988846559,high_vol,covid
2021-08-16,0,0,0.50966245,0.0005047967429867,high_vol,covid
2021-08-17,0,0,0.50889367,-0.0055663450451756,high_vol,covid
2021-08-18,0,0,0.5094849,-0.0100298356381186,high_vol,covid
2021-08-19,0,0,0.5096544,-0.0082347927558088,high_vol,covid
2021-08-20,1,0,0.5102741,-0.0049649221885396,high_vol,covid
2021-08-23,1,0,0.5121035,0.0232718133333834,low_vol,covid
2021-08-24,0,0,0.51183313,0.0101390979460136,high_vol,covid
2021-08-25,0,0,0.5119338,-0.0049935893176328,low_vol,covid
2021-08-26,1,0,0.5128043,-0.0095104119049597,low_vol,covid
2021-08-27,0,0,0.51179254,0.0215947537829108,low_vol,covid
2021-08-30,0,0,0.5113374,-0.0041649533130333,low_vol,covid
2021-08-31,1,0,0.5116555,0.0,low_vol,covid
2021-09-01,0,0,0.51181215,0.009016034867278,low_vol,covid
2021-09-02,1,0,0.5115674,-0.0125698835370749,low_vol,covid
2021-09-03,0,0,0.5112781,0.0364782985072816,low_vol,covid
2021-09-07,0,0,0.5116953,-0.0174356505581706,high_vol,covid
2021-09-08,1,0,0.51275885,-0.0133208651478221,high_vol,covid
2021-09-09,0,0,0.5133671,0.0050265052787912,high_vol,covid
2021-09-10,0,0,0.51278824,-0.0115863546682261,low_vol,covid
2021-09-13,1,0,0.513236,-0.0042849705649903,low_vol,covid
2021-09-14,0,0,0.5140386,0.0037398424023881,low_vol,covid
2021-09-15,0,0,0.5126011,-0.003487252795565,low_vol,covid
2021-09-16,0,0,0.5136005,-0.0433083496548273,low_vol,covid
2021-09-17,0,0,0.5138793,-0.0202906476641927,high_vol,covid
2021-09-20,1,0,0.5130474,-0.0059382049045614,high_vol,covid
2021-09-21,1,0,0.51058257,0.0183302631766161,high_vol,covid
2021-09-22,0,0,0.511812,0.0130277592150507,high_vol,covid
2021-09-23,0,0,0.5130046,-0.0099756615717497,high_vol,covid
2021-09-24,1,0,0.51393676,-0.0112814745777489,high_vol,covid
2021-09-27,0,0,0.51341003,0.0119437139325847,low_vol,covid
2021-09-28,0,0,0.51299167,-0.0100694746338378,low_vol,covid
2021-09-29,1,0,0.5124225,-0.0442552414090679,low_vol,covid
2021-09-30,1,0,0.5124312,0.02585241863779,high_vol,covid
2021-10-01,1,0,0.51101524,0.0219631257201121,high_vol,covid
2021-10-04,0,0,0.51117146,0.0047863857117482,high_vol,covid
2021-10-05,0,0,0.5111664,-0.0015928896061861,high_vol,covid
2021-10-06,1,0,0.51216996,-0.0033711978128261,high_vol,covid
2021-10-07,1,0,0.51188254,0.0055828692714563,high_vol,covid
2021-10-08,0,0,0.51288277,0.0020745912035678,high_vol,covid
2021-10-11,0,0,0.51302403,-0.0017211974784172,high_vol,covid
2021-10-12,1,0,0.5128415,-0.0066030317873851,low_vol,covid
2021-10-13,1,0,0.51223665,0.0288363957170733,low_vol,covid
2021-10-14,0,0,0.5112661,0.0131747087269063,high_vol,covid
2021-10-15,0,0,0.511367,-0.0054719811439996,low_vol,covid
2021-10-18,1,0,0.5131356,-0.0036503051433159,low_vol,covid
2021-10-19,1,0,0.51307935,0.0262832022456261,low_vol,covid
2021-10-20,0,0,0.5136323,0.0232790316952412,low_vol,covid
2021-10-21,1,0,0.5137412,-0.0112818823834031,high_vol,covid
2021-10-22,1,0,0.51428515,0.0114866218289682,low_vol,covid
2021-10-25,0,0,0.5133214,0.0058366176624107,low_vol,covid
2021-10-26,1,0,0.5133914,-0.0199768265839538,low_vol,covid
2021-10-27,0,0,0.5136826,0.004267173096814,low_vol,covid
2021-10-28,0,0,0.5130335,-0.0029809402504977,low_vol,covid
2021-10-29,1,0,0.51354545,-0.007157489006767,low_vol,covid
2021-11-01,0,0,0.5150595,0.0049573924767545,low_vol,covid
2021-11-02,0,0,0.514536,-0.0237164923763492,low_vol,covid
2021-11-03,1,0,0.5139042,-0.011728087553219,low_vol,covid
2021-11-04,1,0,0.5148943,0.0288571456034404,low_vol,covid
2021-11-05,1,0,0.5133209,0.0102377308940876,low_vol,covid
2021-11-08,0,0,0.5115965,0.0158149990668726,low_vol,covid
2021-11-09,1,0,0.5125961,-0.0091710337381618,low_vol,covid
2021-11-10,1,0,0.5120637,0.0185009545013179,low_vol,covid
2021-11-11,1,0,0.5140679,0.0213318142401271,low_vol,covid
2021-11-12,0,0,0.51484144,0.0016980660488331,low_vol,covid
2021-11-15,0,0,0.5155169,-0.0093953045163056,low_vol,covid
2021-11-16,1,1,0.5159268,-0.0065133835941358,low_vol,covid
2021-11-17,0,1,0.5164115,0.0089002831536798,low_vol,covid
2021-11-18,0,0,0.5146214,-0.0106256793293031,low_vol,covid
2021-11-19,0,0,0.5140136,-0.004871022016685,low_vol,covid
2021-11-22,0,0,0.51410955,-0.0196839815510476,low_vol,covid
2021-11-23,1,0,0.51488227,-0.0361223137738336,low_vol,covid
2021-11-24,0,0,0.5143203,0.0025995976495323,low_vol,covid
2021-11-26,0,0,0.51389277,-0.016694589120812,low_vol,covid
2021-11-29,0,0,0.508829,-0.0134189511349335,low_vol,covid
2021-11-30,0,0,0.51171786,-0.0014924240037843,low_vol,covid
2021-12-01,0,0,0.5094024,-0.0206824171444548,low_vol,covid
2021-12-02,1,0,0.5089433,-0.0008523789533261,low_vol,covid
2021-12-03,0,0,0.5107453,0.0073784127592897,low_vol,covid
2021-12-06,1,0,0.5103396,-0.0097150743880015,low_vol,covid
2021-12-07,0,0,0.5120707,0.0115845584914715,low_vol,covid
2021-12-08,0,0,0.51371354,-0.004322939390105,low_vol,covid
2021-12-09,1,0,0.51332396,-0.0187544247134469,low_vol,covid
2021-12-10,1,0,0.511662,0.0084288763561389,low_vol,covid
2021-12-13,0,0,0.5121263,0.0058493334778852,low_vol,covid
2021-12-14,0,0,0.50991565,-0.0182453749475311,low_vol,covid
2021-12-15,1,0,0.50957114,-0.0174678815352619,low_vol,covid
2021-12-16,1,0,0.51020133,0.0430883711536239,low_vol,covid
2021-12-17,0,0,0.507987,0.0023130674384799,high_vol,covid
2021-12-20,1,0,0.50837433,-0.0103614143491359,high_vol,covid
2021-12-21,1,0,0.5093686,0.010139273857202,low_vol,covid
2021-12-22,1,0,0.5108336,0.0128053590732364,low_vol,covid
2021-12-23,1,0,0.51072675,0.0060801071002541,low_vol,covid
2021-12-27,1,0,0.511899,0.0020910630948897,low_vol,covid
2021-12-28,0,0,0.5120762,0.0057279379452001,low_vol,covid
2021-12-29,1,0,0.51240844,-0.0114451298445136,low_vol,covid
2021-12-30,1,0,0.5127594,0.0078472940549343,low_vol,covid
2021-12-31,0,0,0.51253355,0.0129434563759738,low_vol,covid
2022-01-03,1,0,0.5122542,-0.0233324344586659,low_vol,post_covid
2022-01-04,1,0,0.5145221,0.0108231477107144,low_vol,post_covid
2022-01-05,0,0,0.5141968,0.0048497329134351,low_vol,post_covid
2022-01-06,1,0,0.5130866,-0.043074342337852,low_vol,post_covid
2022-01-07,1,0,0.51411647,0.0098726039204586,high_vol,post_covid
2022-01-10,1,0,0.51410663,0.0023193608885918,high_vol,post_covid
2022-01-11,1,0,0.5131145,0.0159112620047938,low_vol,post_covid
2022-01-12,0,0,0.5127211,0.0171286630275233,low_vol,post_covid
2022-01-13,0,0,0.51233757,-0.0019415419705618,low_vol,post_covid
2022-01-14,1,0,0.51159364,-0.0105936556487934,low_vol,post_covid
2022-01-18,1,0,0.5135084,0.0248299418662309,low_vol,post_covid
2022-01-19,1,0,0.5142539,0.0309793738617803,low_vol,post_covid
2022-01-20,0,0,0.513727,0.0198220768681829,high_vol,post_covid
2022-01-21,0,0,0.51457256,-0.0161962242897177,high_vol,post_covid
2022-01-24,1,0,0.5138369,-0.0215768044653306,high_vol,post_covid
2022-01-25,0,0,0.5134205,0.0042355993031337,high_vol,post_covid
2022-01-26,0,0,0.5140848,-0.003731455330866,high_vol,post_covid
2022-01-27,0,1,0.5159912,-0.0488048177012733,high_vol,post_covid
2022-01-28,1,1,0.5164253,-0.0164984414546317,high_vol,post_covid
2022-01-31,1,1,0.5160366,0.0041613775039661,high_vol,post_covid
2022-02-01,1,0,0.5146343,0.0089351890759471,high_vol,post_covid
2022-02-02,0,0,0.51409173,0.0050764789219704,high_vol,post_covid
2022-02-03,1,0,0.51231205,-0.0149051439367024,high_vol,post_covid
2022-02-04,1,0,0.51159495,0.0044593331698337,high_vol,post_covid
2022-02-07,1,0,0.5130338,0.026389528321259,high_vol,post_covid
2022-02-08,1,0,0.5130487,0.0051435993947309,high_vol,post_covid
2022-02-09,1,0,0.5140685,0.006060526481005,high_vol,post_covid
2022-02-10,0,0,0.5140286,0.0078113153136495,high_vol,post_covid
2022-02-11,1,0,0.5142648,-0.0065266258511679,high_vol,post_covid
2022-02-14,0,0,0.51318115,0.0202925819637527,low_vol,post_covid
2022-02-15,1,0,0.51389575,-0.0214916176842127,low_vol,post_covid
2022-02-16,1,0,0.5146344,0.0112061716335995,high_vol,post_covid
2022-02-17,1,0,0.5147586,0.0115009467784581,low_vol,post_covid
2022-02-18,1,0,0.51275724,0.0048887038989442,low_vol,post_covid
2022-02-22,1,0,0.5135083,0.0132502291295558,low_vol,post_covid
2022-02-23,1,0,0.5139597,0.0099865552091346,low_vol,post_covid
2022-02-24,0,0,0.5140741,0.005320802780489,low_vol,post_covid
2022-02-25,1,0,0.5147549,-0.0283075029748168,low_vol,post_covid
2022-02-28,1,1,0.51578015,0.0150546836825618,low_vol,post_covid
2022-03-01,0,0,0.5141591,0.0470274175277272,low_vol,post_covid
2022-03-02,1,0,0.512532,-0.0138417268208562,high_vol,post_covid
2022-03-03,1,1,0.5163767,0.00087319839309,high_vol,post_covid
2022-03-04,0,1,0.5161822,0.022634173533607,high_vol,post_covid
2022-03-07,1,0,0.514862,-0.0026798829737711,high_vol,post_covid
2022-03-08,0,1,0.5158291,0.0446834335151317,high_vol,post_covid
2022-03-09,1,1,0.5176222,-0.0429736749405765,high_vol,post_covid
2022-03-10,0,1,0.5182418,0.017129297277685,high_vol,post_covid
2022-03-11,0,1,0.5193495,-0.0036705234680152,high_vol,post_covid
2022-03-14,0,1,0.51897436,-0.0335767242810967,high_vol,post_covid
2022-03-15,0,1,0.51929754,-0.0048047541400949,high_vol,post_covid
2022-03-16,1,1,0.5196883,-0.018195795396681,high_vol,post_covid
2022-03-17,0,1,0.5182251,0.036379208143692,high_vol,post_covid
2022-03-18,1,1,0.5166229,-0.0208937211856146,high_vol,post_covid
2022-03-21,0,1,0.515736,0.0090192431857661,high_vol,post_covid
2022-03-22,1,1,0.5169918,-0.0158274422695889,high_vol,post_covid
2022-03-23,1,1,0.51653177,0.0113875906702706,high_vol,post_covid
2022-03-24,0,0,0.5152093,0.0285901417985606,high_vol,post_covid
2022-03-25,0,1,0.5158202,-0.0118459608947147,high_vol,post_covid
2022-03-28,0,1,0.5168209,-0.0165058096828065,high_vol,post_covid
2022-03-29,1,1,0.5166879,-0.0184403922521623,high_vol,post_covid
2022-03-30,1,0,0.5150138,0.01553659529025,high_vol,post_covid
2022-03-31,0,0,0.513666,0.000716774828166,high_vol,post_covid
2022-04-01,0,0,0.51309675,-0.0192518490133428,high_vol,post_covid
2022-04-04,0,0,0.51434106,-0.0023565023204492,high_vol,post_covid
2022-04-05,0,0,0.5142061,-0.002280492779187,high_vol,post_covid
2022-04-06,1,0,0.514699,-0.0029806262811325,high_vol,post_covid
2022-04-07,1,0,0.5151519,0.0113036854336813,high_vol,post_covid
2022-04-08,1,0,0.51501364,0.0034711224077661,high_vol,post_covid
2022-04-11,1,0,0.51487666,0.0063859643852378,high_vol,post_covid
2022-04-12,1,0,0.5146137,0.0294678334506311,low_vol,post_covid
2022-04-13,0,0,0.5137471,0.0114021941282528,high_vol,post_covid
2022-04-14,1,0,0.5139348,-0.0127636587667883,high_vol,post_covid
2022-04-18,0,1,0.51585865,0.0173648529364097,high_vol,post_covid
2022-04-19,0,1,0.51634085,-0.0290718748741914,high_vol,post_covid
2022-04-20,0,1,0.5170649,-0.0047768704575427,high_vol,post_covid
2022-04-21,0,1,0.5160558,-0.0260181904241328,high_vol,post_covid
2022-04-22,0,1,0.51583725,-0.0148945148258853,high_vol,post_covid
2022-04-25,0,0,0.51492447,-0.024581340396203,high_vol,post_covid
2022-04-26,0,0,0.51535964,-0.0053378416563197,high_vol,post_covid
2022-04-27,0,0,0.51306933,-0.0035744563074816,high_vol,post_covid
2022-04-28,0,0,0.5148705,-0.0141243670264068,high_vol,post_covid
2022-04-29,0,0,0.51504374,-0.0038553533144596,high_vol,post_covid
2022-05-02,1,0,0.5137326,-0.0217628926571588,low_vol,post_covid
2022-05-03,0,1,0.5158465,0.0034097082850144,high_vol,post_covid
2022-05-04,1,0,0.51514935,-0.0115156233021109,low_vol,post_covid
2022-05-05,0,0,0.5137387,0.0016978739412316,low_vol,post_covid
2022-05-06,0,0,0.51418275,-0.0033537808943137,low_vol,post_covid
2022-05-09,0,0,0.5148594,-0.0246232391974046,low_vol,post_covid
2022-05-10,1,0,0.5132294,-0.0181604271794982,low_vol,post_covid
2022-05-11,0,0,0.51335716,0.0074522865866543,low_vol,post_covid
2022-05-12,1,0,0.51244825,-0.0374922434319802,low_vol,post_covid
2022-05-13,1,0,0.5116735,0.0108766692190302,high_vol,post_covid
2022-05-16,1,0,0.5132832,0.025919304486914,high_vol,post_covid
2022-05-17,0,0,0.51141894,0.0093363438070918,high_vol,post_covid
2022-05-18,1,0,0.5114517,-0.0094291691684643,high_vol,post_covid
2022-05-19,0,0,0.50973856,0.0168086551422716,high_vol,post_covid
2022-05-20,1,0,0.5092913,-0.0105126445933626,high_vol,post_covid
2022-05-23,1,0,0.5093243,0.0024888907988455,high_vol,post_covid
2022-05-24,0,0,0.51110196,0.0155303974705403,low_vol,post_covid
2022-05-25,1,0,0.5105163,-0.009243474208096,low_vol,post_covid
2022-05-26,1,0,0.51227665,0.0036985212950428,low_vol,post_covid
2022-05-27,0,0,0.51324344,0.0054089576516688,low_vol,post_covid
2022-05-31,1,0,0.51302695,-0.0187143898482356,low_vol,post_covid
2022-06-01,1,0,0.51392317,0.0107042119939255,low_vol,post_covid
2022-06-02,0,0,0.515373,0.0167659429461484,low_vol,post_covid
2022-06-03,1,0,0.51404446,-0.0164918710557684,low_vol,post_covid
2022-06-06,1,0,0.5149452,0.0083705347395956,low_vol,post_covid
2022-06-07,0,1,0.51577187,0.0038433340190864,low_vol,post_covid
2022-06-08,0,0,0.51424295,-0.0038433340190864,low_vol,post_covid
2022-06-09,1,0,0.5144937,-0.0126280321429602,low_vol,post_covid
2022-06-10,0,0,0.51494616,0.0053076866388709,low_vol,post_covid
2022-06-13,0,1,0.51565564,-0.0313822152920502,low_vol,post_covid
2022-06-14,1,1,0.5175593,-0.0142276530108864,low_vol,post_covid
2022-06-15,1,1,0.5191837,0.0220141909830395,low_vol,post_covid
2022-06-16,0,1,0.51767987,0.0214942820168646,low_vol,post_covid
2022-06-17,1,0,0.5140661,-0.013536146918041,low_vol,post_covid
2022-06-21,0,0,0.51492053,0.0083551046780545,low_vol,post_covid
2022-06-22,0,0,0.5150841,-0.0160796832449552,low_vol,post_covid
2022-06-23,1,0,0.5128527,-0.0176728842606511,low_vol,post_covid
2022-06-24,1,0,0.5129154,0.0039859422688954,low_vol,post_covid
2022-06-27,0,0,0.5146755,0.0020343555361408,low_vol,post_covid
2022-06-28,0,0,0.5149621,-0.0172565775535553,low_vol,post_covid
2022-06-29,0,0,0.51464766,-0.0062222131030113,low_vol,post_covid
2022-06-30,0,0,0.5138717,-0.0188528021106039,low_vol,post_covid
2022-07-01,0,0,0.51235867,-0.0343572733509041,low_vol,post_covid
2022-07-05,1,0,0.5118238,-0.028204414184627,low_vol,post_covid
2022-07-06,1,0,0.51212245,0.001730552884829,high_vol,post_covid
2022-07-07,1,0,0.5133614,0.0019368528716087,high_vol,post_covid
2022-07-08,0,0,0.5131563,0.0023505496373949,low_vol,post_covid
2022-07-11,0,0,0.513238,-0.0052309782629155,low_vol,post_covid
2022-07-12,1,0,0.51170343,-0.0088500429780906,low_vol,post_covid
2022-07-13,0,0,0.51052773,0.0125668933766269,low_vol,post_covid
2022-07-14,1,0,0.5094285,-0.0519590333176264,low_vol,post_covid
2022-07-15,1,0,0.51030916,0.0206451050746953,high_vol,post_covid
2022-07-18,0,0,0.5106484,0.0130160666678076,high_vol,post_covid
2022-07-19,0,0,0.5102685,-0.006460089655573,high_vol,post_covid
2022-07-20,1,0,0.51061594,-0.0016618051650045,high_vol,post_covid
2022-07-21,0,0,0.5112629,0.0025719531628676,high_vol,post_covid
2022-07-22,0,0,0.5088077,-0.0054733551503533,high_vol,post_covid
2022-07-25,1,0,0.5076385,-0.0157815830558444,high_vol,post_covid
2022-07-26,1,0,0.5086373,0.0104945845264247,high_vol,post_covid
2022-07-27,1,0,0.5092437,0.0035637179459468,low_vol,post_covid
2022-07-28,1,0,0.50879496,0.066413154321189,low_vol,post_covid
2022-07-29,1,0,0.50881684,0.0164573894063598,high_vol,post_covid
2022-08-01,0,0,0.5089853,0.0082020502101014,high_vol,post_covid
2022-08-02,0,0,0.5084312,-0.0107355502611754,high_vol,post_covid
2022-08-03,1,0,0.5108645,-0.012009139835891,high_vol,post_covid
2022-08-04,0,0,0.512672,0.0117107311489876,high_vol,post_covid
2022-08-05,1,0,0.5122399,-0.0140290230329611,high_vol,post_covid
2022-08-08,0,0,0.51500916,0.038261519050693,high_vol,post_covid
2022-08-09,1,0,0.5146252,-0.0065285919262903,high_vol,post_covid
2022-08-10,0,0,0.5136219,0.0126288945362597,high_vol,post_covid
2022-08-11,1,0,0.5131065,-0.0191020422959701,high_vol,post_covid
2022-08-12,0,0,0.5139061,0.0171211084070948,high_vol,post_covid
2022-08-15,0,0,0.5136585,-0.0208178257085971,high_vol,post_covid
2022-08-16,0,0,0.51447743,-0.009227117588657,high_vol,post_covid
2022-08-17,0,0,0.51466346,-0.0178001523408237,high_vol,post_covid
2022-08-18,0,0,0.51531696,-0.0134326433343941,high_vol,post_covid
2022-08-19,0,0,0.5149079,-0.0202572441099908,high_vol,post_covid
2022-08-22,1,0,0.51540256,-0.009754704144459,high_vol,post_covid
2022-08-23,0,0,0.51479656,0.0073380265986983,high_vol,post_covid
2022-08-24,1,0,0.51399124,-0.0061729519761266,high_vol,post_covid
2022-08-25,0,0,0.5139101,0.0113667276724015,high_vol,post_covid
2022-08-26,0,0,0.5127863,-0.0196038241038319,high_vol,post_covid
2022-08-29,0,0,0.51223654,-0.0099209536370787,high_vol,post_covid
2022-08-30,0,0,0.5126134,-0.0215729835345055,high_vol,post_covid
2022-08-31,0,0,0.5125012,-0.022105032555786,high_vol,post_covid
2022-09-01,1,0,0.5122867,-0.0119503326173198,high_vol,post_covid
2022-09-02,1,0,0.5139671,0.0127382182832759,high_vol,post_covid
2022-09-06,1,0,0.512021,0.0010683427142204,high_vol,post_covid
2022-09-07,1,0,0.513125,0.0190364794312365,low_vol,post_covid
2022-09-08,1,0,0.5116933,0.0105850550085953,high_vol,post_covid
2022-09-09,1,0,0.5117066,0.0177360015539183,low_vol,post_covid
2022-09-12,0,0,0.510632,0.0571315221379905,low_vol,post_covid
2022-09-13,1,0,0.5103011,-0.0186491436043642,high_vol,post_covid
2022-09-14,0,0,0.5116383,0.004168775837938,high_vol,post_covid
2022-09-15,1,0,0.5124126,-0.0153189061497699,high_vol,post_covid
2022-09-16,0,0,0.5133423,0.0062904885656765,high_vol,post_covid
2022-09-19,0,0,0.51322854,-0.0011926061030788,high_vol,post_covid
2022-09-20,1,0,0.5141923,-0.0089121858590085,high_vol,post_covid
2022-09-21,1,0,0.51424897,0.0160468754601519,high_vol,post_covid
2022-09-22,0,0,0.5140609,0.0070331170518579,high_vol,post_covid
2022-09-23,0,1,0.5155269,-0.0368376713414767,high_vol,post_covid
2022-09-26,0,1,0.5157788,-0.0233586193614338,high_vol,post_covid
2022-09-27,1,1,0.5167008,-0.008128139417952,high_vol,post_covid
2022-09-28,0,1,0.51597124,0.0290954896146269,high_vol,post_covid
2022-09-29,1,0,0.512801,-0.0098912490330981,high_vol,post_covid
2022-09-30,1,0,0.5129228,0.0185786414982202,high_vol,post_covid
2022-10-03,1,0,0.51374334,0.0790197937571674,high_vol,post_covid
2022-10-04,0,0,0.51202154,0.0249315810443914,high_vol,post_covid
2022-10-05,1,0,0.5116178,-0.0268828480163843,high_vol,post_covid
2022-10-06,0,0,0.51480436,0.005648319222903,high_vol,post_covid
2022-10-07,0,1,0.51617706,-0.0197618361491832,high_vol,post_covid
2022-10-10,0,1,0.51723814,-0.0320043261662427,high_vol,post_covid
2022-10-11,0,1,0.51836514,-0.0066182788192482,high_vol,post_covid
2022-10-12,0,1,0.517728,-0.0286666167693868,high_vol,post_covid
2022-10-13,0,1,0.5165363,-0.001060020118937,high_vol,post_covid
2022-10-14,1,1,0.5161997,-0.0457325062047775,high_vol,post_covid
2022-10-17,0,1,0.51587784,0.035927460302267,high_vol,post_covid
2022-10-18,0,0,0.5143466,-0.0055309924234011,high_vol,post_covid
2022-10-19,1,0,0.5141131,-0.0127348135332867,high_vol,post_covid
2022-10-20,1,0,0.5154058,0.0178373420972499,high_vol,post_covid
2022-10-21,1,1,0.51557136,0.0199958347525049,high_vol,post_covid
2022-10-24,1,0,0.513604,0.0068556419983137,high_vol,post_covid
2022-10-25,1,0,0.5147234,0.0085686351614001,high_vol,post_covid
2022-10-26,0,0,0.51361626,0.0072644560403096,high_vol,post_covid
2022-10-27,0,0,0.51273054,-0.0001026182740154,high_vol,post_covid
2022-10-28,0,0,0.5132501,-0.017139644521139,high_vol,post_covid
2022-10-31,1,0,0.51542234,-0.0011496322074729,high_vol,post_covid
2022-11-01,0,1,0.5159569,0.0282507746451875,high_vol,post_covid
2022-11-02,0,1,0.51562154,-0.0037175686585747,high_vol,post_covid
2022-11-03,1,0,0.5153366,-0.0084025267613085,high_vol,post_covid
2022-11-04,1,1,0.5163302,0.067345086968926,high_vol,post_covid
2022-11-07,1,0,0.51373315,0.0051813490223957,high_vol,post_covid
2022-11-08,0,0,0.5135518,0.0273290667607869,high_vol,post_covid
2022-11-09,1,0,0.5127031,-0.0083693743350891,high_vol,post_covid
2022-11-10,0,0,0.5145906,0.0176386053696113,high_vol,post_covid
2022-11-11,1,0,0.51143336,-0.0014311170811253,high_vol,post_covid
2022-11-14,0,0,0.5128798,0.0203948335725667,high_vol,post_covid
2022-11-15,1,0,0.51535517,-0.0272090612411769,high_vol,post_covid
2022-11-16,0,1,0.5158651,0.0002325028839367,high_vol,post_covid
2022-11-17,1,1,0.515614,-0.0258616731225479,high_vol,post_covid
2022-11-18,0,1,0.51809865,0.0010016412833119,high_vol,post_covid
2022-11-21,1,1,0.51897025,-0.0060728889114197,high_vol,post_covid
2022-11-22,1,1,0.5191494,0.0088341648510531,high_vol,post_covid
2022-11-23,1,1,0.5174398,0.0152393762633645,high_vol,post_covid
2022-11-25,0,1,0.51621896,0.0031788576515689,high_vol,post_covid
2022-11-28,1,0,0.5150027,-0.0243309227308889,high_vol,post_covid
2022-11-29,1,0,0.51526576,0.0139623592905528,high_vol,post_covid
2022-11-30,1,1,0.5156317,0.0161859157128027,high_vol,post_covid
2022-12-01,1,1,0.5158694,0.049209916152801,high_vol,post_covid
2022-12-02,0,0,0.51347774,0.0175593338412996,high_vol,post_covid
2022-12-05,0,0,0.5145833,-0.0370978151291924,high_vol,post_covid
2022-12-06,1,1,0.51623446,-0.0034294612390245,high_vol,post_covid
2022-12-07,1,1,0.5155419,0.0261875610312076,high_vol,post_covid
2022-12-08,1,0,0.5147668,0.0154242740698702,high_vol,post_covid
2022-12-09,0,1,0.51680064,0.020259078496165,high_vol,post_covid
2022-12-12,1,1,0.51744896,-0.0134747216712116,high_vol,post_covid
2022-12-13,1,1,0.5169893,0.0247136749058692,high_vol,post_covid
2022-12-14,0,0,0.51524913,0.0060736380062031,high_vol,post_covid
2022-12-15,1,1,0.51579803,-0.034757243680659,high_vol,post_covid
2022-12-16,0,1,0.51597565,0.0009939200087054,high_vol,post_covid
2022-12-19,1,1,0.51607335,-0.0052836738266561,high_vol,post_covid
2022-12-20,0,1,0.5168118,0.0452085790330277,high_vol,post_covid
2022-12-21,0,1,0.51774716,-0.0024517461475854,high_vol,post_covid
2022-12-22,1,1,0.5179465,-0.0235324794509791,high_vol,post_covid
2022-12-23,1,1,0.5175336,0.0121932123787333,high_vol,post_covid
2022-12-27,0,1,0.51789147,0.0115473198253984,high_vol,post_covid
2022-12-28,1,1,0.51749593,-0.0158064964437297,high_vol,post_covid
2022-12-29,0,1,0.5183249,0.0173858724501074,high_vol,post_covid
2022-12-30,1,1,0.5174555,-0.0090113087659882,high_vol,post_covid
2023-01-03,0,1,0.5174505,0.0082219325663381,high_vol,post_covid
2023-01-04,0,1,0.51672786,-0.0111597655355286,high_vol,post_covid
2023-01-05,1,1,0.5157195,-0.0227002480813719,high_vol,post_covid
2023-01-06,0,1,0.5165502,0.0239604106559812,high_vol,post_covid
2023-01-09,0,0,0.51497823,-0.0046282999871726,high_vol,post_covid
2023-01-10,0,0,0.51369727,-0.0086829967719942,high_vol,post_covid
2023-01-11,1,1,0.5158147,-0.0076867742614928,high_vol,post_covid
2023-01-12,1,0,0.51503056,0.0227177050831036,high_vol,post_covid
2023-01-13,0,0,0.51366514,0.0153036636230966,high_vol,post_covid
2023-01-17,0,0,0.5147498,-0.0119150615351395,high_vol,post_covid
2023-01-18,1,0,0.51531017,-0.0174415488257399,high_vol,post_covid
2023-01-19,1,0,0.51367,0.0094746932260975,high_vol,post_covid
2023-01-20,0,0,0.5141664,0.0031943627619855,high_vol,post_covid
2023-01-23,1,1,0.51583564,-0.0159895231211508,high_vol,post_covid
2023-01-24,1,1,0.51626515,0.0083650730553846,high_vol,post_covid
2023-01-25,1,1,0.5156436,0.00800208660889,low_vol,post_covid
2023-01-26,0,1,0.5155788,0.0038099902209531,low_vol,post_covid
2023-01-27,1,1,0.5163989,-0.0169841987150331,low_vol,post_covid
2023-01-30,1,1,0.5158749,0.0050029794975876,low_vol,post_covid
2023-01-31,0,1,0.51588845,0.0043465868986785,low_vol,post_covid
2023-02-01,1,1,0.51569617,-0.0096046471133444,low_vol,post_covid
2023-02-02,0,0,0.51423997,0.0005525656583878,low_vol,post_covid
2023-02-03,0,0,0.51471317,-0.0523360362728266,low_vol,post_covid
2023-02-06,0,1,0.51664495,-0.007054446776556,high_vol,post_covid
2023-02-07,1,1,0.51650816,-0.0027091480467797,high_vol,post_covid
2023-02-08,0,1,0.5159468,0.0112401144485204,high_vol,post_covid
2023-02-09,0,1,0.5155916,-0.0121448260245083,high_vol,post_covid
2023-02-10,0,0,0.5153532,-0.0028551253041003,high_vol,post_covid
2023-02-13,1,0,0.5150173,-0.0098513793805129,low_vol,post_covid
2023-02-14,0,0,0.5142463,0.001099324919779,low_vol,post_covid
2023-02-15,1,0,0.5144119,-0.0136445159444995,low_vol,post_covid
2023-02-16,1,0,0.515334,0.0063844995838531,low_vol,post_covid
2023-02-17,1,0,0.51430243,0.0004610737700768,low_vol,post_covid
2023-02-21,0,0,0.5138351,0.0080343493113036,low_vol,post_covid
2023-02-22,0,0,0.5146258,-0.0095567090283782,low_vol,post_covid
2023-02-23,0,0,0.5143649,-0.0168532629280413,low_vol,post_covid
2023-02-24,0,0,0.5137674,-0.0234187183121831,low_vol,post_covid
2023-02-27,1,0,0.5143034,-0.006558017529834,low_vol,post_covid
2023-02-28,0,0,0.5133348,0.013980211964566,low_vol,post_covid
2023-03-01,0,0,0.5130993,-9.545843099704883e-05,low_vol,post_covid
2023-03-02,1,0,0.5132803,-0.0092510610319913,low_vol,post_covid
2023-03-03,0,0,0.51420176,0.0156241815307764,low_vol,post_covid
2023-03-06,0,0,0.512275,-0.0051810444834949,low_vol,post_covid
2023-03-07,0,0,0.5124449,-0.0453315292222871,low_vol,post_covid
2023-03-08,1,0,0.5134666,-0.0024464773532809,high_vol,post_covid
2023-03-09,1,0,0.5138009,0.000999273546733,high_vol,post_covid
2023-03-10,1,0,0.5119249,0.0173271852221779,low_vol,post_covid
2023-03-13,1,0,0.50985783,0.0672801245786219,low_vol,post_covid
2023-03-14,0,0,0.5083539,0.0062212170156589,high_vol,post_covid
2023-03-15,0,0,0.51157254,-0.0070933955536361,high_vol,post_covid
2023-03-16,1,0,0.5105053,-0.0085790308043531,high_vol,post_covid
2023-03-17,1,0,0.5134835,0.0347334809151579,high_vol,post_covid
2023-03-20,0,0,0.51193047,0.008109888078471,high_vol,post_covid
2023-03-21,1,0,0.51498854,-0.0093186370877453,high_vol,post_covid
2023-03-22,1,1,0.51753676,0.0156006560853749,high_vol,post_covid
2023-03-23,1,0,0.5154445,0.0204725664207847,high_vol,post_covid
2023-03-24,0,0,0.5136541,0.0044405515162579,high_vol,post_covid
2023-03-27,1,1,0.51575994,-0.0083367530478863,high_vol,post_covid
2023-03-28,1,1,0.5179579,0.0116435206020948,high_vol,post_covid
2023-03-29,1,1,0.5169981,0.0022269836634541,high_vol,post_covid
2023-03-30,1,1,0.517951,0.0222523238104172,high_vol,post_covid
2023-03-31,0,1,0.5176332,0.0072533472387883,high_vol,post_covid
2023-04-03,1,1,0.51762956,-0.005623032843895,high_vol,post_covid
2023-04-04,0,1,0.5159848,0.0441629425684888,high_vol,post_covid
2023-04-05,1,0,0.5146303,-0.0023607099805963,high_vol,post_covid
2023-04-06,0,1,0.5155229,0.002480607655354,high_vol,post_covid
2023-04-10,1,1,0.5173281,-0.00717850914433,high_vol,post_covid
2023-04-11,1,1,0.51929784,0.0114053636701529,high_vol,post_covid
2023-04-12,1,1,0.5188189,0.0108044510287804,high_vol,post_covid
2023-04-13,0,1,0.5187837,0.0183320092138079,high_vol,post_covid
2023-04-14,0,1,0.5182915,-0.0175450233342067,high_vol,post_covid
2023-04-17,1,1,0.5198007,-0.014700040651733,high_vol,post_covid
2023-04-18,1,1,0.5194635,0.0077533518923666,high_vol,post_covid
2023-04-19,1,1,0.51822007,0.0046627513338683,high_vol,post_covid
2023-04-20,0,1,0.51886714,7.887447259596853e-05,low_vol,post_covid
2023-04-21,1,1,0.517611,-0.012494977698831,low_vol,post_covid
2023-04-24,0,1,0.51771975,0.0100479513793226,low_vol,post_covid
2023-04-25,0,1,0.5160922,-0.0170977977883199,low_vol,post_covid
2023-04-26,1,0,0.51445705,-0.0002412365801806,low_vol,post_covid
2023-04-27,1,0,0.5153252,0.0044931078723349,low_vol,post_covid
2023-04-28,1,1,0.51678854,0.0006402604183472,low_vol,post_covid
2023-05-01,1,1,0.5158398,0.0003999451587614,low_vol,post_covid
2023-05-02,1,1,0.5173144,0.0156708243118662,low_vol,post_covid
2023-05-03,1,0,0.51461,0.0028302104083537,low_vol,post_covid
2023-05-04,0,0,0.51399034,0.0217049548332912,low_vol,post_covid
2023-05-05,0,0,0.5136085,-0.0112790340754224,low_vol,post_covid
2023-05-08,1,1,0.5161637,-0.0041651455359823,low_vol,post_covid
2023-05-09,0,1,0.5160644,0.0024155649373865,low_vol,post_covid
2023-05-10,0,1,0.51610076,-0.0092652790446059,low_vol,post_covid
2023-05-11,0,1,0.51569283,-0.0485251399386122,low_vol,post_covid
2023-05-12,1,0,0.5154463,-0.0109022814822376,high_vol,post_covid
2023-05-15,0,1,0.5156852,0.0056111132479168,high_vol,post_covid
2023-05-16,1,0,0.51527005,-0.0162965872340852,low_vol,post_covid
2023-05-17,0,1,0.51567036,0.0006317798814387,low_vol,post_covid
2023-05-18,1,1,0.5160677,-0.0108791032353455,low_vol,post_covid
2023-05-19,0,1,0.5161609,0.0179272639975394,low_vol,post_covid
2023-05-22,0,0,0.5144177,-0.0086071665081969,low_vol,post_covid
2023-05-23,0,0,0.5141054,-0.0102143004340583,low_vol,post_covid
2023-05-24,0,0,0.5135586,-0.015411717791408,low_vol,post_covid
2023-05-25,1,0,0.5138714,-0.0143354660665814,low_vol,post_covid
2023-05-26,0,0,0.5150871,0.0197286406633619,low_vol,post_covid
2023-05-30,1,0,0.51529086,-0.0049606387366054,low_vol,post_covid
2023-05-31,1,0,0.5133963,0.014979181931233,low_vol,post_covid
2023-06-01,0,0,0.51286757,0.0169384210370718,low_vol,post_covid
2023-06-02,0,0,0.51241916,-0.0097648131709796,low_vol,post_covid
2023-06-05,1,0,0.5134616,-0.0046208722964025,low_vol,post_covid
2023-06-06,0,0,0.51284814,0.0016981836613594,low_vol,post_covid
2023-06-07,1,0,0.5129345,-0.0057431180320549,low_vol,post_covid
2023-06-08,1,0,0.51424915,0.0345925013421023,low_vol,post_covid
2023-06-09,0,0,0.51279575,0.0028807664450863,low_vol,post_covid
2023-06-12,0,0,0.5127025,-0.0144458739146584,low_vol,post_covid
2023-06-13,1,0,0.51296633,-0.0095935084089889,low_vol,post_covid
2023-06-14,0,0,0.51408553,0.0120503592040533,low_vol,post_covid
2023-06-15,1,0,0.51346976,-0.0063836609209334,low_vol,post_covid
2023-06-16,0,0,0.5130437,0.0077136522830098,low_vol,post_covid
2023-06-20,0,0,0.51427066,-0.0373649593408839,low_vol,post_covid
2023-06-21,0,0,0.5140324,-0.0182310014589889,low_vol,post_covid
2023-06-22,0,0,0.5137749,-0.0149526933868668,low_vol,post_covid
2023-06-23,1,0,0.5148598,-0.0048253917743955,low_vol,post_covid
2023-06-26,1,0,0.5140955,0.0211383669483799,low_vol,post_covid
2023-06-27,0,0,0.51358575,0.0058586593061086,low_vol,post_covid
2023-06-28,0,0,0.51408434,-0.0030999281155054,low_vol,post_covid
2023-06-29,1,0,0.5136818,-0.0121869754225024,low_vol,post_covid
2023-06-30,1,0,0.5144038,0.009647433569253,low_vol,post_covid
2023-07-03,1,0,0.5135238,0.003763205932475,low_vol,post_covid
2023-07-05,0,0,0.51418114,0.0130607628577913,low_vol,post_covid
2023-07-06,1,0,0.51494735,-0.0222749512155603,low_vol,post_covid
2023-07-07,1,0,0.51506984,0.0177381657724809,low_vol,post_covid
2023-07-10,0,0,0.51402974,0.0025517397083946,low_vol,post_covid
2023-07-11,1,0,0.5137812,-0.0028115435781746,low_vol,post_covid
2023-07-12,1,0,0.5135791,0.0437734977593467,low_vol,post_covid
2023-07-13,1,0,0.51218885,0.0265525931179977,high_vol,post_covid
2023-07-14,0,0,0.5113968,0.009883182448938,high_vol,post_covid
2023-07-17,1,0,0.5132944,-0.0068193965172751,high_vol,post_covid
2023-07-18,1,0,0.5134281,0.0096139089119908,high_vol,post_covid
2023-07-19,0,0,0.5136673,0.0053674951532174,high_vol,post_covid
2023-07-20,0,0,0.5145809,-0.0165524151786014,low_vol,post_covid
2023-07-21,0,1,0.51681954,-0.0043229912138203,low_vol,post_covid
2023-07-24,1,1,0.51696736,-0.0106647783349655,low_vol,post_covid
2023-07-25,1,1,0.51710445,0.0099357228952733,low_vol,post_covid
2023-07-26,0,1,0.51757073,0.0058580292614486,low_vol,post_covid
2023-07-27,1,1,0.51658505,-0.0240121070628326,low_vol,post_covid
2023-07-28,1,1,0.5174812,0.0055137684731562,low_vol,post_covid
2023-07-31,0,1,0.5165758,0.019665806993158,low_vol,post_covid
2023-08-01,0,1,0.5159869,-0.0263355444575831,low_vol,post_covid
2023-08-02,0,1,0.51727694,-0.0189322394627684,low_vol,post_covid
2023-08-03,1,1,0.5166715,-0.0070975907179582,low_vol,post_covid
2023-08-04,0,1,0.5168522,0.0013134818174508,low_vol,post_covid
2023-08-07,0,0,0.5153016,-0.0203176592208071,low_vol,post_covid
2023-08-08,0,1,0.5159915,-0.0185356557894754,low_vol,post_covid
2023-08-09,1,0,0.5152514,-0.0029536661491704,low_vol,post_covid
2023-08-10,0,0,0.515155,0.0042294834209854,low_vol,post_covid
2023-08-11,0,0,0.5152426,-0.0031704343341889,low_vol,post_covid
2023-08-14,0,1,0.5161458,-0.0013240077569839,low_vol,post_covid
2023-08-15,0,0,0.5155151,-0.0021662639429501,low_vol,post_covid
2023-08-16,1,0,0.5148256,-0.0051026078116372,low_vol,post_covid
2023-08-17,1,0,0.51476675,0.0084164632225146,low_vol,post_covid
2023-08-18,1,0,0.514746,0.0011021545767478,low_vol,post_covid
2023-08-21,1,0,0.51382726,0.0264804338627224,low_vol,post_covid
2023-08-22,1,0,0.5145109,0.0049653051028895,low_vol,post_covid
2023-08-23,0,0,0.5143239,0.0394752622408374,low_vol,post_covid
2023-08-24,1,0,0.51297766,-0.0062585300483364,low_vol,post_covid
2023-08-25,1,0,0.51368827,0.0003716161548815,low_vol,post_covid
2023-08-28,1,0,0.5148053,0.0007429756554771,low_vol,post_covid
2023-08-29,0,0,0.5147946,0.021994135310275,low_vol,post_covid
2023-08-30,0,0,0.5137995,-0.0017370356493434,low_vol,post_covid
2023-08-31,0,0,0.5146023,-0.0106491732542384,low_vol,post_covid
2023-09-01,0,0,0.5148457,-0.0098555236288249,low_vol,post_covid
2023-09-05,0,1,0.51602614,-0.0282085987060195,low_vol,post_covid
2023-09-06,0,1,0.516425,-0.0150546505355582,low_vol,post_covid
2023-09-07,0,1,0.5168016,-0.0110928692162592,low_vol,post_covid
2023-09-08,1,1,0.51627004,-0.0025304565380251,low_vol,post_covid
2023-09-11,1,1,0.51615334,0.0091749937527949,low_vol,post_covid
2023-09-12,0,0,0.5154706,0.0010382941488321,low_vol,post_covid
2023-09-13,0,0,0.51493007,-0.0093399816986017,low_vol,post_covid
2023-09-14,1,0,0.5146648,-0.0071836255216239,low_vol,post_covid
2023-09-15,1,0,0.51508003,0.0164803080600948,low_vol,post_covid
2023-09-18,0,0,0.514693,0.0045731517952228,low_vol,post_covid
2023-09-19,1,0,0.5146918,-0.0016370186882602,low_vol,post_covid
2023-09-20,0,0,0.5152735,0.0164628703895495,low_vol,post_covid
2023-09-21,1,0,0.5147269,-0.0057418964221247,low_vol,post_covid
2023-09-22,0,1,0.51581883,0.0064626255662794,low_vol,post_covid
2023-09-25,0,1,0.5156754,-0.0192984403329267,low_vol,post_covid
2023-09-26,0,1,0.51648897,-0.0084608245112113,low_vol,post_covid
2023-09-27,1,1,0.51619786,-0.0208254374939436,low_vol,post_covid
2023-09-28,0,1,0.5172165,0.0016891943887116,low_vol,post_covid
2023-09-29,0,1,0.5160424,-0.0124691268087677,low_vol,post_covid
2023-10-02,0,0,0.5153603,-0.0468627023821462,low_vol,post_covid
2023-10-03,0,0,0.51533324,-0.001887014222257,high_vol,post_covid
2023-10-04,0,0,0.5153435,-0.0105379115392464,low_vol,post_covid
2023-10-05,1,0,0.5142008,-0.0051669718033495,low_vol,post_covid
2023-10-06,1,0,0.51407063,0.0326537143427282,low_vol,post_covid
2023-10-09,1,0,0.5146666,0.0092881287693801,high_vol,post_covid
2023-10-10,1,0,0.51386505,0.0016085601642278,high_vol,post_covid
2023-10-11,0,0,0.5125144,0.0082776254788599,low_vol,post_covid
2023-10-12,1,0,0.5126167,-0.0075431070796156,low_vol,post_covid
2023-10-13,0,0,0.51453984,0.0420106918716353,low_vol,post_covid
2023-10-16,1,0,0.512886,-0.0051613001516805,high_vol,post_covid
2023-10-17,1,0,0.5149194,0.0111276081093066,high_vol,post_covid
2023-10-18,0,1,0.5166366,0.003536553663981,high_vol,post_covid
2023-10-19,1,1,0.5162551,-0.0024874492836912,high_vol,post_covid
2023-10-20,0,1,0.51615316,0.0200707767881152,low_vol,post_covid
2023-10-23,0,1,0.5165487,-0.0120200196350888,low_vol,post_covid
2023-10-24,0,1,0.5161354,-0.0039955304267433,low_vol,post_covid
2023-10-25,0,1,0.51709515,-0.0044921781162672,low_vol,post_covid
2023-10-26,0,1,0.5173308,-0.0039418476803252,low_vol,post_covid
2023-10-27,1,1,0.51661545,-0.0007463265244723,low_vol,post_covid
2023-10-30,0,1,0.5170967,0.0222366119510656,low_vol,post_covid
2023-10-31,0,1,0.51756674,-0.0191233628331628,low_vol,post_covid
2023-11-01,1,1,0.5182012,-0.0068532597237541,low_vol,post_covid
2023-11-02,1,1,0.5177802,0.0029051867565586,low_vol,post_covid
2023-11-03,0,1,0.51672566,0.0195863140689444,low_vol,post_covid
2023-11-06,0,1,0.51571405,-0.0022438000934274,low_vol,post_covid
2023-11-07,1,1,0.51730907,-0.0280808144958862,low_vol,post_covid
2023-11-08,1,1,0.51628304,0.0061565887176131,low_vol,post_covid
2023-11-09,0,1,0.5165639,0.0080918696681169,low_vol,post_covid
2023-11-10,1,1,0.51688355,-0.0273514909389634,low_vol,post_covid
2023-11-13,1,1,0.51764464,0.0037740815747684,low_vol,post_covid
2023-11-14,1,1,0.51641595,0.0343813088093748,low_vol,post_covid
2023-11-15,1,0,0.51400137,0.0174388118272513,high_vol,post_covid
2023-11-16,0,1,0.51555574,0.0171817377046447,high_vol,post_covid
2023-11-17,0,0,0.5141017,-0.0034800220749499,high_vol,post_covid
2023-11-20,1,0,0.5140626,-0.0097071556475623,low_vol,post_covid
2023-11-21,0,0,0.51448727,0.011134185035356,low_vol,post_covid
2023-11-22,1,0,0.51525176,-0.0071977380011805,low_vol,post_covid
2023-11-24,1,1,0.5157547,0.0273761213884642,low_vol,post_covid
2023-11-27,1,1,0.51658595,0.0139999593792109,low_vol,post_covid
2023-11-28,1,1,0.5155674,0.0104028765248365,low_vol,post_covid
2023-11-29,1,0,0.5146592,0.0056797959206517,low_vol,post_covid
2023-11-30,1,0,0.5144418,0.0087759429537295,low_vol,post_covid
2023-12-01,0,1,0.5163853,0.0081116086006605,low_vol,post_covid
2023-12-04,0,0,0.5151029,-0.0377237453323532,low_vol,post_covid
2023-12-05,0,1,0.5168398,-0.0145215484694811,high_vol,post_covid
2023-12-06,0,1,0.5165924,-0.0129758640615114,high_vol,post_covid
2023-12-07,0,1,0.5156636,-0.0065937362039322,high_vol,post_covid
2023-12-08,0,0,0.5154146,-0.0325917831578623,low_vol,post_covid
2023-12-11,0,1,0.5174281,-0.00865692483212,high_vol,post_covid
2023-12-12,0,1,0.5166226,-0.0019779824453282,high_vol,post_covid
2023-12-13,1,1,0.51593685,-0.0039235926970757,high_vol,post_covid
2023-12-14,0,0,0.5134488,0.0623717994283268,low_vol,post_covid
2023-12-15,0,0,0.5118591,-0.009423403971239,high_vol,post_covid
2023-12-18,1,0,0.5126077,-0.0016352476199671,high_vol,post_covid
2023-12-19,1,0,0.51316327,0.008731919861235,high_vol,post_covid
2023-12-20,0,0,0.5129933,0.0126894959162955,high_vol,post_covid
2023-12-21,0,0,0.513951,-0.0016443016028263,high_vol,post_covid
2023-12-22,0,0,0.5151415,-0.0006995613583617,high_vol,post_covid
2023-12-26,1,0,0.51469624,-0.0060289159675862,high_vol,post_covid
2023-12-27,0,0,0.5147968,0.0095221521458833,high_vol,post_covid
2023-12-28,0,0,0.5137997,-0.0099363499876095,high_vol,post_covid
2023-12-29,0,0,0.51482844,-0.0117116444414016,high_vol,post_covid
2024-01-02,0,0,0.5151026,-0.0050435461056927,high_vol,post_covid
2024-01-03,1,1,0.5156027,-0.0337228842115219,low_vol,post_covid
2024-01-04,1,0,0.5149404,0.0018722624572959,high_vol,post_covid
2024-01-05,0,0,0.5154254,0.0057686794394215,high_vol,post_covid
2024-01-08,0,0,0.5153659,-8.645393120405551e-05,high_vol,post_covid
2024-01-09,0,0,0.5149797,-0.0093865416204621,low_vol,post_covid
2024-01-10,0,0,0.5146768,-0.0008735280702388,low_vol,post_covid
2024-01-11,1,0,0.51440525,-0.0152795782626034,low_vol,post_covid
2024-01-12,0,0,0.5140831,0.0273546009400665,low_vol,post_covid
2024-01-16,0,0,0.5134918,-0.0099360871896638,low_vol,post_covid
2024-01-17,1,0,0.51546174,-0.0183507450918792,low_vol,post_covid
2024-01-18,0,1,0.5158887,0.0066839133957381,low_vol,post_covid
2024-01-19,0,1,0.51579857,-0.0042442556125047,low_vol,post_covid
2024-01-22,1,0,0.51529086,-0.0182416219947522,low_vol,post_covid
2024-01-23,1,0,0.5149147,0.007685928029686,low_vol,post_covid
2024-01-24,1,0,0.5147599,0.0186746999607451,low_vol,post_covid
2024-01-25,0,0,0.5146104,0.0023265117764248,low_vol,post_covid
2024-01-26,1,0,0.513898,-0.0023265117764249,low_vol,post_covid
2024-01-29,0,0,0.5139068,0.0166914441223683,low_vol,post_covid
2024-01-30,0,0,0.5131423,-0.001340691595198,low_vol,post_covid
2024-01-31,1,0,0.51275104,-0.0024264388486063,low_vol,post_covid
2024-02-01,0,0,0.51163757,0.0034212616941241,low_vol,post_covid
2024-02-02,0,0,0.5116206,-0.0187214541692316,low_vol,post_covid
2024-02-05,1,0,0.51471364,-0.016254071977408,low_vol,post_covid
2024-02-06,0,1,0.5163629,0.0025934805369113,low_vol,post_covid
2024-02-07,1,0,0.51514316,-0.0051487554067026,low_vol,post_covid
2024-02-08,0,0,0.5151473,0.0128004180028982,low_vol,post_covid
2024-02-09,1,1,0.5158367,-0.0016410823894577,low_vol,post_covid
2024-02-12,0,0,0.5149238,0.008002330999257,low_vol,post_covid
2024-02-13,1,0,0.51407254,-0.02736467850436,low_vol,post_covid
2024-02-14,1,0,0.5154593,0.010579192585494,low_vol,post_covid
2024-02-15,1,0,0.5151503,0.0256849997776841,low_vol,post_covid
2024-02-16,0,0,0.51452506,0.022740447113613,low_vol,post_covid
2024-02-20,0,0,0.51485133,-0.0143089035053455,low_vol,post_covid
2024-02-21,0,0,0.51396036,-0.0110974903098761,low_vol,post_covid
2024-02-22,1,0,0.51450086,-0.0037706307377119,low_vol,post_covid
2024-02-23,0,0,0.51541615,0.008921232752946,low_vol,post_covid
2024-02-26,1,0,0.51497066,-0.0198748864416723,low_vol,post_covid
2024-02-27,0,1,0.5155343,0.0002664528735505,low_vol,post_covid
2024-02-28,1,1,0.51567745,-0.0050297601566907,low_vol,post_covid
2024-02-29,1,0,0.51491565,0.0113587394636808,low_vol,post_covid
2024-03-01,1,0,0.51450956,0.0211287435864723,low_vol,post_covid
2024-03-04,0,0,0.5131796,0.0268080459452519,low_vol,post_covid
2024-03-05,1,0,0.51319,-0.0006730403011057,low_vol,post_covid
2024-03-06,1,0,0.51275456,0.0211936265043212,low_vol,post_covid
2024-03-07,0,0,0.51322013,0.0040295058717298,low_vol,post_covid
2024-03-08,1,0,0.51387125,-0.0012728711545629,low_vol,post_covid
2024-03-11,0,0,0.51455855,0.0070827271558161,low_vol,post_covid
2024-03-12,1,1,0.51569474,-0.0130580794469057,low_vol,post_covid
2024-03-13,0,1,0.5173246,0.0311297852949607,low_vol,post_covid
2024-03-14,1,1,0.5174038,-0.0034113606080662,low_vol,post_covid
2024-03-15,0,1,0.51826775,0.0130209214772439,low_vol,post_covid
2024-03-18,0,1,0.51833606,-0.0043348245037173,low_vol,post_covid
2024-03-19,0,1,0.51809865,-0.0050743851005788,low_vol,post_covid
2024-03-20,0,1,0.51745874,-0.0012425653057644,low_vol,post_covid
2024-03-21,0,1,0.51728135,-0.0033747021407657,low_vol,post_covid
2024-03-22,1,1,0.5165299,-0.0063382660749776,low_vol,post_covid
2024-03-25,0,1,0.5171544,0.0021442006521723,low_vol,post_covid
2024-03-26,1,1,0.5166545,-0.0106444912660272,low_vol,post_covid
2024-03-27,1,1,0.51637644,0.0057831960050593,low_vol,post_covid
2024-03-28,1,1,0.5162307,0.0069605267438554,low_vol,post_covid
2024-04-01,1,1,0.5158802,0.0063114351425985,low_vol,post_covid
2024-04-02,1,1,0.51682115,0.0334954028401064,low_vol,post_covid
2024-04-03,1,1,0.5167137,0.0432681882748692,low_vol,post_covid
2024-04-04,1,1,0.51623845,0.007210891858137,high_vol,post_covid
2024-04-05,1,1,0.51589143,0.0095343675540524,high_vol,post_covid
2024-04-08,1,1,0.51647824,0.0113225290539111,low_vol,post_covid
2024-04-09,1,1,0.51707107,0.006438554423385,low_vol,post_covid
2024-04-10,1,1,0.5172666,0.0025066149818774,low_vol,post_covid
2024-04-11,1,1,0.5197959,0.0076598749434603,low_vol,post_covid
2024-04-12,1,1,0.519486,0.0027998305052806,low_vol,post_covid
2024-04-15,0,1,0.5185431,0.0139179106988542,low_vol,post_covid
2024-04-16,1,1,0.5193422,-0.0116906411962324,low_vol,post_covid
2024-04-17,0,1,0.5189935,0.0009882775478184,low_vol,post_covid
2024-04-18,1,1,0.518395,-0.0005999187836205,low_vol,post_covid
2024-04-19,0,1,0.5187421,0.0167671142979296,low_vol,post_covid
2024-04-22,1,1,0.5182921,-0.0569583697543458,low_vol,post_covid
2024-04-23,0,1,0.5191665,0.0043267900183853,high_vol,post_covid
2024-04-24,1,1,0.51850474,-0.000256151117996,high_vol,post_covid
2024-04-25,0,1,0.5184293,0.0006585318188921,high_vol,post_covid
2024-04-26,1,1,0.51830804,-0.0037007841495205,high_vol,post_covid
2024-04-29,0,1,0.51830757,0.0048339338028291,high_vol,post_covid
2024-04-30,1,1,0.516859,-0.0365340252931376,low_vol,post_covid
2024-05-01,1,1,0.5183507,0.0037064933043998,high_vol,post_covid
2024-05-02,0,1,0.5165662,0.0035423560473991,high_vol,post_covid
2024-05-03,1,1,0.51613224,-0.0052048276434164,high_vol,post_covid
2024-05-06,0,0,0.51545894,0.0343438740978117,low_vol,post_covid
2024-05-07,1,0,0.5152111,-0.0024143992550719,high_vol,post_covid
2024-05-08,1,0,0.5144903,0.0021220762040986,high_vol,post_covid
2024-05-09,1,0,0.5150312,0.0277890733362091,high_vol,post_covid
2024-05-10,0,0,0.51432306,0.0050702911497979,high_vol,post_covid
2024-05-13,1,0,0.51458097,-0.0019116030625229,high_vol,post_covid
2024-05-14,1,0,0.5151862,0.0093112489112331,high_vol,post_covid
2024-05-15,1,0,0.5145687,0.0354870706137703,low_vol,post_covid
2024-05-16,1,0,0.5136823,0.0051032055995613,high_vol,post_covid
2024-05-17,1,0,0.51495486,0.0455342832868171,high_vol,post_covid
2024-05-20,0,0,0.5153333,0.0366195629954468,high_vol,post_covid
2024-05-21,0,1,0.51565886,-0.010519404379332,high_vol,post_covid
2024-05-22,0,1,0.5164872,-0.0181440296611837,high_vol,post_covid
2024-05-23,1,1,0.5179277,-0.0328388094732323,high_vol,post_covid
2024-05-24,1,1,0.5186465,0.0015177858437001,high_vol,post_covid
2024-05-28,1,1,0.51863456,0.0526919437217662,high_vol,post_covid
2024-05-29,0,1,0.518193,0.0072303255233753,high_vol,post_covid
2024-05-30,0,1,0.518868,-0.0256339186086398,high_vol,post_covid
2024-05-31,1,1,0.5174441,-0.0353769428978655,high_vol,post_covid
2024-06-03,0,1,0.51736325,0.0112902788931802,high_vol,post_covid
2024-06-04,1,1,0.5163158,-0.0383555753942955,high_vol,post_covid
2024-06-05,1,1,0.51644206,0.0154791124173614,high_vol,post_covid
2024-06-06,0,1,0.5163838,0.0424608204326268,high_vol,post_covid
2024-06-07,1,1,0.5165973,-0.0631420521041007,high_vol,post_covid
2024-06-10,0,1,0.51829314,0.0146862421899634,high_vol,post_covid
2024-06-11,1,1,0.5179954,-0.0215960209810694,high_vol,post_covid
2024-06-12,0,1,0.5160535,0.0351753937944472,high_vol,post_covid
2024-06-13,1,0,0.51510996,-0.040095991133413,high_vol,post_covid
2024-06-14,0,1,0.51553947,0.0141117787346014,high_vol,post_covid
2024-06-17,1,0,0.5136536,-0.0026222932167364,high_vol,post_covid
2024-06-18,1,0,0.5147553,0.0061192915091335,high_vol,post_covid
2024-06-20,0,0,0.5137908,0.042175423140735,high_vol,post_covid
2024-06-21,0,0,0.5143218,-0.0398733538592195,high_vol,post_covid
2024-06-24,0,0,0.51387644,-0.0028444580283353,high_vol,post_covid
2024-06-25,1,0,0.5136425,-0.0223580422078538,high_vol,post_covid
2024-06-26,1,0,0.5135206,0.0024936979354411,high_vol,post_covid
2024-06-27,1,0,0.51542133,0.0003112342322613,high_vol,post_covid
2024-06-28,1,0,0.51466525,0.0109708004595249,high_vol,post_covid
2024-07-01,1,0,0.51434046,0.0021524762462155,high_vol,post_covid
2024-07-02,1,1,0.5156903,0.0018072875503516,high_vol,post_covid
2024-07-03,1,0,0.5146055,0.0399044504806992,high_vol,post_covid
2024-07-05,0,0,0.5132126,0.0271264418063468,high_vol,post_covid
2024-07-08,1,0,0.5125318,-0.0248375975149204,high_vol,post_covid
2024-07-09,0,0,0.51406026,0.0050170924637057,high_vol,post_covid
2024-07-10,1,0,0.51445216,-0.0014634412045361,high_vol,post_covid
2024-07-11,0,0,0.5145969,0.021475039610783,high_vol,post_covid
2024-07-12,0,0,0.51426184,-0.0163137667505043,high_vol,post_covid
2024-07-15,1,0,0.51530945,-0.0069527812687735,high_vol,post_covid
2024-07-16,0,1,0.51566505,0.0169076006226226,high_vol,post_covid
2024-07-17,0,0,0.5152402,-0.0345041918964456,high_vol,post_covid
2024-07-18,0,0,0.51470035,-0.0047228947992953,high_vol,post_covid
2024-07-19,1,1,0.51635945,-0.0307050336457509,high_vol,post_covid
2024-07-22,1,1,0.5172586,0.0012368999553464,high_vol,post_covid
2024-07-23,0,1,0.51726305,0.0002746299143454,high_vol,post_covid
2024-07-24,0,1,0.5164325,-0.0005494007796076,high_vol,post_covid
2024-07-25,1,1,0.5155724,-0.046000065501129,high_vol,post_covid
2024-07-26,0,1,0.5159804,0.0019042312320985,high_vol,post_covid
2024-07-29,1,0,0.51474917,-0.0056513116278033,high_vol,post_covid
2024-07-30,1,0,0.51477283,0.0236153040777012,high_vol,post_covid
2024-07-31,0,0,0.51442903,0.0144552193900665,high_vol,post_covid
2024-08-01,0,0,0.51458526,-0.0156546126917765,high_vol,post_covid
2024-08-02,0,0,0.51262647,-0.0030047244967827,high_vol,post_covid
2024-08-05,1,0,0.51080793,-0.042304130374756,high_vol,post_covid
2024-08-06,0,0,0.5094885,0.0007384057574275,high_vol,post_covid
2024-08-07,1,0,0.51454806,-0.0098654786996183,high_vol,post_covid
2024-08-08,0,0,0.51536435,0.0246653430785987,high_vol,post_covid
2024-08-09,1,1,0.51589286,-0.0004728568075701,high_vol,post_covid
2024-08-12,0,1,0.5159418,0.0155226678404097,high_vol,post_covid
2024-08-13,0,0,0.514599,-0.0079839352394632,high_vol,post_covid
2024-08-14,1,0,0.51352584,-0.0160515917758671,high_vol,post_covid
2024-08-15,1,0,0.51351273,0.0391444813330328,high_vol,post_covid
2024-08-16,1,0,0.5149622,0.0152664320763654,high_vol,post_covid
2024-08-19,1,0,0.51349896,0.0159264249544485,high_vol,post_covid
2024-08-20,1,0,0.5138264,0.0073260453295824,high_vol,post_covid
2024-08-21,0,0,0.5133685,0.0007126948269382,high_vol,post_covid
2024-08-22,1,0,0.5133874,-0.0160736441864298,high_vol,post_covid
2024-08-23,1,0,0.51508296,0.0265357378747969,high_vol,post_covid
2024-08-26,0,0,0.51495165,0.0063919361337561,high_vol,post_covid
2024-08-27,0,1,0.5158523,-0.0008676769144129,high_vol,post_covid
2024-08-28,1,1,0.5166312,-0.0262162462150797,high_vol,post_covid
2024-08-29,0,1,0.5166312,0.012974101683713,high_vol,post_covid
2024-08-30,0,1,0.51652783,-0.0283438650447575,high_vol,post_covid
2024-09-03,1,1,0.51759356,-0.0275237257628213,high_vol,post_covid
2024-09-04,1,0,0.5150745,0.0076980886646441,high_vol,post_covid
2024-09-05,0,0,0.51494896,0.0194426468279422,high_vol,post_covid
2024-09-06,1,0,0.51499975,-0.0322699508861542,high_vol,post_covid
2024-09-09,0,0,0.5147474,0.0172199764271456,high_vol,post_covid
2024-09-10,1,0,0.5154773,-0.0012025323839555,high_vol,post_covid
2024-09-11,1,0,0.5149684,0.0107709509270009,high_vol,post_covid
2024-09-12,1,1,0.51562285,0.0404816468582399,high_vol,post_covid
2024-09-13,1,0,0.51540905,0.0316362501739369,high_vol,post_covid
2024-09-16,0,0,0.5147236,0.0023426236301238,high_vol,post_covid
2024-09-17,0,0,0.5147022,-0.0049519706587467,high_vol,post_covid
2024-09-18,1,0,0.5154387,-0.0091207942687197,high_vol,post_covid
2024-09-19,1,1,0.5155388,0.0245149500203459,high_vol,post_covid
2024-09-20,0,1,0.5166289,0.0026337170136072,high_vol,post_covid
2024-09-23,1,1,0.51625836,-0.0132058936590784,high_vol,post_covid
2024-09-24,0,1,0.516473,0.0427559589978702,high_vol,post_covid
2024-09-25,1,1,0.5162909,-0.0129450664972759,high_vol,post_covid
2024-09-26,0,1,0.5164686,0.0102633094631956,high_vol,post_covid
2024-09-27,0,1,0.51624906,-0.0159263853939381,high_vol,post_covid
2024-09-30,1,1,0.51578116,-0.0113269417659716,high_vol,post_covid
2024-10-01,1,1,0.5166939,0.0089764100210221,high_vol,post_covid
2024-10-02,1,1,0.51588565,0.0058028341198542,high_vol,post_covid
2024-10-03,0,1,0.5171278,0.0175819412715916,high_vol,post_covid
2024-10-04,0,1,0.51786786,-0.0018968809058246,high_vol,post_covid
2024-10-07,0,1,0.5190639,-0.0119926137168983,high_vol,post_covid
2024-10-08,1,1,0.5181769,-0.0447740255570652,high_vol,post_covid
2024-10-09,1,1,0.5184498,0.0023033802954609,high_vol,post_covid
2024-10-10,1,1,0.51893556,0.0188838409366418,high_vol,post_covid
2024-10-11,0,1,0.5184405,0.0164738247784758,high_vol,post_covid
2024-10-14,1,1,0.5171409,-0.0139612276840572,high_vol,post_covid
2024-10-15,1,1,0.5175168,0.0141832832747411,high_vol,post_covid
2024-10-16,0,1,0.5160778,0.0073633084822205,high_vol,post_covid
2024-10-17,1,1,0.5157805,-0.0059053200559765,high_vol,post_covid
2024-10-18,1,1,0.5161983,0.0451745103243041,high_vol,post_covid
2024-10-21,1,1,0.51623905,0.0250232925690566,high_vol,post_covid
2024-10-22,0,1,0.51725924,0.028007705223037,high_vol,post_covid
2024-10-23,0,1,0.5173496,-0.0347920146848413,high_vol,post_covid
2024-10-24,0,1,0.51730525,-0.0008624208011049,high_vol,post_covid
2024-10-25,1,1,0.51630163,-0.0002380283905212,high_vol,post_covid
2024-10-28,1,1,0.5169232,0.0067326691482957,high_vol,post_covid
2024-10-29,0,1,0.51757944,0.0128931478896235,high_vol,post_covid
2024-10-30,0,1,0.51756597,-0.0104132331295875,high_vol,post_covid
2024-10-31,0,1,0.5164059,-0.0378912203007492,high_vol,post_covid
2024-11-01,0,1,0.5170279,-0.0034051742866935,high_vol,post_covid
2024-11-04,1,1,0.51779836,-0.0019070558906162,high_vol,post_covid
2024-11-05,0,1,0.51673675,0.005373444773038,high_vol,post_covid
2024-11-06,1,1,0.51664567,-0.0449069791446432,high_vol,post_covid
2024-11-07,0,1,0.5197803,0.01727406867574,high_vol,post_covid
2024-11-08,0,1,0.5172048,-0.0128637521278415,high_vol,post_covid
2024-11-11,1,1,0.5163534,-0.0264639536076007,high_vol,post_covid
2024-11-12,0,1,0.5172667,0.004769221606362,high_vol,post_covid
2024-11-13,0,1,0.51762456,-0.0031333882238479,high_vol,post_covid
2024-11-14,0,1,0.5163479,-0.0026842378549477,high_vol,post_covid
2024-11-15,1,1,0.515959,-0.0045007100037894,high_vol,post_covid
2024-11-18,1,0,0.5145508,0.0257432817820237,high_vol,post_covid
2024-11-19,0,0,0.5135433,0.001442980997355,high_vol,post_covid
2024-11-20,0,0,0.51287925,-0.0081076568730672,high_vol,post_covid
2024-11-21,1,0,0.51314133,-0.0014223419427708,high_vol,post_covid
2024-11-22,0,0,0.51393193,0.0127611173821083,high_vol,post_covid
2024-11-25,1,0,0.51444525,-0.0357326315447461,high_vol,post_covid
2024-11-26,0,0,0.5142646,0.0058748446160608,high_vol,post_covid
2024-11-27,1,0,0.5143933,-0.0091572541824227,high_vol,post_covid
2024-11-29,0,0,0.5122902,0.0188833629097644,high_vol,post_covid
2024-12-02,1,0,0.51169443,-0.0077207850863195,high_vol,post_covid
2024-12-03,1,0,0.512879,0.0204148515918642,high_vol,post_covid
2024-12-04,0,0,0.5131418,0.0136782518138293,high_vol,post_covid
2024-12-05,1,0,0.51291263,-0.0118457421471337,high_vol,post_covid
2024-12-06,1,0,0.5133911,0.0016688079752088,high_vol,post_covid
2024-12-09,1,0,0.51412386,0.032493908650519,low_vol,post_covid
2024-12-10,1,0,0.51413083,0.0045525516432505,high_vol,post_covid
2024-12-11,0,0,0.5147898,0.006130209866492,high_vol,post_covid
2024-12-12,0,1,0.515725,-0.0418308239639486,high_vol,post_covid
2024-12-13,1,1,0.51694316,-0.0185193451665176,high_vol,post_covid
2024-12-16,0,1,0.51786464,0.0013691427383188,high_vol,post_covid
2024-12-17,0,1,0.5171984,-0.0040476813347201,high_vol,post_covid
2024-12-18,0,1,0.5165895,-0.0053457683458,high_vol,post_covid
2024-12-19,1,1,0.51552606,-0.0442395340405014,high_vol,post_covid
2024-12-20,1,1,0.5169966,0.0192673689341341,high_vol,post_covid
2024-12-23,1,1,0.5159478,0.0076577468182472,high_vol,post_covid
2024-12-24,1,1,0.51665175,0.0028732918924558,high_vol,post_covid
2024-12-26,0,1,0.5164429,0.0024324815651202,high_vol,post_covid
2024-12-27,0,0,0.51529396,-0.0131320833958917,high_vol,post_covid
2024-12-30,0,0,0.5149527,-0.0186863990233293,high_vol,post_covid
2024-12-31,1,0,0.5144717,-0.0057196297645221,high_vol,post_covid
2025-01-02,1,0,0.5143007,0.0232925800904974,high_vol,post_covid
2025-01-03,1,0,0.51469916,0.006192387587816,high_vol,post_covid
2025-01-06,1,1,0.51564246,0.0178231528109029,high_vol,post_covid
2025-01-07,1,0,0.51525605,0.0034546235265238,high_vol,post_covid
2025-01-08,1,0,0.51474905,0.0001641787472389,high_vol,post_covid
2025-01-10,0,0,0.5148936,0.0207667130560536,low_vol,post_covid
2025-01-13,1,0,0.5151092,-0.032692264938458,high_vol,post_covid
2025-01-14,1,1,0.5159125,0.0013616184127786,high_vol,post_covid
2025-01-15,1,1,0.5156469,0.0386372209773091,high_vol,post_covid
2025-01-16,0,0,0.5146063,0.0064925109480556,high_vol,post_covid
2025-01-17,1,0,0.51402944,-0.0183121451876926,high_vol,post_covid
2025-01-21,0,0,0.51480424,0.0115641841335189,high_vol,post_covid
2025-01-22,0,0,0.5141333,-0.0023021753484576,high_vol,post_covid
2025-01-23,1,0,0.51470804,-0.0182845247317407,high_vol,post_covid
2025-01-24,0,1,0.51587987,0.0113460882464443,high_vol,post_covid
2025-01-27,1,1,0.5160142,-0.0251004904308472,high_vol,post_covid
2025-01-28,1,0,0.5148897,0.0155133260085374,high_vol,post_covid
2025-01-29,1,1,0.5161397,0.0164936067124741,high_vol,post_covid
2025-01-30,0,1,0.5158982,0.0354113146340284,high_vol,post_covid
2025-01-31,1,0,0.51494277,-0.0073187721362589,high_vol,post_covid
2025-02-03,1,1,0.5162206,0.0081835531943776,high_vol,post_covid
2025-02-04,0,1,0.51595676,0.0151964384719675,high_vol,post_covid
2025-02-05,0,1,0.5158956,-0.0009430997788202,high_vol,post_covid
2025-02-06,0,1,0.51556385,-0.0103709346275713,high_vol,post_covid
2025-02-07,1,1,0.51680404,-0.0056436234512397,high_vol,post_covid
2025-02-10,0,1,0.5166641,0.0017612193856637,low_vol,post_covid
2025-02-11,1,1,0.516405,-0.0049827348765946,low_vol,post_covid
2025-02-12,0,1,0.51679057,0.0142934605854138,low_vol,post_covid
2025-02-13,1,1,0.51792073,-0.0013772492223574,low_vol,post_covid
2025-02-14,1,1,0.5162841,0.0046140602667888,low_vol,post_covid
2025-02-18,0,1,0.5161863,0.0156088548100509,low_vol,post_covid
2025-02-19,1,1,0.51601255,-0.0097723988552577,low_vol,post_covid
2025-02-20,0,1,0.51607454,0.0135769869093502,low_vol,post_covid
2025-02-21,0,0,0.5153558,-0.0140923286891479,low_vol,post_covid
2025-02-24,0,0,0.51455414,-0.0122349304667261,low_vol,post_covid
2025-02-25,1,0,0.5151696,-0.02404739188632,low_vol,post_covid
2025-02-26,0,0,0.51526916,0.0141132565311515,low_vol,post_covid
2025-02-27,0,0,0.5155164,-0.0141132565311516,low_vol,post_covid
2025-02-28,1,1,0.5166704,-0.018470875119724,low_vol,post_covid
2025-03-03,1,1,0.5170396,0.0257085703902911,low_vol,post_covid
2025-03-04,1,0,0.5143039,0.0023698236792854,low_vol,post_covid
2025-03-05,1,0,0.51412374,0.0230900249999023,low_vol,post_covid
2025-03-06,0,1,0.51573503,0.0062195255750428,low_vol,post_covid
2025-03-07,0,0,0.5144883,-0.0156988909221932,low_vol,post_covid
2025-03-10,1,0,0.5153031,-0.0084229491380739,low_vol,post_covid
2025-03-11,1,0,0.5149145,0.0188148804322373,low_vol,post_covid
2025-03-12,1,1,0.5162727,0.0179598829889372,low_vol,post_covid
2025-03-13,1,1,0.5171239,0.0167916147706379,low_vol,post_covid
2025-03-14,0,1,0.5165867,0.0039861006787836,low_vol,post_covid
2025-03-17,1,1,0.5172693,-0.0033107942454363,low_vol,post_covid
2025-03-18,0,1,0.5172474,0.0147118512720467,low_vol,post_covid
2025-03-19,0,1,0.5163952,-0.0176216047819452,low_vol,post_covid
2025-03-20,0,1,0.51666546,-0.0055784203998597,low_vol,post_covid
2025-03-21,0,1,0.5170232,-0.0147894156370263,low_vol,post_covid
2025-03-24,1,1,0.51741654,-0.0007513042428155,low_vol,post_covid
2025-03-25,1,1,0.51807797,0.0219135392590174,low_vol,post_covid
2025-03-26,1,1,0.5173344,0.0009113558284131,low_vol,post_covid
2025-03-27,0,1,0.51702195,0.0250701773305197,low_vol,post_covid
2025-03-28,0,1,0.51640165,-0.0072762677254489,low_vol,post_covid
2025-03-31,0,0,0.5144774,-0.0054123884299383,low_vol,post_covid
2025-04-01,1,0,0.5149901,-0.0087153442151088,low_vol,post_covid
2025-04-02,0,1,0.5156743,0.0099335071395113,low_vol,post_covid
2025-04-03,0,1,0.5164561,-0.0800813771188822,low_vol,post_covid
2025-04-04,1,0,0.51281506,-0.0895611523852746,high_vol,post_covid
2025-04-07,1,0,0.51302034,0.013441372182426,high_vol,post_covid
2025-04-08,1,1,0.517119,0.0027748258496097,high_vol,post_covid
2025-04-09,1,1,0.5173838,0.0244024764003467,high_vol,post_covid
2025-04-10,1,1,0.51879317,0.0114110683628899,high_vol,post_covid
2025-04-11,1,1,0.51556456,0.0369031360883483,high_vol,post_covid
2025-04-14,1,1,0.51631373,0.008386045000138,high_vol,post_covid
2025-04-15,1,1,0.5160166,0.0041978990336484,high_vol,post_covid
2025-04-16,0,1,0.5158993,0.0214579319252227,high_vol,post_covid
2025-04-17,1,0,0.51449543,-0.0154871195427704,high_vol,post_covid
2025-04-21,1,1,0.5173913,0.0023414952364157,high_vol,post_covid
2025-04-22,1,1,0.5174128,0.0117476476084608,high_vol,post_covid
2025-04-23,0,1,0.51894295,0.019218051724092,high_vol,post_covid
2025-04-24,0,1,0.52178115,-0.0010747198883085,high_vol,post_covid
2025-04-25,1,1,0.5194532,-0.0148338100481168,high_vol,post_covid
2025-04-28,1,1,0.5188691,3.0411657634893594e-05,high_vol,post_covid
2025-04-29,0,1,0.517338,0.0086018740192539,high_vol,post_covid
2025-04-30,0,1,0.51720047,-0.0226129836806669,high_vol,post_covid
2025-05-01,0,1,0.5168291,-0.0105686727752764,high_vol,post_covid
2025-05-02,1,1,0.51919764,-0.0062326499606713,high_vol,post_covid
2025-05-05,1,1,0.51892203,0.0067296731339003,high_vol,post_covid
2025-05-06,0,1,0.5182165,0.0278041463318027,high_vol,post_covid
2025-05-07,0,1,0.5184318,-0.0177324967297553,high_vol,post_covid
2025-05-08,1,1,0.51999056,-0.0047142975350007,high_vol,post_covid
2025-05-09,0,1,0.5232774,0.0091616943978756,high_vol,post_covid
2025-05-12,1,1,0.5219314,-0.008852824420138,high_vol,post_covid
2025-05-13,0,1,0.52480686,0.01471154209757,high_vol,post_covid
2025-05-14,1,1,0.522852,-0.0197259068678397,high_vol,post_covid
2025-05-15,0,1,0.5215265,0.0078816378620741,high_vol,post_covid
2025-05-16,1,1,0.5185901,-0.0099939892507963,high_vol,post_covid
2025-05-19,1,1,0.51840615,0.0048083347959451,high_vol,post_covid
2025-05-20,1,1,0.51698697,0.0204316857146003,high_vol,post_covid
2025-05-21,0,1,0.5171829,0.0145390849739584,high_vol,post_covid
2025-05-22,1,1,0.51770765,-0.0125095708255738,high_vol,post_covid
2025-05-23,0,1,0.5181187,0.0118818177929843,high_vol,post_covid
2025-05-27,0,1,0.51659995,-0.0088905922535359,high_vol,post_covid
2025-05-28,1,1,0.5179268,-0.0044144814727669,low_vol,post_covid
2025-05-29,0,1,0.5188836,0.0085392230788176,low_vol,post_covid
2025-05-30,1,1,0.51758724,-0.011817369394098,low_vol,post_covid
2025-06-02,0,1,0.51792985,0.04955432262623,low_vol,post_covid
2025-06-03,1,1,0.5179735,-0.0017375087613678,high_vol,post_covid
2025-06-04,1,1,0.51885617,0.0004636972404338,high_vol,post_covid
2025-06-05,1,1,0.5174174,0.0333325687124404,high_vol,post_covid
2025-06-06,1,1,0.51857513,0.0093706892727594,high_vol,post_covid
2025-06-09,0,1,0.5206262,0.0182365343875299,high_vol,post_covid
2025-06-10,0,1,0.5198261,-0.0039874396505747,high_vol,post_covid
2025-06-11,1,1,0.5192227,-0.0103428178900288,high_vol,post_covid
2025-06-12,1,1,0.5184419,0.0012987438501763,high_vol,post_covid
2025-06-13,1,1,0.5172365,0.0018759345376784,high_vol,post_covid
2025-06-16,1,1,0.517459,0.0026975900657251,high_vol,post_covid
2025-06-17,0,1,0.5199554,0.0193556660732867,low_vol,post_covid
2025-06-18,0,1,0.51988137,-0.006057647913005,low_vol,post_covid
2025-06-20,1,1,0.5203479,-0.024437649882346,low_vol,post_covid
2025-06-23,0,1,0.5196056,0.0049078315167342,low_vol,post_covid
2025-06-24,1,1,0.518706,-0.0125812237554326,low_vol,post_covid
2025-06-25,1,1,0.5188886,0.0106985355713859,low_vol,post_covid
2025-06-26,0,1,0.51840144,0.0137883723779112,low_vol,post_covid
2025-06-27,0,1,0.51724714,-0.0151194598192648,low_vol,post_covid
2025-06-30,1,1,0.5182967,-0.0051467670191706,low_vol,post_covid
2025-07-01,1,1,0.51691884,0.0063947596371252,low_vol,post_covid
2025-07-02,1,1,0.5164689,0.0094886230216715,low_vol,post_covid
2025-07-03,0,1,0.5175702,0.0097802094550825,low_vol,post_covid
2025-07-07,0,1,0.5191119,-0.0046049404521878,low_vol,post_covid
2025-07-08,0,1,0.51873523,-0.0039131920958933,low_vol,post_covid
2025-07-09,1,1,0.5192883,-0.0033230844876732,low_vol,post_covid
2025-07-10,1,1,0.5179744,0.0187226022561479,low_vol,post_covid
2025-07-11,0,1,0.5178993,0.0432748546652642,low_vol,post_covid
2025-07-14,0,1,0.51790625,-0.0055484309897813,high_vol,post_covid
2025-07-15,1,1,0.5175617,-0.0164626281379997,low_vol,post_covid
2025-07-16,1,1,0.51836133,0.0005020943467253,low_vol,post_covid
2025-07-17,1,1,0.5176074,0.0053484988038978,low_vol,post_covid
2025-07-18,1,1,0.51833,0.0043786647749495,low_vol,post_covid
2025-07-21,1,1,0.51781017,0.0227106691096158,low_vol,post_covid
2025-07-22,0,1,0.51632243,0.0055852009183819,low_vol,post_covid
2025-07-23,0,1,0.51572716,-0.0010687249324518,low_vol,post_covid
2025-07-24,0,1,0.5176314,-0.0065646021817058,low_vol,post_covid
2025-07-25,0,1,0.5180252,-0.0221286972884511,low_vol,post_covid
2025-07-28,1,1,0.51817405,-0.0037011011461839,low_vol,post_covid
2025-07-29,0,1,0.51937276,0.0015240748387354,low_vol,post_covid
2025-07-30,0,1,0.5179332,-0.0136948004492609,low_vol,post_covid
2025-07-31,1,1,0.51896083,-0.027363583026764,low_vol,post_covid
2025-08-01,1,1,0.51747364,0.0064086345498757,low_vol,post_covid
2025-08-04,1,0,0.51391,0.0109492326106854,low_vol,post_covid
2025-08-05,1,0,0.5147868,0.0132214941968242,low_vol,post_covid
2025-08-06,1,1,0.515588,0.0020939815637874,low_vol,post_covid
2025-08-07,1,1,0.51576596,0.0103262628452325,low_vol,post_covid
2025-08-08,0,1,0.51603603,0.0067646060963797,low_vol,post_covid
2025-08-11,1,1,0.5168835,-0.019848469853247,low_vol,post_covid
2025-08-12,1,1,0.51751775,0.0062730852765644,low_vol,post_covid
2025-08-13,0,1,0.5176404,0.0157076005811139,low_vol,post_covid
2025-08-14,0,1,0.5164916,-0.0135199588839228,low_vol,post_covid
2025-08-15,1,1,0.5171696,-0.0023195075284289,low_vol,post_covid
2025-08-18,0,1,0.5168684,0.001503044798111,low_vol,post_covid
2025-08-19,1,1,0.51690066,-0.0183486137494463,low_vol,post_covid
2025-08-20,1,1,0.516418,0.0118455143821824,low_vol,post_covid
2025-08-21,1,1,0.51612425,0.0085036847559349,low_vol,post_covid
2025-08-22,0,1,0.516279,0.0253420790230892,low_vol,post_covid
2025-08-25,0,1,0.5156152,-0.0083934640125826,low_vol,post_covid
2025-08-26,1,1,0.5157397,-0.0024591945344899,low_vol,post_covid
2025-08-27,1,1,0.51561886,0.002769435159842,low_vol,post_covid
2025-08-28,1,1,0.5157578,0.0128662765606141,low_vol,post_covid
2025-08-29,1,1,0.5156256,0.0254454374339025,low_vol,post_covid
2025-09-02,1,1,0.5164477,0.0214352409362273,low_vol,post_covid
2025-09-03,0,1,0.5166335,0.0114027037064016,low_vol,post_covid
2025-09-04,1,1,0.51660967,-0.015306000859251,low_vol,post_covid
2025-09-05,1,1,0.5175843,0.0039763914795317,low_vol,post_covid
2025-09-08,0,1,0.5164231,0.008533321489745,low_vol,post_covid
2025-09-09,1,1,0.5163349,-0.0133166906504794,low_vol,post_covid
2025-09-10,1,1,0.5172956,0.0062187242403195,low_vol,post_covid
2025-09-11,1,1,0.5175871,0.0136184451577702,low_vol,post_covid
2025-09-12,1,1,0.51765174,0.016412585827095,low_vol,post_covid
2025-09-15,0,1,0.51814616,0.0030622198254499,low_vol,post_covid
2025-09-16,0,1,0.51716083,-0.0010824498677873,low_vol,post_covid
2025-09-17,0,1,0.5166679,-0.0177929353406944,low_vol,post_covid
2025-09-18,1,1,0.5179439,-0.0003595725624523,low_vol,post_covid
2025-09-19,1,1,0.51922417,0.0196817617151754,low_vol,post_covid
2025-09-22,1,1,0.51941097,0.0292602214935702,low_vol,post_covid
2025-09-23,0,1,0.51838875,0.0089328264176804,low_vol,post_covid
2025-09-24,1,1,0.5182198,-0.0094352325458419,low_vol,post_covid
2025-09-25,1,1,0.5194842,0.0207977788000611,low_vol,post_covid
2025-09-26,1,1,0.5196674,0.0335279009272354,low_vol,post_covid
2025-09-29,0,1,0.5193046,0.0084237534422509,low_vol,post_covid
2025-09-30,1,1,0.51846385,-0.0077317171449353,low_vol,post_covid
2025-10-01,0,1,0.51865935,0.0221725849249944,low_vol,post_covid
2025-10-02,1,1,0.5184287,-0.0276574795265399,low_vol,post_covid
2025-10-03,1,1,0.5183461,0.0341283401166873,high_vol,post_covid
2025-10-06,0,1,0.51873606,0.0101381653265612,high_vol,post_covid
2025-10-07,1,1,0.51896214,-0.0189590054875235,high_vol,post_covid
2025-10-08,0,1,0.51850057,0.0308261981119504,high_vol,post_covid
2025-10-09,1,1,0.51919675,-0.0378241184417935,high_vol,post_covid
2025-10-10,1,1,0.52001804,0.0018765999645109,high_vol,post_covid
2025-10-13,1,1,0.51768893,0.0657920765028304,high_vol,post_covid
2025-10-14,1,1,0.51757777,0.0036636994399945,high_vol,post_covid
2025-10-15,1,1,0.5175316,0.0149726662630861,high_vol,post_covid
2025-10-16,0,1,0.5185392,0.0374697409498928,high_vol,post_covid
2025-10-17,1,1,0.51649684,-0.0614264915535877,high_vol,post_covid
2025-10-20,0,1,0.5194275,0.0248569702320585,high_vol,post_covid
2025-10-21,1,1,0.51989114,-0.0744796967790176,high_vol,post_covid
2025-10-22,1,1,0.52146775,0.0002317491617906,high_vol,post_covid
2025-10-23,0,1,0.52166903,0.0212842726364439,high_vol,post_covid
2025-10-24,0,1,0.52008015,-0.002168091478226,high_vol,post_covid
2025-10-27,1,1,0.51921374,-0.0382397077289012,high_vol,post_covid
2025-10-28,1,1,0.5197138,0.0120188820423226,high_vol,post_covid
2025-10-29,1,1,0.51777864,0.0125679208851575,high_vol,post_covid
2025-10-30,0,1,0.5181187,0.0147066211797012,high_vol,post_covid
2025-10-31,0,1,0.5181905,-0.0090021955479539,high_vol,post_covid
2025-11-03,0,1,0.51842356,-0.0022110309784191,high_vol,post_covid
2025-11-04,1,1,0.51797616,-0.0159551977078506,high_vol,post_covid
2025-11-05,0,1,0.5178873,0.015432978063345,high_vol,post_covid
2025-11-06,1,1,0.5182214,-0.0014426598739446,high_vol,post_covid
2025-11-07,1,1,0.51687795,0.004654997492901,high_vol,post_covid
2025-11-10,1,1,0.51697254,0.0440016379950615,high_vol,post_covid
2025-11-11,1,1,0.517073,0.0087505275880918,high_vol,post_covid
2025-11-12,0,1,0.51739234,0.0522292951222004,high_vol,post_covid
2025-11-13,0,1,0.5165487,-0.0048493491119865,high_vol,post_covid
2025-11-14,1,1,0.5169017,-0.047933259554467,high_vol,post_covid
2025-11-17,0,1,0.51792765,0.0006915941066914,high_vol,post_covid
2025-11-18,1,1,0.5178657,-0.0034627635044004,high_vol,post_covid
2025-11-19,0,1,0.5174021,0.0067167409165909,high_vol,post_covid
2025-11-20,0,1,0.5189292,-0.010748626377484,high_vol,post_covid
2025-11-21,1,1,0.51850533,-0.0074710802774364,high_vol,post_covid
2025-11-24,1,1,0.5182403,0.0084258359960312,high_vol,post_covid
2025-11-25,1,1,0.51806605,0.0126250076560062,high_vol,post_covid
2025-11-26,1,1,0.5174847,0.038175117684732,high_vol,post_covid
2025-11-28,1,1,0.51783586,0.0645786562586703,high_vol,post_covid
2025-12-01,0,1,0.51823485,0.0343396352054715,high_vol,post_covid
2025-12-02,0,1,0.518695,-0.0074741553760656,high_vol,post_covid
2025-12-03,0,1,0.5190417,-0.0010698557235385,high_vol,post_covid
2025-12-04,1,1,0.518535,-0.0187165873823446,high_vol,post_covid
2025-12-05,0,1,0.51915926,0.0273290958703086,high_vol,post_covid
2025-12-08,1,1,0.52044374,-0.0110671701314851,high_vol,post_covid
2025-12-09,1,1,0.5206758,0.0405318719722285,high_vol,post_covid
2025-12-10,1,1,0.5206128,0.003484140940118,high_vol,post_covid
2025-12-11,0,1,0.5204241,0.0571317167599031,high_vol,post_covid
2025-12-12,1,1,0.51871055,-0.0409823628194661,high_vol,post_covid
2025-12-15,0,1,0.5182042,0.0253911267226679,high_vol,post_covid
2025-12-16,1,1,0.5181947,-0.003820410010242,high_vol,post_covid
2025-12-17,0,1,0.5189017,0.0548777520176175,high_vol,post_covid
2025-12-18,1,1,0.5190949,-0.0251486033021187,high_vol,post_covid
2025-12-19,1,1,0.5199945,0.0342859161743155,high_vol,post_covid
2025-12-22,1,1,0.5204569,0.0157478451411629,high_vol,post_covid
2025-12-23,1,1,0.52029645,0.0372755600442546,high_vol,post_covid
2025-12-24,1,1,0.5196989,0.0077164466677994,high_vol,post_covid
2025-12-26,0,1,0.52084607,0.0739913417967947,high_vol,post_covid
2025-12-29,1,1,0.5203494,-0.090671697787765,high_vol,post_covid
2025-12-30,0,1,0.52149487,0.102214793390628,high_vol,post_covid
2025-12-31,1,1,0.52082556,-0.0982430778043155,high_vol,post_covid
2026-01-02,1,1,0.5196939,0.00599898114365,high_vol,post_covid
2026-01-05,1,1,0.51992244,0.0764822120560991,high_vol,post_covid
2026-01-06,0,1,0.52016723,0.0557408413039978,high_vol,post_covid
2026-01-07,0,1,0.5192501,-0.0430726094904888,high_vol,post_covid
2026-01-08,1,1,0.5203965,-0.0318628561154019,high_vol,post_covid
2026-01-09,1,1,0.51943463,0.0542841479488776,high_vol,post_covid
2026-01-12,1,1,0.5209268,0.070074017158039,high_vol,post_covid
2026-01-13,1,1,0.5199484,0.0148635569933129,high_vol,post_covid
2026-01-14,1,1,0.52024126,0.0565029180421188,high_vol,post_covid
2026-01-15,0,1,0.519919,0.011020890663073,high_vol,post_covid
2026-01-16,1,1,0.52061266,-0.0420694259645817,high_vol,post_covid
2026-01-20,0,1,0.52103823,0.067113477543099,high_vol,post_covid
2026-01-21,1,1,0.51933104,-0.0214153128048073,high_vol,post_covid
2026-01-22,1,1,0.5205585,0.0400295639682742,high_vol,post_covid
2026-01-23,1,1,0.52178496,0.0502795583862784,high_vol,post_covid
2026-01-26,0,1,0.52139467,0.1312498576176113,high_vol,post_covid
2026-01-27,1,1,0.5202781,-0.0866985910888462,high_vol,post_covid
2026-01-28,1,1,0.5195934,0.0694406744894523,high_vol,post_covid
2026-01-29,0,1,0.518936,0.0081533416235868,high_vol,post_covid
2026-01-30,0,1,0.52129275,-0.376103087004811,high_vol,post_covid
2026-02-02,1,1,0.5218219,-0.0195017534205199,high_vol,post_covid
2026-02-03,1,1,0.5282703,0.0784283625076356,high_vol,post_covid
2026-02-04,0,1,0.5214078,0.0134326670478222,high_vol,post_covid
2026-02-05,1,1,0.51712936,-0.0951094235565263,high_vol,post_covid
2026-02-06,1,0,0.51212454,0.0026881903887896,high_vol,post_covid
2026-02-09,0,0,0.50879467,0.0671537103524874,high_vol,post_covid
2026-02-10,1,0,0.50917375,-0.022763688428083,high_vol,post_covid
2026-02-11,0,0,0.5073253,0.0431359470184409,high_vol,post_covid
2026-02-12,1,0,0.5080418,-0.1031421937851997,high_vol,post_covid
2026-02-13,0,0,0.5061375,0.0300550060179558,high_vol,post_covid
2026-02-17,1,0,0.5085715,-0.0582326781957942,high_vol,post_covid
2026-02-18,1,0,0.50897336,0.0538300547364155,high_vol,post_covid
2026-02-19,1,0,0.50956887,0.0007222326946123,high_vol,post_covid
2026-02-20,1,0,0.5088438,0.0590481641302568,high_vol,post_covid
2026-02-23,1,0,0.5083519,0.0502458147584689,high_vol,post_covid
2026-02-24,1,0,0.5073071,0.0107369474955592,high_vol,post_covid
2026-02-25,0,0,0.5068393,0.0390417325860667,high_vol,post_covid
2026-02-26,1,0,0.507923,-0.0443038424494124,high_vol,post_covid
2026-02-27,0,0,0.5066298,0.0632891278862492,high_vol,post_covid
2026-03-02,0,0,0.5078493,-0.0486154183765808,high_vol,post_covid
2026-03-03,0,0,0.50811446,-0.0626464276139604,high_vol,post_covid
2026-03-04,0,0,0.5130876,-0.0035032687809371,high_vol,post_covid
2026-03-05,1,1,0.5180257,-0.0115143284860698,high_vol,post_covid
2026-03-06,1,1,0.518399,0.0257291154834398,high_vol,post_covid
2026-03-09,1,1,0.5180383,0.0025737084547117,high_vol,post_covid
2026-03-10,0,1,0.51854074,0.058370870391009,high_vol,post_covid
2026-03-11,0,1,0.51806235,-0.0461528226361324,high_vol,post_covid
2026-03-12,0,1,0.517828,-0.0046543728061728,high_vol,post_covid
2026-03-13,0,1,0.51877546,-0.0453744456801789,high_vol,post_covid
2026-03-16,0,1,0.51911265,-0.00807813160469,high_vol,post_covid
2026-03-17,0,1,0.5194586,-0.0091744551234583,high_vol,post_covid
2026-03-18,0,1,0.51948065,-0.0292427431482989,high_vol,post_covid
2026-03-19,0,1,0.5194495,-0.085592902560979,high_vol,post_covid
2026-03-20,0,1,0.52051467,-0.0219883066387521,high_vol,post_covid
2026-03-23,1,1,0.5180774,-0.0044938916284053,high_vol,post_covid
2026-03-24,1,1,0.51709855,0.0032532357356046,high_vol,post_covid
2026-03-25,0,0,0.51508474,0.043597795685774,high_vol,post_covid
2026-03-26,1,0,0.51215684,-0.0670097885085592,high_vol,post_covid
2026-03-27,1,0,0.5120524,0.0273163061735667,high_vol,post_covid
2026-03-30,1,0,0.51136625,0.0111391002660545,high_vol,post_covid
2026-03-31,1,0,0.51117563,0.0602331480600803,high_vol,post_covid
2026-04-01,0,0,0.5125088,0.0156355175527505,high_vol,post_covid
2026-04-02,0,0,0.5135168,-0.042159056992048,high_vol,post_covid
2026-04-06,0,0,0.51455474,-0.0010178753480512,high_vol,post_covid
2026-04-07,1,1,0.5156834,-0.0115583549076117,high_vol,post_covid
2026-04-08,1,0,0.51513696,0.0462238386315108,high_vol,post_covid
2026-04-09,1,1,0.5158192,0.0139011407786764,high_vol,post_covid
2026-04-10,0,1,0.51578534,0.0006159471096186,high_vol,post_covid
2026-04-13,1,1,0.51610255,-0.0105501235053367,high_vol,post_covid
2026-04-14,1,1,0.5155264,0.0499477167198145,high_vol,post_covid
2026-04-15,0,0,0.5152812,0.0012587768248807,high_vol,post_covid
2026-04-16,1,1,0.51673526,-0.0111957058031874,high_vol,post_covid
2026-04-17,0,1,0.5175756,0.0390709292006074,high_vol,post_covid
2026-04-20,0,1,0.5173652,-0.0221050953396786,high_vol,post_covid
2026-04-21,1,1,0.51855576,-0.0452871963745366,high_vol,post_covid
2026-04-22,0,1,0.5208881,0.0192093554499144,high_vol,post_covid
2026-04-23,1,1,0.5209001,-0.0316671369693541,high_vol,post_covid
2026-04-24,0,1,0.52102613,0.0120912765901898,high_vol,post_covid
2026-04-27,0,1,0.5210832,-0.0182321099097701,high_vol,post_covid
2026-04-28,0,1,0.5212986,-0.0242643411064092,high_vol,post_covid
2026-04-29,1,1,0.5212374,-0.0226017269287677,high_vol,post_covid
2026-04-30,1,1,0.5209779,0.0270858150824788,high_vol,post_covid
2026-05-01,0,1,0.5190787,0.0323405102870671,high_vol,post_covid
2026-05-04,1,1,0.51875305,-0.0386431108675868,high_vol,post_covid
2026-05-05,1,1,0.5189519,0.0004925860370199,high_vol,post_covid
2026-05-06,1,1,0.5178958,0.0494099968594938,high_vol,post_covid
2026-05-07,1,1,0.5161649,0.0369342674587509,high_vol,post_covid
2026-05-08,1,1,0.5180179,0.0086698558542706,high_vol,post_covid
2026-05-11,0,1,0.51801586,0.061388985654068,high_vol,post_covid
2026-05-12,1,1,0.51837665,-0.0041614614623604,high_vol,post_covid
2026-05-13,0,1,0.51975995,0.0431976881423472,high_vol,post_covid
2026-05-14,0,1,0.51969635,-0.0457616994995847,high_vol,post_covid
2026-05-15,0,1,0.5192533,-0.0957212678973186,high_vol,post_covid
2026-05-18,0,1,0.5198335,-0.0011411890349353,high_vol,post_covid
2026-05-19,1,1,0.5202453,-0.0295608137041411,high_vol,post_covid
2026-05-20,1,1,0.51935893,0.0135786766254709,high_vol,post_covid
2026-05-21,0,1,0.51898134,0.0073950823636793,high_vol,post_covid
2026-05-22,1,1,0.51827335,-0.0068415208499923,high_vol,post_covid
2026-05-26,0,1,0.5172315,0.0054140471641539,high_vol,post_covid
2026-05-27,1,1,0.51635563,-0.0226113817389517,high_vol,post_covid
2026-05-28,0,1,0.51600015,0.0139242106160221,high_vol,post_covid
2026-05-29,0,1,0.51590717,-0.0003834343304225,high_vol,post_covid
2026-06-01,1,1,0.51594526,-0.008086372523528,high_vol,post_covid
2026-06-02,0,1,0.5176127,0.0040446737971693,high_vol,post_covid
2026-06-03,1,1,0.5176271,-0.0246673727219024,high_vol,post_covid
2026-06-04,0,1,0.51758754,0.0041153351274399,high_vol,post_covid
2026-06-05,0,1,0.5175045,-0.067794041416322,high_vol,post_covid
2026-06-08,0,1,0.51658225,-0.0075417882249802,high_vol,post_covid
2026-06-09,0,1,0.5170643,-0.0499058932666683,high_vol,post_covid
2026-06-10,0,1,0.51553553,-0.0076334905848345,high_vol,post_covid
2026-06-11,1,1,0.5155665,-0.0111143499052472,high_vol,post_covid
2026-06-12,0,0,0.51388884,0.0603474743452153,high_vol,post_covid
