,actual,pred,forecast,ag_returns,vol_regime,period_regime
2021-05-14,1,1,0.00034957253296654116,0.007701365,low_vol,covid
2021-05-17,1,1,0.00045159794766366627,0.015977009,low_vol,covid
2021-05-18,1,1,0.0004775788227142831,0.000160656,low_vol,covid
2021-05-19,1,1,0.00048728198917982285,0.007201759,low_vol,covid
2021-05-20,0,1,0.0004559264452804993,0.000265738,low_vol,covid
2021-05-21,1,1,0.00042525518636715823,-0.002713902,low_vol,covid
2021-05-24,1,1,0.00040245695505894576,0.004200695,low_vol,covid
2021-05-25,1,1,0.0004158120049450425,0.007137789,low_vol,covid
2021-05-26,0,1,0.0003788836197515861,0.001684515,low_vol,covid
2021-05-27,1,1,0.0003690137237432459,-0.002949751,low_vol,covid
2021-05-28,1,1,0.00037133629314531146,0.003580673,low_vol,covid
2021-06-01,1,1,0.0003989154203168512,0.00021024,low_vol,covid
2021-06-02,0,1,0.0003931740906786924,0.002414433,low_vol,covid
2021-06-03,1,1,0.00038068515712086674,-0.019213574,low_vol,covid
2021-06-04,1,1,0.0003598853439061226,0.009891119,low_vol,covid
2021-06-07,0,1,0.00036426526840959106,0.003697252,low_vol,covid
2021-06-08,1,1,0.0003671067161079303,-0.002428134,low_vol,covid
2021-06-09,1,1,0.0003926010298711916,0.000528346,low_vol,covid
2021-06-10,0,1,0.0003556815300272664,0.000528067,low_vol,covid
2021-06-11,0,1,0.0003503492436132119,-0.008908706,low_vol,covid
2021-06-14,0,1,0.0003629474189826601,-0.007163138,low_vol,covid
2021-06-15,1,1,0.0005727089670389946,-0.005109598,low_vol,covid
2021-06-16,0,1,0.00036832318720522993,0.002692516,low_vol,covid
2021-06-17,0,1,0.0003333863295689999,-0.047183469,low_vol,covid
2021-06-18,1,1,0.00039055713748634515,-0.00333175,high_vol,covid
2021-06-21,0,1,0.00033537010818338465,0.007831701,high_vol,covid
2021-06-22,1,1,0.0003031000339249318,-0.00309154,high_vol,covid
2021-06-23,0,1,0.0003053487773517482,0.003372116,high_vol,covid
2021-06-24,1,1,0.00029582509694194725,-0.003766312,high_vol,covid
2021-06-25,1,1,0.00029057666584984544,0.000563031,high_vol,covid
2021-06-28,0,1,0.00029721089821788213,0.001687195,high_vol,covid
2021-06-29,1,1,0.000290631435418322,-0.009485125,high_vol,covid
2021-06-30,1,1,0.00029618563624310835,0.004527968,high_vol,covid
2021-07-01,1,1,0.0002863419634868786,0.002875901,high_vol,covid
2021-07-02,1,1,0.0002909858498846163,0.003765609,high_vol,covid
2021-07-06,1,1,0.0003073139083037411,0.006096059,high_vol,covid
2021-07-07,0,1,0.0002998062342055436,0.004450633,high_vol,covid
2021-07-08,1,1,0.00035324603634808376,-0.001055247,high_vol,covid
2021-07-09,0,1,0.000303564634341881,0.005762441,high_vol,covid
2021-07-12,1,1,0.00030369313975410267,-0.002489284,high_vol,covid
2021-07-13,1,1,0.00032112456804217086,0.00215775,low_vol,covid
2021-07-14,1,1,0.00030795209205685884,0.008201066,low_vol,covid
2021-07-15,0,1,5.665249797775411e-05,0.002244902,low_vol,covid
2021-07-16,0,1,0.000350976588415437,-0.007631333,low_vol,covid
2021-07-19,1,1,0.00036387858910469763,-0.003201619,low_vol,covid
2021-07-20,0,1,0.00030846568296221007,0.001215645,low_vol,covid
2021-07-21,1,1,0.00027926948380970775,-0.00442748,low_vol,covid
2021-07-22,0,1,0.00027865086923959347,0.001164099,low_vol,covid
2021-07-23,0,1,0.0002637712341614925,-0.001996438,low_vol,covid
2021-07-26,1,1,0.00027422231825187496,-0.001499999,low_vol,covid
2021-07-27,0,1,0.00028840377784117527,0.000444694,low_vol,covid
2021-07-28,1,1,0.0002744117622570818,0.0,low_vol,covid
2021-07-29,0,1,0.00029255713846811733,0.017462614,low_vol,covid
2021-07-30,1,1,0.0002951318303098105,-0.010209198,low_vol,covid
2021-08-02,0,1,0.0003201982683706363,0.003029721,low_vol,covid
2021-08-03,1,1,0.0002901776871206881,-0.004409907,low_vol,covid
2021-08-04,0,1,0.0002848392495456739,0.000220971,low_vol,covid
2021-08-05,0,1,0.0002653433002318886,-0.002987072,low_vol,covid
2021-08-06,0,1,0.0002105483710954178,-0.025302169,low_vol,covid
2021-08-09,1,1,0.00018756201553102347,-0.021014711,high_vol,covid
2021-08-10,1,1,0.00019400012375503782,0.003128456,high_vol,covid
2021-08-11,0,1,0.0001836312807257659,0.012416793,high_vol,covid
2021-08-12,1,1,0.0001598284231075295,-0.000800151,high_vol,covid
2021-08-13,1,1,0.000197514257294879,0.014868869,high_vol,covid
2021-08-16,0,1,0.0001217427786746129,0.006569223,high_vol,covid
2021-08-17,0,1,0.0001732032723864932,-0.001063873,high_vol,covid
2021-08-18,0,1,0.0002476090123905142,-0.001906592,high_vol,covid
2021-08-19,1,1,0.00024187857589461962,-0.000786133,high_vol,covid
2021-08-20,1,1,0.00016815034893566418,0.000449314,high_vol,covid
2021-08-23,1,1,0.00015354027841554688,0.012387833,low_vol,covid
2021-08-24,0,1,0.00016545534638088554,0.001330096,high_vol,covid
2021-08-25,1,1,0.00015521981401738063,-0.009683433,low_vol,covid
2021-08-26,1,1,0.0001946535797267941,0.002234388,low_vol,covid
2021-08-27,0,1,0.00015358057309784368,0.01352272,low_vol,covid
2021-08-30,1,1,0.00014388432489173222,-0.004192402,high_vol,covid
2021-08-31,0,1,0.00015179792749874711,0.003311261,low_vol,covid
2021-09-01,0,1,0.00015036366689726485,-0.001047394,low_vol,covid
2021-09-02,1,1,0.00014671780113527697,-0.002429746,low_vol,covid
2021-09-03,0,1,0.0001778699059806361,0.012199334,low_vol,covid
2021-09-07,0,1,0.00020654069177638985,-0.01930136,low_vol,covid
2021-09-08,1,1,0.00018936996776716878,-0.002899725,high_vol,covid
2021-09-09,0,1,0.00021019296059811496,0.003734612,high_vol,covid
2021-09-10,1,1,0.000253005386506636,-0.004349072,high_vol,covid
2021-09-13,1,1,0.00021237785409390617,0.001340197,low_vol,covid
2021-09-14,0,1,0.00018400905482557041,0.007062031,low_vol,covid
2021-09-15,0,1,0.0002166240726011206,-0.006838828,low_vol,covid
2021-09-16,0,1,0.0001858398189836423,-0.021314621,low_vol,covid
2021-09-17,1,1,0.0002196331381543821,-0.002968011,high_vol,covid
2021-09-20,1,1,0.0003177409124254217,0.007063155,high_vol,covid
2021-09-21,1,1,0.0003031107087381205,0.008027603,high_vol,covid
2021-09-22,0,1,0.00023829193538141136,0.000394039,high_vol,covid
2021-09-23,1,1,0.00018598871531167743,-0.016457074,low_vol,covid
2021-09-24,1,1,0.00016094980353680363,0.001143707,high_vol,covid
2021-09-27,0,1,0.00019293858967224428,0.000171471,high_vol,covid
2021-09-28,0,1,0.0002846963193736721,-0.008147358,high_vol,covid
2021-09-29,1,1,0.00023762507545430677,-0.008272427,low_vol,covid
2021-09-30,1,1,0.00026837642595840003,0.019443807,low_vol,covid
2021-10-01,1,1,0.00023826912113087244,0.000967999,high_vol,covid
2021-10-04,0,1,0.00028212649032264154,0.005222509,high_vol,covid
2021-10-05,1,1,0.0002474578811313751,-0.003743822,high_vol,covid
2021-10-06,0,1,0.0002381917008886219,0.000511363,high_vol,covid
2021-10-07,0,1,0.00021321646418605335,-0.001477931,low_vol,covid
2021-10-08,0,1,0.00019984644023059172,-0.000910577,low_vol,covid
2021-10-11,1,1,0.00022552810555274107,-0.000968454,low_vol,covid
2021-10-12,1,1,0.00021562667978536056,0.002106564,low_vol,covid
2021-10-13,1,1,0.00012897091264888835,0.019933037,low_vol,covid
2021-10-14,0,1,0.00016671795204284385,0.001671123,high_vol,covid
2021-10-15,0,1,0.00014429397289052228,-0.016555276,low_vol,covid
2021-10-18,1,1,0.00014343976575388468,-0.001358948,high_vol,covid
2021-10-19,1,1,0.0001532418164714784,0.002772616,high_vol,covid
2021-10-20,0,1,0.00016714790635425305,0.00810406,low_vol,covid
2021-10-21,1,1,0.0001497719782629944,-0.001626806,low_vol,covid
2021-10-22,1,1,0.00016720059735532308,0.007996268,low_vol,covid
2021-10-25,0,1,0.00016627749786531624,0.00583092,low_vol,covid
2021-10-26,1,1,0.00016600473990559996,-0.007391619,low_vol,covid
2021-10-27,1,1,0.00018626627169856483,0.002896495,low_vol,covid
2021-10-28,0,1,0.0001761999723665209,0.002055815,low_vol,covid
2021-10-29,1,1,0.00016361749467058183,-0.010377807,low_vol,covid
2021-11-01,0,1,0.00017217121565770593,0.006763378,low_vol,covid
2021-11-02,0,1,0.00014310632765208016,-0.003571645,low_vol,covid
2021-11-03,1,1,0.00011480643380931064,-0.014131911,low_vol,covid
2021-11-04,1,1,0.00014143684992485832,0.016533034,low_vol,covid
2021-11-05,1,1,0.00016860397906011886,0.012966339,high_vol,covid
2021-11-08,1,1,0.00020114517241598732,0.006037671,high_vol,covid
2021-11-09,1,1,0.0002021977561051933,0.001531019,high_vol,covid
2021-11-10,1,1,0.0002473756459360043,0.009462263,low_vol,covid
2021-11-11,1,0,-1.4721952050062142e-06,0.008407927,low_vol,covid
2021-11-12,0,1,0.0002750559583391577,0.002519405,low_vol,covid
2021-11-15,0,1,0.00024359432729221156,-0.00096414,low_vol,covid
2021-11-16,1,1,0.00023871134522455468,-0.006720998,low_vol,covid
2021-11-17,0,1,0.00026097956460067713,0.008648283,low_vol,covid
2021-11-18,0,1,0.0002617651281327054,-0.004663986,low_vol,covid
2021-11-19,0,1,0.00026237668317597904,-0.005279927,low_vol,covid
2021-11-22,0,1,0.00027716778079456717,-0.024719596,low_vol,covid
2021-11-23,1,1,0.0002540374042961826,-0.012536729,high_vol,covid
2021-11-24,1,1,0.00023769935266798706,0.000336347,high_vol,covid
2021-11-26,0,1,0.0004370474061633077,0.000672423,high_vol,covid
2021-11-29,0,1,0.0003047630242983,-0.001681803,high_vol,covid
2021-11-30,1,1,0.00039242104495594565,-0.004893327,high_vol,covid
2021-12-01,0,1,0.000462035115553762,0.004500458,high_vol,covid
2021-12-02,1,1,0.0003926546259491114,-0.011800394,low_vol,covid
2021-12-03,0,1,0.00045333995138866775,0.0120249,high_vol,covid
2021-12-06,1,1,0.00037344394608405376,-0.002528446,high_vol,covid
2021-12-07,1,1,0.00026857050475567897,0.002865076,low_vol,covid
2021-12-08,0,1,0.00022296005331151397,0.000448709,low_vol,covid
2021-12-09,1,1,0.0002445313394959488,-0.004946637,low_vol,covid
2021-12-10,1,1,0.00018778178805436678,0.004666234,low_vol,covid
2021-12-13,0,1,5.2286993627293746e-05,0.001905203,low_vol,covid
2021-12-14,0,1,0.00023809948348140408,-0.008940945,low_vol,covid
2021-12-15,1,1,0.0001502966880274523,-0.004415546,low_vol,covid
2021-12-16,1,1,0.00021024248546821345,0.019105998,low_vol,covid
2021-12-17,0,1,0.00023267520084107687,0.003999602,low_vol,covid
2021-12-20,0,1,0.00025463955282660765,-0.005615079,low_vol,covid
2021-12-21,1,1,0.00022509985225645273,-0.003238738,low_vol,covid
2021-12-22,1,1,0.00018048199524677748,0.007633385,low_vol,covid
2021-12-23,0,1,0.0001724349104063574,0.005314437,low_vol,covid
2021-12-27,1,1,0.00016715925163472275,-0.001713025,low_vol,covid
2021-12-28,0,1,0.0001684991343221571,0.001160753,low_vol,covid
2021-12-29,1,1,0.00015022730434300095,-0.002821331,low_vol,covid
2021-12-30,1,1,0.0001630464116698002,0.004201441,low_vol,covid
2021-12-31,0,1,0.00017051933851140123,0.008131493,low_vol,covid
2022-01-03,1,1,0.0001454872988812303,-0.015495623,low_vol,post_covid
2022-01-04,1,1,0.0001630005115382296,0.008081062,low_vol,post_covid
2022-01-05,0,1,0.00023125969219063748,0.00582642,low_vol,post_covid
2022-01-06,1,1,0.0001974446374593364,-0.0198717,low_vol,post_covid
2022-01-07,1,1,0.00018825603164004576,0.004629536,high_vol,post_covid
2022-01-10,1,1,0.0002046756304292473,0.000778786,high_vol,post_covid
2022-01-11,1,1,0.0001929059686741338,0.011169567,low_vol,post_covid
2022-01-12,0,0,-0.0001374746574291742,0.004717753,low_vol,post_covid
2022-01-13,0,1,0.00027991216190173746,-0.003289116,low_vol,post_covid
2022-01-14,0,1,0.0002222714172943917,-0.002584025,low_vol,post_covid
2022-01-18,1,1,0.0003265159653653686,-0.002314789,low_vol,post_covid
2022-01-19,0,1,0.0003725681718255299,0.01685214,low_vol,post_covid
2022-01-20,0,1,0.00042703649325335905,-0.000325578,low_vol,post_covid
2022-01-21,1,1,0.000479927511448534,-0.005824228,low_vol,post_covid
2022-01-24,1,1,0.0004844314502356375,0.005389915,low_vol,post_covid
2022-01-25,0,1,0.0005174871847237836,0.005954977,low_vol,post_covid
2022-01-26,0,1,0.0005349527679354577,-0.012382674,low_vol,post_covid
2022-01-27,0,1,0.0004625718648082747,-0.020203809,low_vol,post_covid
2022-01-28,1,1,0.00038746567982135316,-0.00469512,high_vol,post_covid
2022-01-31,1,1,0.0003293538780706435,0.005642617,high_vol,post_covid
2022-02-01,1,1,0.00027492568434414984,0.002948323,high_vol,post_covid
2022-02-02,0,1,0.0002799918564646846,0.004931387,high_vol,post_covid
2022-02-03,1,1,0.0003204760200161184,-0.003432787,low_vol,post_covid
2022-02-04,1,1,0.0003044333046809182,0.001994668,low_vol,post_covid
2022-02-07,1,1,0.00031638871123152313,0.007719491,low_vol,post_covid
2022-02-08,1,1,0.0002915427596450886,0.003290198,low_vol,post_covid
2022-02-09,1,1,0.00026307296861090084,0.004697139,low_vol,post_covid
2022-02-10,1,1,0.0003597926814171617,0.000544751,low_vol,post_covid
2022-02-11,1,1,0.0004089525255627026,0.002502094,low_vol,post_covid
2022-02-14,0,1,0.00044898648317501797,0.014668054,low_vol,post_covid
2022-02-15,1,1,0.0003814154309494186,-0.00709144,low_vol,post_covid
2022-02-16,1,1,0.0003626490741028391,0.008268451,low_vol,post_covid
2022-02-17,0,1,0.0004444510841834698,0.016176863,low_vol,post_covid
2022-02-18,1,1,0.0004396108616294951,-0.001105454,low_vol,post_covid
2022-02-22,1,1,0.0004723332416739353,0.003942497,low_vol,post_covid
2022-02-23,1,1,0.0005257795422772364,0.001625024,low_vol,post_covid
2022-02-24,0,1,0.0005160821542753194,0.008293621,low_vol,post_covid
2022-02-25,1,1,0.0004390016681150293,-0.020254641,low_vol,post_covid
2022-02-28,1,1,0.0004958476427359942,0.006814799,high_vol,post_covid
2022-03-01,0,1,0.0005933155289619602,0.022386275,high_vol,post_covid
2022-03-02,1,1,0.000537000861407847,-0.011130496,high_vol,post_covid
2022-03-03,1,1,0.0005316944963321588,0.007003375,high_vol,post_covid
2022-03-04,1,1,0.0005760644411422069,0.015745909,high_vol,post_covid
2022-03-07,1,1,0.0006633966399982347,0.01454941,high_vol,post_covid
2022-03-08,0,1,0.0006830273599930283,0.022906282,high_vol,post_covid
2022-03-09,1,1,0.0005942721754793211,-0.02692659,high_vol,post_covid
2022-03-10,0,1,0.0005683865761286076,0.006124493,high_vol,post_covid
2022-03-11,0,1,0.0005750717408391326,-0.007737189,high_vol,post_covid
2022-03-14,0,1,0.0005714867652696976,-0.011719169,high_vol,post_covid
2022-03-15,0,1,0.0009877646091806403,-0.01599786,high_vol,post_covid
2022-03-16,1,1,0.0004975695343086771,-0.010686926,high_vol,post_covid
2022-03-17,0,1,0.000522271699139008,0.017714276,high_vol,post_covid
2022-03-18,1,1,0.0004566302184642058,-0.007182949,high_vol,post_covid
2022-03-21,0,1,0.00046304139302905936,0.000207439,high_vol,post_covid
2022-03-22,1,1,0.0004368953939131652,-0.004104661,high_vol,post_covid
2022-03-23,1,1,0.00046034937216285347,0.008244168,high_vol,post_covid
2022-03-24,0,1,0.00043973607521209516,0.012826609,high_vol,post_covid
2022-03-25,0,1,0.0004139411013609161,-0.003984235,high_vol,post_covid
2022-03-28,0,1,0.00036943559998640625,-0.007294466,high_vol,post_covid
2022-03-29,1,1,0.0003320918605886685,-0.014331939,high_vol,post_covid
2022-03-30,1,1,0.00035458108478037816,0.011182017,high_vol,post_covid
2022-03-31,0,1,0.00038438394266786463,0.008087175,high_vol,post_covid
2022-04-01,1,1,0.00034662281699121447,-0.015562694,high_vol,post_covid
2022-04-04,0,1,0.0003197886931424548,0.00524907,high_vol,post_covid
2022-04-05,0,1,0.00038460141030422987,-0.003270908,high_vol,post_covid
2022-04-06,1,1,0.0004106927663702542,-0.002342958,high_vol,post_covid
2022-04-07,1,1,0.00040858647184319023,0.007995486,high_vol,post_covid
2022-04-08,1,1,0.00040444616782649937,0.004025359,high_vol,post_covid
2022-04-11,1,1,0.0004922054747972394,0.001389677,high_vol,post_covid
2022-04-12,1,1,0.0005134182008756874,0.014196912,high_vol,post_covid
2022-04-13,0,1,4.013599043612147e-05,0.004502815,high_vol,post_covid
2022-04-14,1,1,0.000492498567046543,-0.005111464,high_vol,post_covid
2022-04-18,0,1,0.0004842192928165311,0.006070128,high_vol,post_covid
2022-04-19,0,1,0.0004408674165793393,-0.013812271,high_vol,post_covid
2022-04-20,0,1,0.0004075578072199369,-0.001739971,high_vol,post_covid
2022-04-21,0,1,0.0004458349627064295,-0.003797615,high_vol,post_covid
2022-04-22,0,1,0.0005676883824465486,-0.007172571,high_vol,post_covid
2022-04-25,1,1,0.0005140894020693611,-0.01976951,high_vol,post_covid
2022-04-26,0,1,0.000666115908061231,0.004321977,high_vol,post_covid
2022-04-27,1,1,0.0006182963682749735,-0.008185296,high_vol,post_covid
2022-04-28,1,1,0.0005693445710887363,0.001483562,high_vol,post_covid
2022-04-29,0,1,0.0006506846604967724,0.010847972,high_vol,post_covid
2022-05-02,1,1,0.0006122036454488213,-0.02519292,high_vol,post_covid
2022-05-03,0,1,0.0005377154563989044,0.003752752,high_vol,post_covid
2022-05-04,1,1,0.0004329238100262054,-0.000963675,high_vol,post_covid
2022-05-05,1,1,0.0005824343252873005,0.003742319,high_vol,post_covid
2022-05-06,0,1,0.0005576902848952785,0.003834661,high_vol,post_covid
2022-05-09,0,1,0.0006479801088963282,-0.012893727,high_vol,post_covid
2022-05-10,1,1,0.0005871367279259297,-0.009304882,high_vol,post_covid
2022-05-11,0,1,0.0005789867521339039,0.006878809,high_vol,post_covid
2022-05-12,0,1,0.0005268544212661819,-0.015667781,high_vol,post_covid
2022-05-13,1,1,0.0008182798081234834,-0.009032901,high_vol,post_covid
2022-05-16,1,1,0.00027982282822938876,0.003369318,high_vol,post_covid
2022-05-17,0,1,0.0002857878488439512,0.002588294,high_vol,post_covid
2022-05-18,1,1,0.00036050451738307913,-0.001265748,high_vol,post_covid
2022-05-19,1,1,0.00034744850397007356,0.01383628,high_vol,post_covid
2022-05-20,1,1,0.0003423021598040755,0.000325874,high_vol,post_covid
2022-05-23,1,1,0.00032662144092026577,0.003252388,high_vol,post_covid
2022-05-24,0,1,0.0003573069295368914,0.009318889,high_vol,post_covid
2022-05-25,1,1,0.00033235255930519954,-0.010185212,high_vol,post_covid
2022-05-26,1,1,0.00032055712046032446,0.000649812,high_vol,post_covid
2022-05-27,0,1,0.00029543149579912704,0.002108863,low_vol,post_covid
2022-05-31,1,1,0.00028625057167285434,-0.004656261,low_vol,post_covid
2022-06-01,1,1,0.0002840698304162332,0.000325609,low_vol,post_covid
2022-06-02,0,1,0.0002814958375263359,0.012507549,low_vol,post_covid
2022-06-03,0,1,0.0002686421050851327,-0.01136895,low_vol,post_covid
2022-06-06,1,1,0.0002778696361830261,-0.003365401,low_vol,post_covid
2022-06-07,1,1,0.00026500306511079825,0.004502706,low_vol,post_covid
2022-06-08,0,1,0.00025958454745342676,0.002378778,low_vol,post_covid
2022-06-09,1,1,0.00028487800511886987,-0.001675346,low_vol,post_covid
2022-06-10,0,1,0.00031393525819213444,0.012203442,low_vol,post_covid
2022-06-13,0,1,0.00038925080849575076,-0.023517775,low_vol,post_covid
2022-06-14,1,1,0.0011009076886078625,-0.010171909,high_vol,post_covid
2022-06-15,1,1,0.000258709388151956,0.003200206,high_vol,post_covid
2022-06-16,0,1,0.00035814176280718653,0.016607813,high_vol,post_covid
2022-06-17,0,1,0.00032152811025128517,-0.005487193,high_vol,post_covid
2022-06-21,0,1,0.00031131810528712374,-0.000544929,high_vol,post_covid
2022-06-22,0,1,0.0002857045471118171,-0.000163497,high_vol,post_covid
2022-06-23,1,1,0.0002770040779417492,-0.004699516,high_vol,post_covid
2022-06-24,0,1,0.0002503611840157156,0.000438119,high_vol,post_covid
2022-06-27,0,1,0.0002450942014703446,-0.003070669,low_vol,post_covid
2022-06-28,0,1,0.0002529449946879538,-0.001868967,low_vol,post_covid
2022-06-29,0,1,0.00024949736222546387,-0.002093,low_vol,post_covid
2022-06-30,0,1,0.00024844279005088385,-0.005307092,low_vol,post_covid
2022-07-01,0,1,0.00019646855541527344,-0.002886458,low_vol,post_covid
2022-07-05,0,1,0.0001925443399149366,-0.020839339,low_vol,post_covid
2022-07-06,1,1,0.00017759001546948034,-0.015386252,high_vol,post_covid
2022-07-07,1,1,0.00016553702905383735,0.001727713,high_vol,post_covid
2022-07-08,0,1,0.00014189388515574463,0.001552366,high_vol,post_covid
2022-07-11,0,1,0.0001655537484135279,-0.006108459,high_vol,post_covid
2022-07-12,1,1,0.00017768393741805495,-0.003880323,high_vol,post_covid
2022-07-13,0,1,0.00018119651834258728,0.006305098,low_vol,post_covid
2022-07-14,0,1,0.00013785840589138873,-0.017274371,low_vol,post_covid
2022-07-15,1,1,0.000558850158890479,-0.001232778,high_vol,post_covid
2022-07-18,1,1,2.0854308135381594e-05,0.003986362,high_vol,post_covid
2022-07-19,0,1,1.8903952528990062e-05,0.000467974,low_vol,post_covid
2022-07-20,1,1,9.770851599837236e-06,-0.00615928,low_vol,post_covid
2022-07-21,1,1,1.5489936225589452e-05,0.007736954,low_vol,post_covid
2022-07-22,0,1,2.2233367009817755e-05,0.008372643,low_vol,post_covid
2022-07-25,0,1,1.1015934735725671e-05,-0.004700961,low_vol,post_covid
2022-07-26,1,1,3.4163815529918504e-05,-0.000756568,low_vol,post_covid
2022-07-27,1,1,2.7440072490043046e-05,0.000814726,low_vol,post_covid
2022-07-28,1,1,7.192832722671292e-05,0.017986346,low_vol,post_covid
2022-07-29,1,1,7.830598842650486e-05,0.007172964,low_vol,post_covid
2022-08-01,1,1,0.00010243232000414445,0.003454221,low_vol,post_covid
2022-08-02,0,1,9.257082719993381e-05,0.001186394,low_vol,post_covid
2022-08-03,1,1,6.369364891967806e-05,-0.007424009,low_vol,post_covid
2022-08-04,0,1,7.41451368306672e-05,0.01720048,low_vol,post_covid
2022-08-05,1,1,4.5962581187029903e-05,-0.008760642,high_vol,post_covid
2022-08-08,1,1,8.348162441583864e-05,0.0078097,high_vol,post_covid
2022-08-09,1,1,8.013920826202428e-05,0.004021426,low_vol,post_covid
2022-08-10,0,1,7.14350304030282e-05,0.000891451,low_vol,post_covid
2022-08-11,1,1,5.179148449326997e-05,-0.003291234,low_vol,post_covid
2022-08-12,0,1,6.219182736507723e-05,0.00496059,low_vol,post_covid
2022-08-15,0,0,-6.570107353987123e-05,-0.009608985,low_vol,post_covid
2022-08-16,0,1,8.016315090783805e-05,-0.004613789,low_vol,post_covid
2022-08-17,0,1,6.0203033839523854e-05,-0.00730152,low_vol,post_covid
2022-08-18,0,1,4.752697791428995e-05,-0.002844467,low_vol,post_covid
2022-08-19,0,1,3.7324056362122716e-05,-0.004396406,low_vol,post_covid
2022-08-22,1,1,6.354185414740734e-05,-0.007812526,low_vol,post_covid
2022-08-23,1,1,7.109465069451867e-05,0.007354692,low_vol,post_covid
2022-08-24,1,1,4.8480951159204204e-05,0.000572312,low_vol,post_covid
2022-08-25,0,1,5.019527538914184e-05,0.005648226,low_vol,post_covid
2022-08-26,1,1,7.874157893041883e-05,-0.012364904,low_vol,post_covid
2022-08-29,0,1,7.408936131760454e-05,0.00028796,low_vol,post_covid
2022-08-30,0,1,5.93025360991217e-05,-0.007746166,low_vol,post_covid
2022-08-31,0,1,3.903245778453092e-05,-0.006053512,low_vol,post_covid
2022-09-01,1,1,1.8577149031058526e-05,-0.009503253,low_vol,post_covid
2022-09-02,0,1,3.089013596165491e-05,0.007750199,low_vol,post_covid
2022-09-06,1,1,3.79100027579699e-05,-0.005512901,low_vol,post_covid
2022-09-07,0,1,2.998896252513544e-05,0.008724489,low_vol,post_covid
2022-09-08,1,1,2.3623399872573598e-05,-0.004264926,low_vol,post_covid
2022-09-09,1,1,2.45515038698504e-05,0.004789421,low_vol,post_covid
2022-09-12,0,1,7.499383070576912e-05,0.006910009,low_vol,post_covid
2022-09-13,0,1,9.594371424579708e-05,-0.013457414,low_vol,post_covid
2022-09-14,0,1,0.0004358318983778862,-0.004997805,low_vol,post_covid
2022-09-15,1,0,-3.372409052707717e-05,-0.018501956,low_vol,post_covid
2022-09-16,0,0,-7.638151880393132e-06,0.003775694,high_vol,post_covid
2022-09-19,0,0,-1.8425668473633764e-05,-0.003295488,low_vol,post_covid
2022-09-20,1,0,-2.1590276295701882e-05,-0.003908722,low_vol,post_covid
2022-09-21,1,1,3.827352837929058e-06,0.002948006,low_vol,post_covid
2022-09-22,0,0,-1.716844414416525e-05,0.003717743,low_vol,post_covid
2022-09-23,0,0,-2.142326886572417e-05,-0.015379815,low_vol,post_covid
2022-09-26,1,0,-3.7337968760139727e-05,-0.013461624,low_vol,post_covid
2022-09-27,1,0,-4.9245492150484666e-05,0.002092248,high_vol,post_covid
2022-09-28,0,0,-2.178840374377647e-05,0.020505159,low_vol,post_covid
2022-09-29,1,0,-1.9214073546617492e-05,-0.001144972,high_vol,post_covid
2022-09-30,1,0,-1.3609654886757793e-05,0.002348777,high_vol,post_covid
2022-10-03,1,1,4.974388649473579e-05,0.018180693,high_vol,post_covid
2022-10-04,0,1,6.455153883613927e-05,0.016520558,high_vol,post_covid
2022-10-05,1,1,2.36339577705455e-05,-0.005651844,high_vol,post_covid
2022-10-06,0,1,3.78403593504586e-05,0.000175237,high_vol,post_covid
2022-10-07,0,1,2.343491598467062e-05,-0.006564675,high_vol,post_covid
2022-10-10,1,1,7.633546635134021e-06,-0.019716745,high_vol,post_covid
2022-10-11,0,1,7.335246989640569e-06,0.006814074,high_vol,post_covid
2022-10-12,0,0,-1.0481146773621967e-05,-0.005016375,high_vol,post_covid
2022-10-13,0,1,4.186402530457692e-05,-0.000179654,high_vol,post_covid
2022-10-14,1,0,-0.00015641819888522696,-0.017091366,high_vol,post_covid
2022-10-17,0,0,-0.00012914856009248684,0.009276478,high_vol,post_covid
2022-10-18,0,0,-0.00013691282634041853,-0.004839695,high_vol,post_covid
2022-10-19,1,0,-0.0001613544869138959,-0.013123948,high_vol,post_covid
2022-10-20,1,0,-0.00016638312669886677,0.002025627,high_vol,post_covid
2022-10-21,0,0,-0.00015170233414595372,0.012310443,high_vol,post_covid
2022-10-24,1,0,-0.00014823605847000948,-0.001394096,high_vol,post_covid
2022-10-25,1,0,-0.00013432137045168532,0.00248378,high_vol,post_covid
2022-10-26,0,0,-0.00012429938830193138,0.006753493,high_vol,post_covid
2022-10-27,0,0,-0.00011345449345026704,-0.001985172,high_vol,post_covid
2022-10-28,0,0,-0.00014677908044706875,-0.012786876,high_vol,post_covid
2022-10-31,1,0,-0.00015556376201223646,-0.002259168,high_vol,post_covid
2022-11-01,1,0,-0.00013112887080753849,0.005547258,high_vol,post_covid
2022-11-02,0,0,-0.00013459826835781968,0.000425412,low_vol,post_covid
2022-11-03,1,0,-0.0001532316024993437,-0.011243566,low_vol,post_covid
2022-11-04,1,0,-0.00010889610303391217,0.027397283,low_vol,post_covid
2022-11-07,1,0,-0.00011353002903911696,0.002388774,high_vol,post_covid
2022-11-08,0,0,-7.139798736925597e-05,0.021012386,high_vol,post_covid
2022-11-09,1,0,-7.813818250563208e-05,-0.001168839,high_vol,post_covid
2022-11-10,1,0,-3.7779955729424494e-05,0.023235396,high_vol,post_covid
2022-11-11,1,0,-0.0006508739497833678,0.008929872,high_vol,post_covid
2022-11-14,1,1,0.00015036106491233658,0.004294263,high_vol,post_covid
2022-11-15,0,1,8.684269071370721e-05,0.0001128,high_vol,post_covid
2022-11-16,0,1,9.418048456387051e-05,-0.000451138,high_vol,post_covid
2022-11-17,0,1,6.458752069460329e-05,-0.006904748,high_vol,post_covid
2022-11-18,0,1,5.54191113338258e-05,-0.005067352,high_vol,post_covid
2022-11-21,1,1,4.324633363448609e-05,-0.00831117,high_vol,post_covid
2022-11-22,1,1,4.6061783198672926e-05,0.000517895,high_vol,post_covid
2022-11-23,1,1,5.449130388382547e-05,0.003789609,high_vol,post_covid
2022-11-25,0,1,5.9565683087941174e-05,0.004802493,high_vol,post_covid
2022-11-28,1,1,5.290623038147868e-05,-0.007557186,high_vol,post_covid
2022-11-29,0,1,5.877972739825457e-05,0.004758529,high_vol,post_covid
2022-11-30,1,1,6.443431818128342e-05,-0.001373641,high_vol,post_covid
2022-12-01,0,1,0.00011374862685201898,0.031070118,low_vol,post_covid
2022-12-02,0,1,0.0001246694803741638,-0.002891273,high_vol,post_covid
2022-12-05,1,1,9.919127928082556e-05,-0.015996749,high_vol,post_covid
2022-12-06,1,1,0.00011446007542080148,0.001074462,high_vol,post_covid
2022-12-07,1,1,0.00014974914234125425,0.009114472,high_vol,post_covid
2022-12-08,1,1,0.00015472934231533291,0.001790584,high_vol,post_covid
2022-12-09,0,1,0.00017303478659060208,0.005241467,high_vol,post_covid
2022-12-12,1,1,0.00017615087631733128,-0.009836315,high_vol,post_covid
2022-12-13,0,1,0.0005156356154566522,0.018585013,high_vol,post_covid
2022-12-14,0,1,0.00018050472940991553,-0.003534562,high_vol,post_covid
2022-12-15,1,1,0.0001826622520483066,-0.01690561,high_vol,post_covid
2022-12-16,0,1,0.00017892282789610224,0.007176555,high_vol,post_covid
2022-12-19,1,1,0.00016635445886643117,-0.00128577,high_vol,post_covid
2022-12-20,0,1,0.0001952357177743346,0.015651376,high_vol,post_covid
2022-12-21,0,1,0.00018071863725318684,0.0,high_vol,post_covid
2022-12-22,1,1,0.00017530546316245636,-0.01604299,high_vol,post_covid
2022-12-23,1,1,0.00017258583720880852,0.004968066,high_vol,post_covid
2022-12-27,0,1,0.0001839240659131374,0.010468993,high_vol,post_covid
2022-12-28,1,1,0.00017123493665404838,-0.003809332,high_vol,post_covid
2022-12-29,1,1,0.0001851616600295572,0.006395774,high_vol,post_covid
2022-12-30,1,1,0.00017573921777172947,0.000109887,high_vol,post_covid
2023-01-03,1,1,0.00019947374219964954,0.010930863,high_vol,post_covid
2023-01-04,0,1,0.00018605069100136214,0.007095546,high_vol,post_covid
2023-01-05,1,1,0.00016761692323983125,-0.009762524,high_vol,post_covid
2023-01-06,1,1,0.00018811867149995116,0.01589647,high_vol,post_covid
2023-01-09,0,1,0.0001940120306251112,0.004549233,high_vol,post_covid
2023-01-10,1,1,0.00016749470243988514,-0.000587547,high_vol,post_covid
2023-01-11,1,1,0.0001686152365892278,0.001601623,high_vol,post_covid
2023-01-12,1,1,0.00017721754423895362,0.011087366,high_vol,post_covid
2023-01-13,0,0,-7.594874900187007e-05,0.012008862,high_vol,post_covid
2023-01-17,0,1,0.000281550775759669,-0.005855346,high_vol,post_covid
2023-01-18,1,1,0.0002631105574322273,-0.001469161,high_vol,post_covid
2023-01-19,1,1,0.0002745504021166503,0.009251314,high_vol,post_covid
2023-01-20,1,1,0.0002702652459526651,0.002234663,high_vol,post_covid
2023-01-23,1,1,0.00025369086124427104,0.000363281,low_vol,post_covid
2023-01-24,1,1,0.00025625380611978455,0.003522432,low_vol,post_covid
2023-01-25,0,1,0.0002630631932888762,0.003767611,low_vol,post_covid
2023-01-26,0,1,0.00026309878975020997,-0.006252753,low_vol,post_covid
2023-01-27,0,1,0.0002437924842455114,-0.000259222,low_vol,post_covid
2023-01-30,1,1,0.0002628773416666388,-0.002959863,low_vol,post_covid
2023-01-31,0,1,0.000261930983225138,0.003426426,low_vol,post_covid
2023-02-01,0,1,0.00023807352243697595,-0.00088142,low_vol,post_covid
2023-02-02,0,1,0.00024729114827854034,-0.005983213,low_vol,post_covid
2023-02-03,1,1,0.0001918744853109855,-0.028261843,low_vol,post_covid
2023-02-06,1,1,0.00019555180496639885,0.001769825,high_vol,post_covid
2023-02-07,1,1,0.00018495543141115582,0.002942831,high_vol,post_covid
2023-02-08,0,1,0.0002053745618613163,0.003040771,high_vol,post_covid
2023-02-09,0,1,0.0002046987744251024,-0.005983602,high_vol,post_covid
2023-02-10,0,1,0.00019975093416604894,-0.001823493,low_vol,post_covid
2023-02-13,1,1,0.0001890042966761469,-0.005868606,low_vol,post_covid
2023-02-14,0,1,0.00032083158421814494,0.001133315,low_vol,post_covid
2023-02-15,1,1,0.00010628706018771083,-0.010737075,low_vol,post_covid
2023-02-16,0,1,0.00013511085321538381,0.004243545,low_vol,post_covid
2023-02-17,0,1,0.00013439428439648702,-0.000868985,low_vol,post_covid
2023-02-21,0,1,0.0001653682322473924,-0.004028984,low_vol,post_covid
2023-02-22,0,1,0.0001520554282452579,-0.000545703,low_vol,post_covid
2023-02-23,0,1,0.00012716342197173142,-0.00767127,low_vol,post_covid
2023-02-24,1,1,0.00010953532436594842,-0.005073327,low_vol,post_covid
2023-02-27,1,1,9.771997031457758e-05,0.00452312,low_vol,post_covid
2023-02-28,1,1,0.00010764041134356559,0.006527917,low_vol,post_covid
2023-03-01,0,1,0.0001039808719155598,0.004800057,low_vol,post_covid
2023-03-02,1,1,8.38899104949845e-05,-0.002288055,low_vol,post_covid
2023-03-03,1,1,9.027311531514283e-05,0.007714887,low_vol,post_covid
2023-03-06,0,1,8.629382452957155e-05,0.000108276,low_vol,post_covid
2023-03-07,0,1,5.718313547775958e-05,-0.018570636,low_vol,post_covid
2023-03-08,1,1,5.04584735668528e-05,-0.000661817,low_vol,post_covid
2023-03-09,1,1,8.675623569225001e-05,0.009115987,low_vol,post_covid
2023-03-10,1,1,0.0001296960945281249,0.017717772,low_vol,post_covid
2023-03-13,0,1,0.00021114829083597963,0.026341694,high_vol,post_covid
2023-03-14,1,1,0.00018601174531571835,-0.002881167,high_vol,post_covid
2023-03-15,0,1,0.00020738776643940032,0.010645073,high_vol,post_covid
2023-03-16,1,0,-8.264303725364443e-05,-0.003952562,high_vol,post_covid
2023-03-17,1,1,0.0003001564114763135,0.026127823,high_vol,post_covid
2023-03-20,0,1,0.0002797672331570899,0.004760658,high_vol,post_covid
2023-03-21,1,1,0.00023690874083579996,-0.021036185,high_vol,post_covid
2023-03-22,1,1,0.00026261107217252376,0.004530511,high_vol,post_covid
2023-03-23,0,1,0.00028663866432815203,0.023855366,high_vol,post_covid
2023-03-24,0,1,0.00028023080716909466,-0.005885514,high_vol,post_covid
2023-03-27,1,1,0.0002577414634121546,-0.015097479,high_vol,post_covid
2023-03-28,0,1,0.0002610559975477841,0.01019169,high_vol,post_covid
2023-03-29,1,1,0.00025270461546748993,-0.003199215,high_vol,post_covid
2023-03-30,0,1,0.00027332146270062216,0.0071965,high_vol,post_covid
2023-03-31,1,1,0.0002767373195334227,-0.005722573,high_vol,post_covid
2023-04-03,1,1,0.0002694591993411856,0.007538817,high_vol,post_covid
2023-04-04,0,1,0.0003200971289422402,0.019121387,high_vol,post_covid
2023-04-05,0,1,0.0003187744220265173,-0.000643035,high_vol,post_covid
2023-04-06,0,1,0.00031294086319103823,-0.004463407,high_vol,post_covid
2023-04-10,1,1,0.00031221703728856053,-0.011397298,high_vol,post_covid
2023-04-11,1,1,0.0003255899735719936,0.007862067,high_vol,post_covid
2023-04-12,1,1,0.00033682211943909107,0.003038066,high_vol,post_covid
2023-04-13,0,1,0.0003402890360039827,0.015004489,high_vol,post_covid
2023-04-14,0,1,0.0003124195857173135,-0.019340332,high_vol,post_covid
2023-04-17,1,1,0.0009227008941347784,-0.004003609,high_vol,post_covid
2023-04-18,0,1,0.00034630668625392256,0.006597422,high_vol,post_covid
2023-04-19,1,1,0.0003361015962249158,-0.006096093,high_vol,post_covid
2023-04-20,0,1,0.00034491599842958424,0.006195695,high_vol,post_covid
2023-04-21,1,1,0.0003265691762808598,-0.014095679,high_vol,post_covid
2023-04-24,1,1,0.0003379316774403498,0.004837975,high_vol,post_covid
2023-04-25,0,1,0.0003439599923105035,0.002460409,high_vol,post_covid
2023-04-26,1,1,0.0003454126902968556,-0.004171199,high_vol,post_covid
2023-04-27,1,1,0.00032655395006830933,0.002112926,high_vol,post_covid
2023-04-28,0,1,0.0003086140726364174,0.000100478,high_vol,post_covid
2023-05-01,1,1,0.000315209545181361,-0.00337232,high_vol,post_covid
2023-05-02,1,1,0.0003531450530914555,0.015459209,low_vol,post_covid
2023-05-03,1,1,0.00036334552238457857,0.007074123,high_vol,post_covid
2023-05-04,0,1,0.0004102159828685488,0.009517819,high_vol,post_covid
2023-05-05,1,1,0.00035927405799437767,-0.015054141,high_vol,post_covid
2023-05-08,1,1,0.00035310974468073363,0.004401928,high_vol,post_covid
2023-05-09,0,1,0.0003658450679773651,0.004873808,high_vol,post_covid
2023-05-10,0,1,0.0003438692498492636,-0.002803234,high_vol,post_covid
2023-05-11,0,1,0.00029249795039887783,-0.007811791,high_vol,post_covid
2023-05-12,1,1,0.0002839526549429126,-9.93e-05,low_vol,post_covid
2023-05-15,0,1,0.00029160149697850517,0.001735896,low_vol,post_covid
2023-05-16,0,1,0.0002433826364626349,-0.014776614,low_vol,post_covid
2023-05-17,0,1,0.0002720657940459486,-0.003880015,high_vol,post_covid
2023-05-18,1,1,0.00025179817401598746,-0.01229313,low_vol,post_covid
2023-05-19,0,1,0.00028116539008460096,0.011282876,high_vol,post_covid
2023-05-22,0,1,0.00027866507160358226,-0.001972887,high_vol,post_covid
2023-05-23,0,1,0.0002869165076713863,-0.001216064,low_vol,post_covid
2023-05-24,0,1,0.0002934455171322944,-0.004879038,low_vol,post_covid
2023-05-25,1,1,0.00026855056255320497,-0.010087427,low_vol,post_covid
2023-05-26,1,1,0.00027068308818161866,0.000514509,low_vol,post_covid
2023-05-30,1,1,0.00025711930055722574,0.007124412,low_vol,post_covid
2023-05-31,1,1,0.00027756092343766937,0.00300876,low_vol,post_covid
2023-06-01,0,1,0.00026146534184048225,0.007153929,low_vol,post_covid
2023-06-02,1,1,0.000238181368236973,-0.013026836,low_vol,post_covid
2023-06-05,1,1,0.00023547868777351664,0.002864147,low_vol,post_covid
2023-06-06,0,1,0.0002263390613483744,0.003823122,low_vol,post_covid
2023-06-07,1,1,0.00022176528876505165,-0.011667933,low_vol,post_covid
2023-06-08,0,1,0.00025116952544225685,0.010700778,low_vol,post_covid
2023-06-09,0,1,0.00025716515674074046,-0.000713243,low_vol,post_covid
2023-06-12,0,1,0.0002595610620453639,-0.003522609,low_vol,post_covid
2023-06-13,1,1,0.00024547271271711877,-0.005487371,low_vol,post_covid
2023-06-14,1,1,0.0002465213581827959,0.005487371,low_vol,post_covid
2023-06-15,1,1,3.364601214591749e-05,0.001277759,low_vol,post_covid
2023-06-16,0,1,0.00018554190468197384,0.000306407,low_vol,post_covid
2023-06-20,0,1,0.0001576813132703128,-0.011762135,low_vol,post_covid
2023-06-21,0,1,0.0001309558578453333,-0.001137278,low_vol,post_covid
2023-06-22,1,1,0.00011198761461591525,-0.010712582,low_vol,post_covid
2023-06-23,1,1,0.00011564820795892376,0.003340483,low_vol,post_covid
2023-06-26,0,1,0.0001469834763904215,0.002394076,low_vol,post_covid
2023-06-27,0,1,0.0001448113961789081,-0.005055097,low_vol,post_covid
2023-06-28,0,1,0.00013822591206363253,-0.000888561,low_vol,post_covid
2023-06-29,1,1,0.0001265670018164814,-0.001622451,low_vol,post_covid
2023-06-30,1,1,0.00013675800107109965,0.006213645,low_vol,post_covid
2023-07-03,0,1,0.00013957422895752953,0.00031226,low_vol,post_covid
2023-07-05,0,1,0.00015953925664015573,-0.001093367,low_vol,post_covid
2023-07-06,1,1,0.00015485394678959154,-0.005694462,low_vol,post_covid
2023-07-07,0,1,0.00016302918928254545,0.009126768,low_vol,post_covid
2023-07-10,1,1,0.000169358418546677,-0.000623157,low_vol,post_covid
2023-07-11,1,1,0.00016375817044163364,0.003267409,low_vol,post_covid
2023-07-12,1,1,0.00018978379662653363,0.012810414,low_vol,post_covid
2023-07-13,1,1,0.00021884603675962374,0.001532411,low_vol,post_covid
2023-07-14,0,1,0.00022456474873869324,0.000459278,low_vol,post_covid
2023-07-17,1,1,0.00021974453512795214,-0.003936082,low_vol,post_covid
2023-07-18,1,1,0.00035581442540364144,0.01262228,low_vol,post_covid
2023-07-19,0,1,0.0002370887228110009,0.000151743,low_vol,post_covid
2023-07-20,0,1,0.00021898151883793446,-0.00466317,low_vol,post_covid
2023-07-21,0,1,0.00020922340342780033,-0.002034278,low_vol,post_covid
2023-07-24,1,1,0.0002024643175864888,-0.002038425,low_vol,post_covid
2023-07-25,1,1,0.0002110849636008522,0.000917768,low_vol,post_covid
2023-07-26,0,1,0.00020848827715387602,0.003459708,low_vol,post_covid
2023-07-27,1,1,0.00019903970413679098,-0.0120074,low_vol,post_covid
2023-07-28,1,1,0.00018993358364067112,0.007680923,low_vol,post_covid
2023-07-31,0,1,0.00021437373928139496,0.005138771,low_vol,post_covid
2023-08-01,0,1,0.00019053702473231684,-0.01523861,low_vol,post_covid
2023-08-02,0,1,0.00020188196920284374,-0.001701827,low_vol,post_covid
2023-08-03,1,1,0.00019093622242514607,-0.002791145,low_vol,post_covid
2023-08-04,0,1,0.0002107426048628641,0.003926018,low_vol,post_covid
2023-08-07,0,1,0.00017199737303299828,-0.003149922,low_vol,post_covid
2023-08-08,0,1,0.00015823746950423961,-0.004873519,low_vol,post_covid
2023-08-09,0,1,0.00015523631328218448,-0.004531822,low_vol,post_covid
2023-08-10,0,1,0.00015669076676274978,-0.00052222,low_vol,post_covid
2023-08-11,0,1,0.00013817297707462324,-0.000783842,low_vol,post_covid
2023-08-14,0,1,0.0001364192019991271,-0.001203112,low_vol,post_covid
2023-08-15,0,1,0.00015705131242905356,-0.004248505,low_vol,post_covid
2023-08-16,0,1,0.0002371270688642542,-0.003369679,low_vol,post_covid
2023-08-17,1,1,0.00011714697122284743,-0.006348892,low_vol,post_covid
2023-08-18,1,1,0.00010876462546795157,0.001060952,low_vol,post_covid
2023-08-21,1,1,0.00012740842087719927,0.003810172,low_vol,post_covid
2023-08-22,1,1,0.00013049678510544996,0.001636001,low_vol,post_covid
2023-08-23,0,1,0.00016069451719218317,0.011586266,low_vol,post_covid
2023-08-24,0,1,0.0001701282177599106,-0.00015641,low_vol,post_covid
2023-08-25,1,1,0.00014885575990218174,-0.003708241,low_vol,post_covid
2023-08-28,1,1,0.0001422606802217173,0.00355187,low_vol,post_covid
2023-08-29,1,1,0.0001592791269329781,0.00965137,low_vol,post_covid
2023-08-30,0,1,0.00014963231681306213,0.00401982,low_vol,post_covid
2023-08-31,1,1,0.00013556350664593246,-0.003142358,low_vol,post_covid
2023-09-01,0,1,0.00011555287073204234,0.000825218,low_vol,post_covid
2023-09-05,0,1,9.688174049854426e-05,-0.007035775,low_vol,post_covid
2023-09-06,0,1,8.772724159336934e-05,-0.004214025,low_vol,post_covid
2023-09-07,1,1,7.778902712853963e-05,-0.000312846,low_vol,post_covid
2023-09-08,1,1,6.75835836883641e-05,0.000469264,low_vol,post_covid
2023-09-11,0,1,7.440453195787871e-05,0.002550968,low_vol,post_covid
2023-09-12,0,1,8.247893514696006e-05,-0.006258822,low_vol,post_covid
2023-09-13,1,1,6.369924905655247e-05,-0.00115175,low_vol,post_covid
2023-09-14,1,1,4.5998114070829065e-05,0.000471328,low_vol,post_covid
2023-09-15,1,1,6.486400252089158e-05,0.007147147,low_vol,post_covid
2023-09-18,1,1,8.276887817174994e-05,0.004046514,low_vol,post_covid
2023-09-19,1,1,8.109094923514265e-05,0.000258833,low_vol,post_covid
2023-09-20,0,1,0.00011216572633734436,0.007014664,low_vol,post_covid
2023-09-21,1,1,0.0001348726249390123,-0.013661993,low_vol,post_covid
2023-09-22,0,1,0.00013812688880632056,0.003225344,low_vol,post_covid
2023-09-25,0,1,0.00011091538623213368,-0.004580981,low_vol,post_covid
2023-09-26,0,1,0.00013090311440564165,-0.008488367,low_vol,post_covid
2023-09-27,0,1,9.83823455228193e-05,-0.015270736,low_vol,post_covid
2023-09-28,0,1,8.878295720141347e-05,-0.006002135,low_vol,post_covid
2023-09-29,0,1,8.080158536613613e-05,-0.00663346,low_vol,post_covid
2023-10-02,0,1,3.541187520795879e-05,-0.009842104,low_vol,post_covid
2023-10-03,0,1,5.93081939046715e-05,-0.002955195,low_vol,post_covid
2023-10-04,0,1,3.606221444601575e-05,-0.003348786,low_vol,post_covid
2023-10-05,1,1,3.1090739022781666e-05,-0.001045377,low_vol,post_covid
2023-10-06,1,1,4.2219487491683546e-05,0.007458615,low_vol,post_covid
2023-10-09,1,1,5.349328415799569e-05,0.010490108,low_vol,post_covid
2023-10-10,1,1,5.146737594919292e-05,0.006198645,low_vol,post_covid
2023-10-11,0,1,4.8229920735388e-05,0.006320686,low_vol,post_covid
2023-10-12,1,1,4.49509750249052e-05,-0.001870608,low_vol,post_covid
2023-10-13,0,1,0.000124062757237074,0.030607902,low_vol,post_covid
2023-10-16,1,0,-0.0008417709882809188,-0.003274031,high_vol,post_covid
2023-10-17,1,1,0.0001245436386497616,0.000832497,high_vol,post_covid
2023-10-18,1,1,0.0001400936149929959,0.016813237,high_vol,post_covid
2023-10-19,1,1,0.0001650879004652648,0.006677383,high_vol,post_covid
2023-10-20,0,1,0.0001908857384570574,0.007137632,high_vol,post_covid
2023-10-23,0,1,0.0001637131757730456,-0.00313224,high_vol,post_covid
2023-10-24,1,1,0.00014037855811101333,-0.000658036,high_vol,post_covid
2023-10-25,1,1,0.00014909154730216573,0.004597,high_vol,post_covid
2023-10-26,1,1,0.00015595180744164445,0.00156119,high_vol,post_covid
2023-10-27,1,1,0.00016344259669057106,0.000704273,low_vol,post_covid
2023-10-30,0,1,0.00016251423123383687,0.003814488,low_vol,post_covid
2023-10-31,0,1,0.00012185546368684926,-0.005525709,low_vol,post_covid
2023-11-01,1,1,0.00010075752136459314,-0.003229015,low_vol,post_covid
2023-11-02,1,1,9.089411647013714e-05,0.003430498,low_vol,post_covid
2023-11-03,0,1,0.00010303427456888185,0.002967,low_vol,post_covid
2023-11-06,0,1,9.695286676353288e-05,-0.004983537,low_vol,post_covid
2023-11-07,0,1,7.244244153754636e-05,-0.007496705,low_vol,post_covid
2023-11-08,1,1,7.48904770698272e-05,-0.007809574,low_vol,post_covid
2023-11-09,0,1,9.044024825918579e-05,0.006486705,low_vol,post_covid
2023-11-10,1,1,4.939919148229822e-05,-0.016218779,low_vol,post_covid
2023-11-13,1,1,6.0939371559475306e-05,0.006652779,low_vol,post_covid
2023-11-14,0,0,-8.06977977166851e-05,0.008343431,low_vol,post_covid
2023-11-15,1,1,0.0001323652405335786,-0.000866964,low_vol,post_covid
2023-11-16,0,1,0.00015111367353922865,0.012069137,low_vol,post_covid
2023-11-17,0,1,0.00013996403196264777,-0.00116003,low_vol,post_covid
2023-11-20,1,1,0.00012497747850937808,-0.001970058,low_vol,post_covid
2023-11-21,0,1,0.00013512368427903417,0.010862615,low_vol,post_covid
2023-11-22,1,1,0.00012055101093941546,-0.003959222,low_vol,post_covid
2023-11-24,1,1,0.00014070230300227522,0.00540863,low_vol,post_covid
2023-11-27,1,1,0.00016026103553118436,0.004783316,low_vol,post_covid
2023-11-28,1,1,0.00017215955732008902,0.013772846,low_vol,post_covid
2023-11-29,0,1,0.00018387321916915893,0.003621431,low_vol,post_covid
2023-11-30,1,1,0.00019032782220364665,-0.004406156,low_vol,post_covid
2023-12-01,0,1,0.0001973441433590613,0.016013593,low_vol,post_covid
2023-12-04,0,1,0.0001635347771694086,-0.022906437,low_vol,post_covid
2023-12-05,1,1,0.0001480055546517979,-0.002770484,high_vol,post_covid
2023-12-06,0,1,0.0001379803943384187,0.005927407,high_vol,post_covid
2023-12-07,0,1,0.00013263726639827118,-0.000295525,high_vol,post_covid
2023-12-08,0,1,8.776845683747519e-05,-0.015689699,high_vol,post_covid
2023-12-11,0,1,8.389472721109185e-05,-0.01021061,high_vol,post_covid
2023-12-12,1,1,7.434538523528656e-05,-0.000101093,high_vol,post_covid
2023-12-13,1,1,7.633601331082852e-05,0.002272671,high_vol,post_covid
2023-12-14,0,1,0.00010480784918256484,0.023876475,high_vol,post_covid
2023-12-15,1,1,0.00016119351412501292,-0.004492381,high_vol,post_covid
2023-12-18,1,1,0.00016289009368259595,0.002569588,high_vol,post_covid
2023-12-19,0,1,0.0001715268468350351,0.005953704,high_vol,post_covid
2023-12-20,1,1,0.00020181438271299514,-0.00191511,high_vol,post_covid
2023-12-21,1,1,0.0001996902719320441,0.002258434,high_vol,post_covid
2023-12-22,1,1,0.00018968688552809817,0.008788749,high_vol,post_covid
2023-12-26,1,1,0.00018305555324758205,0.000534519,high_vol,post_covid
2023-12-27,0,1,0.00018525721397918537,0.011449101,low_vol,post_covid
2023-12-28,0,1,0.00017518779887183765,-0.003850046,high_vol,post_covid
2023-12-29,1,1,0.00016290607740426593,-0.00556054,low_vol,post_covid
2024-01-02,0,1,0.00016835396182708216,0.000969274,low_vol,post_covid
2024-01-03,1,1,0.00014797983796254886,-0.014736983,low_vol,post_covid
2024-01-04,1,1,0.00015044620008695746,0.00397405,high_vol,post_covid
2024-01-05,0,1,0.00014402832140914304,4.9e-05,low_vol,post_covid
2024-01-08,0,1,0.00014025211892422745,-0.007766099,low_vol,post_covid
2024-01-09,0,1,0.000126238294143062,-9.87e-05,low_vol,post_covid
2024-01-10,0,1,0.0001242627194753404,-0.002322114,low_vol,post_covid
2024-01-11,1,1,0.00010633780788267089,-0.003666953,low_vol,post_covid
2024-01-12,0,1,0.00013679262015402357,0.015956951,low_vol,post_covid
2024-01-16,0,1,0.00014315360250969643,-0.01016531,low_vol,post_covid
2024-01-17,1,1,0.0004908427509113189,-0.011617082,low_vol,post_covid
2024-01-18,1,1,0.00015737253985880238,0.007957866,low_vol,post_covid
2024-01-19,0,1,0.00014583657981446672,0.003905977,low_vol,post_covid
2024-01-22,1,1,0.00012663239991388874,-0.003311646,low_vol,post_covid
2024-01-23,0,1,0.00012493411752567508,0.001928974,low_vol,post_covid
2024-01-24,1,1,0.00015144375761394244,-0.004854342,low_vol,post_covid
2024-01-25,0,1,0.0001580606155261391,0.001488539,low_vol,post_covid
2024-01-26,1,1,0.00015312462273188023,-4.96e-05,low_vol,post_covid
2024-01-29,1,1,0.00017429224537461434,0.004156316,low_vol,post_covid
2024-01-30,1,1,0.00016878890262001845,0.003105999,low_vol,post_covid
2024-01-31,1,1,0.00018104820683345472,0.008284516,low_vol,post_covid
2024-02-01,0,1,0.00017759687243767302,0.002243185,low_vol,post_covid
2024-02-02,0,1,0.00015901546101629196,-0.008265937,low_vol,post_covid
2024-02-05,1,1,0.0001409450835365882,-0.005120906,low_vol,post_covid
2024-02-06,1,1,0.00013464514554379302,0.004334793,low_vol,post_covid
2024-02-07,0,1,0.00012646833725698452,0.000343982,low_vol,post_covid
2024-02-08,0,1,0.00013830065871564524,-0.001475144,low_vol,post_covid
2024-02-09,0,1,0.00013873025822126067,-0.00438906,low_vol,post_covid
2024-02-12,0,1,0.0001607017663289021,-0.002523865,low_vol,post_covid
2024-02-13,0,1,0.00016193313733540993,-0.012615124,low_vol,post_covid
2024-02-14,1,1,0.00015102736248054596,-0.001305471,low_vol,post_covid
2024-02-15,1,1,0.00019088400035651587,0.005911212,low_vol,post_covid
2024-02-16,1,1,0.00015880132880038237,0.004684095,low_vol,post_covid
2024-02-20,0,1,0.0001618780373324342,0.007922795,low_vol,post_covid
2024-02-21,0,1,0.00014907276034339552,-0.002568005,low_vol,post_covid
2024-02-22,1,1,0.0001339684657013582,-0.00128654,low_vol,post_covid
2024-02-23,0,1,0.0001324534917270441,0.009314324,low_vol,post_covid
2024-02-26,1,1,0.00011237295826214692,-0.004966682,low_vol,post_covid
2024-02-27,0,1,0.00010797757254492964,0.002707694,low_vol,post_covid
2024-02-28,1,1,0.00010958661800593186,-0.000491763,low_vol,post_covid
2024-02-29,1,1,0.00011461244601861185,0.006227471,low_vol,post_covid
2024-03-01,1,1,0.00013228290514967294,0.019939659,low_vol,post_covid
2024-03-04,1,1,0.00016405106462073142,0.014650907,low_vol,post_covid
2024-03-05,1,1,0.00017839873655409698,0.007433253,low_vol,post_covid
2024-03-06,1,1,0.00020125820256886766,0.007843566,low_vol,post_covid
2024-03-07,1,1,0.00020477954334033798,0.003574477,low_vol,post_covid
2024-03-08,1,1,0.00020776836135937785,0.009500647,low_vol,post_covid
2024-03-11,0,1,0.00022178882723026118,0.001788495,low_vol,post_covid
2024-03-12,1,1,0.00018776060914369656,-0.010177664,low_vol,post_covid
2024-03-13,0,1,0.00021869046841377902,0.006919166,low_vol,post_covid
2024-03-14,0,1,0.00022272774798504135,-0.005716364,low_vol,post_covid
2024-03-15,1,1,0.00023674225568826688,-0.002638685,low_vol,post_covid
2024-03-18,0,1,0.0004557388779053877,0.001574758,low_vol,post_covid
2024-03-19,1,1,0.00034572076344172964,-0.002038408,low_vol,post_covid
2024-03-20,1,1,0.0003345832227405779,0.000741669,low_vol,post_covid
2024-03-21,0,1,0.0003291799414290856,0.011289663,low_vol,post_covid
2024-03-22,1,1,0.0003221745723326342,-0.011196894,low_vol,post_covid
2024-03-25,1,1,0.00032753052041094104,0.007708479,low_vol,post_covid
2024-03-26,1,1,0.0003159395184948617,0.000367805,low_vol,post_covid
2024-03-27,1,1,0.0003146781981979024,0.00687099,low_vol,post_covid
2024-03-28,1,1,0.00032570071661239193,0.012159771,low_vol,post_covid
2024-04-01,1,1,0.00034567355865234694,0.00857685,low_vol,post_covid
2024-04-02,1,1,0.0003972980255583543,0.010895049,low_vol,post_covid
2024-04-03,0,1,0.00044354329830696324,0.014664136,low_vol,post_covid
2024-04-04,1,1,0.0004773895420928957,-0.002443645,low_vol,post_covid
2024-04-05,1,1,0.00048712734510284676,0.015993364,low_vol,post_covid
2024-04-08,1,1,0.0004913831710929215,0.002576546,high_vol,post_covid
2024-04-09,0,1,0.0004943535439451307,0.005047944,low_vol,post_covid
2024-04-10,1,1,0.0005154925019003844,-0.005948917,low_vol,post_covid
2024-04-11,1,1,0.0005137009893420422,0.010759198,low_vol,post_covid
2024-04-12,1,1,0.0005463573920653553,0.000594312,low_vol,post_covid
2024-04-15,1,1,0.0005941605010245618,0.004066121,low_vol,post_covid
2024-04-16,0,1,0.0005695395752989753,0.010511807,low_vol,post_covid
2024-04-17,1,1,0.00047108479387995356,-0.008021081,low_vol,post_covid
2024-04-18,1,1,0.0007776339084202677,0.004459451,low_vol,post_covid
2024-04-19,0,1,0.0007959945915926813,0.00673538,low_vol,post_covid
2024-04-22,0,1,0.0006988818194391426,-0.0279898,low_vol,post_covid
2024-04-23,0,1,0.000686044454064299,-0.001931373,high_vol,post_covid
2024-04-24,1,1,0.0006949305767706816,-0.001375672,high_vol,post_covid
2024-04-25,1,1,0.0006938734937938251,0.002277486,high_vol,post_covid
2024-04-26,1,1,0.000680876873301201,0.002143807,high_vol,post_covid
2024-04-29,0,1,0.0006768218322732878,0.004529666,high_vol,post_covid
2024-04-30,1,1,0.0006500615429016988,-0.02329298,high_vol,post_covid
2024-05-01,0,1,0.0006418692436218902,0.003702659,high_vol,post_covid
2024-05-02,0,1,0.0006348373016061896,-0.000304386,high_vol,post_covid
2024-05-03,1,1,0.0006057529260391688,-8.7e-05,high_vol,post_covid
2024-05-06,0,1,0.0006485634451639555,0.009782399,high_vol,post_covid
2024-05-07,0,1,0.0006394005993186769,-0.002760589,high_vol,post_covid
2024-05-08,1,1,0.0006422994997139402,-0.000691261,high_vol,post_covid
2024-05-09,1,1,0.0006705441607627638,0.007964396,high_vol,post_covid
2024-05-10,0,1,0.0006813593721447743,0.014980895,low_vol,post_covid
2024-05-13,1,1,0.0006896549931563412,-0.013267172,high_vol,post_covid
2024-05-14,1,1,0.0006961554280021184,0.007378135,high_vol,post_covid
2024-05-15,0,1,0.0007234915304591311,0.014888215,high_vol,post_covid
2024-05-16,1,1,0.0002565362703872506,-0.003648777,high_vol,post_covid
2024-05-17,1,1,0.0007789127694951401,0.013438686,high_vol,post_covid
2024-05-20,0,1,0.0008254486742217448,0.008955695,high_vol,post_covid
2024-05-21,0,1,0.0008042799570248191,-0.005025116,high_vol,post_covid
2024-05-22,0,1,0.0007837301045541695,-0.013511191,high_vol,post_covid
2024-05-23,0,1,0.0007447454348097001,-0.02294667,high_vol,post_covid
2024-05-24,1,1,0.000736442310682376,-0.001071237,high_vol,post_covid
2024-05-28,0,1,0.0008328717350405173,0.009684975,high_vol,post_covid
2024-05-29,1,1,0.0008670445153571267,-0.006346482,high_vol,post_covid
2024-05-30,0,1,0.0008241955863423906,0.001110289,high_vol,post_covid
2024-05-31,1,1,0.0007505673938673264,-0.008573074,high_vol,post_covid
2024-06-03,0,1,0.0007592652642316156,0.010151151,high_vol,post_covid
2024-06-04,1,1,0.0006990217383776037,-0.009032444,high_vol,post_covid
2024-06-05,1,1,0.0007106182171842259,0.012223461,high_vol,post_covid
2024-06-06,0,1,0.0007712696675315215,0.00685802,high_vol,post_covid
2024-06-07,1,1,0.0006890980009231099,-0.027849131,high_vol,post_covid
2024-06-10,0,1,0.0007193066714968567,0.001083917,high_vol,post_covid
2024-06-11,1,1,0.0006845039380483897,-8.66e-05,high_vol,post_covid
2024-06-12,0,1,0.000715146862307774,0.012275378,high_vol,post_covid
2024-06-13,1,1,0.0006523789179462117,-0.015444011,high_vol,post_covid
2024-06-14,0,1,0.0006782006545877025,0.013472849,high_vol,post_covid
2024-06-17,1,1,0.00018359392414901286,-0.008183,high_vol,post_covid
2024-06-18,1,1,0.0006069595958282617,0.007753981,high_vol,post_covid
2024-06-20,0,1,0.00066881210423761,0.009991179,high_vol,post_covid
2024-06-21,1,1,0.0006133872288431806,-0.01601685,high_vol,post_covid
2024-06-24,0,1,0.0006106223825308474,0.005854053,high_vol,post_covid
2024-06-25,0,1,0.0005741855125518949,-0.005767632,high_vol,post_covid
2024-06-26,1,1,0.0005785730071908915,-0.007539421,high_vol,post_covid
2024-06-27,1,1,0.0005734380109407168,0.010943747,high_vol,post_covid
2024-06-28,0,1,0.0005937965326986607,0.001375672,high_vol,post_covid
2024-07-01,0,1,0.0006021458671796149,-4.29e-05,high_vol,post_covid
2024-07-02,1,1,0.0005996045032992753,-0.001978282,high_vol,post_covid
2024-07-03,1,1,0.0006499681519854414,0.015717437,high_vol,post_covid
2024-07-05,0,1,0.0006881218210665897,0.012088663,high_vol,post_covid
2024-07-08,1,1,0.0006514504108958993,-0.014039925,high_vol,post_covid
2024-07-09,1,1,0.0006620875077902469,0.002078404,high_vol,post_covid
2024-07-10,1,1,0.000663055278839331,0.005113742,high_vol,post_covid
2024-07-11,0,1,0.0006890970377771453,0.017881513,high_vol,post_covid
2024-07-12,1,1,0.0006599637483749207,-0.000414164,high_vol,post_covid
2024-07-15,1,1,0.000660824800747356,0.003680007,high_vol,post_covid
2024-07-16,0,1,0.0006818076209224468,0.016171315,high_vol,post_covid
2024-07-17,0,1,0.0006483218584241958,-0.003091133,high_vol,post_covid
2024-07-18,0,1,0.0008559367300632378,-0.001222843,high_vol,post_covid
2024-07-19,0,1,0.0006991596359612241,-0.023230491,high_vol,post_covid
2024-07-22,1,1,0.0006868230826846411,-0.001462141,high_vol,post_covid
2024-07-23,1,1,0.0006832774039849254,0.005253774,high_vol,post_covid
2024-07-24,0,1,0.0007243152734382006,0.003611516,high_vol,post_covid
2024-07-25,1,1,0.0006632874161172229,-0.025771655,high_vol,post_covid
2024-07-26,0,1,0.0006376222746431081,0.011877017,high_vol,post_covid
2024-07-29,1,1,0.0006306388019469184,-0.001135077,high_vol,post_covid
2024-07-30,1,1,0.0006723456373601791,0.011584493,high_vol,post_covid
2024-07-31,1,1,0.0006743711885655962,0.008899986,high_vol,post_covid
2024-08-01,0,1,0.0006674695778827117,0.003496867,high_vol,post_covid
2024-08-02,0,1,0.0007033884707297749,-0.003826634,high_vol,post_covid
2024-08-05,0,1,0.0008199122793830945,-0.009943323,high_vol,post_covid
2024-08-06,1,1,0.0007049141064881616,-0.005260033,high_vol,post_covid
2024-08-07,1,1,0.0007001143136103125,0.000585782,high_vol,post_covid
2024-08-08,1,1,0.0006884430852864081,0.013173649,high_vol,post_covid
2024-08-09,1,1,0.0006442087873215343,0.004078924,high_vol,post_covid
2024-08-12,1,1,0.0006662549932181767,0.012381323,high_vol,post_covid
2024-08-13,0,1,0.0006212361199826098,0.001744761,high_vol,post_covid
2024-08-14,1,1,0.0005751899523517126,-0.011129138,high_vol,post_covid
2024-08-15,1,1,0.000625489730770085,0.005600503,high_vol,post_covid
2024-08-16,1,1,0.0004612404958515709,0.018378043,high_vol,post_covid
2024-08-19,1,1,0.0006431899589170903,0.001279878,high_vol,post_covid
2024-08-20,0,1,0.0006597514833081313,0.003790074,high_vol,post_covid
2024-08-21,0,1,0.000661956125224956,-0.001155506,high_vol,post_covid
2024-08-22,1,1,0.0006581825361362816,-0.011830187,high_vol,post_covid
2024-08-23,1,1,0.0006747541400174076,0.011830187,high_vol,post_covid
2024-08-26,0,1,0.0006876522923404631,0.003700706,high_vol,post_covid
2024-08-27,0,1,0.0006801626495623199,-0.000675428,high_vol,post_covid
2024-08-28,1,1,0.0006604372705966256,-0.005979687,high_vol,post_covid
2024-08-29,0,1,0.0006658120301854586,0.009827581,low_vol,post_covid
2024-08-30,0,1,0.0006225652131655963,-0.012710562,low_vol,post_covid
2024-09-03,1,1,0.0006382463808059419,-0.001565161,high_vol,post_covid
2024-09-04,1,1,0.0006493902944058263,0.001404692,high_vol,post_covid
2024-09-05,0,1,0.0006590329217095973,0.007193126,low_vol,post_covid
2024-09-06,1,1,0.0006387823355038398,-0.007152982,low_vol,post_covid
2024-09-09,1,1,0.0006314503168940152,0.003323146,low_vol,post_covid
2024-09-10,0,1,0.0006224947309734711,0.004188195,low_vol,post_covid
2024-09-11,1,1,0.0006236378387382485,-7.96e-05,low_vol,post_covid
2024-09-12,1,1,0.0006760368856563143,0.015444722,low_vol,post_covid
2024-09-13,0,1,0.0007147763816828873,0.011729349,low_vol,post_covid
2024-09-16,0,1,0.0007220813776477368,-0.000348779,low_vol,post_covid
2024-09-17,1,1,0.0007946270701855347,-0.006258832,low_vol,post_covid
2024-09-18,1,1,0.000760967313430766,0.00249266,low_vol,post_covid
2024-09-19,1,1,0.0007854789298344046,0.00670716,low_vol,post_covid
2024-09-20,1,1,0.0007868671731620037,0.012250735,low_vol,post_covid
2024-09-23,1,1,0.0007647443623287201,0.00251605,low_vol,post_covid
2024-09-24,1,1,0.0008272103399217364,0.009360188,low_vol,post_covid
2024-09-25,1,1,0.0008104068169047767,0.003012958,low_vol,post_covid
2024-09-26,0,1,0.0008272828191598935,0.004015675,low_vol,post_covid
2024-09-27,0,1,0.0008136185992359012,-0.009634583,low_vol,post_covid
2024-09-30,1,1,0.0007979969378139889,-0.003105809,low_vol,post_covid
2024-10-01,0,1,0.0008314675844813647,0.011766154,low_vol,post_covid
2024-10-02,1,1,0.0008407071503406359,-0.007602005,low_vol,post_covid
2024-10-03,0,1,0.000889560136261198,0.003770601,low_vol,post_covid
2024-10-04,0,1,0.000885134567405916,-0.004261844,low_vol,post_covid
2024-10-07,0,1,0.0009025538706766611,-0.000378029,low_vol,post_covid
2024-10-08,0,1,0.0008216087632598552,-0.011331369,low_vol,post_covid
2024-10-09,1,1,0.0008225863427613523,-0.003447619,low_vol,post_covid
2024-10-10,1,1,0.0008548102394952292,0.005586858,low_vol,post_covid
2024-10-11,0,1,0.0008742539477324049,0.01402016,low_vol,post_covid
2024-10-14,1,1,0.0008470944843547247,-0.003694372,low_vol,post_covid
2024-10-15,1,1,0.0008734152144454474,0.005123138,low_vol,post_covid
2024-10-16,1,1,0.0007561229315096407,0.004723215,low_vol,post_covid
2024-10-17,1,1,0.0008876148772565432,0.006337393,low_vol,post_covid
2024-10-18,1,1,0.0009490302894030556,0.008400128,low_vol,post_covid
2024-10-21,1,1,0.0010046535678648115,0.003457974,low_vol,post_covid
2024-10-22,0,1,0.0010543186809607945,0.007718603,low_vol,post_covid
2024-10-23,1,1,0.0010062338998084995,-0.010918677,low_vol,post_covid
2024-10-24,1,1,0.000999582625640282,0.007523938,low_vol,post_covid
2024-10-25,1,1,0.0010135550459264484,0.002191462,low_vol,post_covid
2024-10-28,1,1,0.0010243161269926004,0.000729421,low_vol,post_covid
2024-10-29,1,1,0.0010422075917989452,0.009253781,low_vol,post_covid
2024-10-30,0,1,0.0010326630896317379,0.007234316,low_vol,post_covid
2024-10-31,1,1,0.000995628525486562,-0.018166509,low_vol,post_covid
2024-11-01,0,1,0.0009848369232611552,0.000109569,low_vol,post_covid
2024-11-04,1,1,0.000978025071656102,-0.000913292,low_vol,post_covid
2024-11-05,0,1,0.0009714424001460566,0.001533837,low_vol,post_covid
2024-11-06,1,1,0.0008708703000333906,-0.026888193,low_vol,post_covid
2024-11-07,0,1,0.0008813915723103731,0.01147974,high_vol,post_covid
2024-11-08,0,1,0.0008551037003002204,-0.004047575,high_vol,post_covid
2024-11-11,0,1,0.0008135765678134896,-0.028801526,high_vol,post_covid
2024-11-12,0,1,0.0008295260779761894,-0.004298422,high_vol,post_covid
2024-11-13,0,1,0.0008198812644049056,-0.007411998,high_vol,post_covid
2024-11-14,0,1,0.0009954379674047317,-0.004894202,high_vol,post_covid
2024-11-15,1,1,0.0007277362680673068,-0.000973919,high_vol,post_covid
2024-11-18,1,1,0.0007652565701095485,0.017348791,high_vol,post_covid
2024-11-19,1,1,0.0007725759086203436,0.006300496,high_vol,post_covid
2024-11-20,1,1,0.0007692628275908991,0.007999532,high_vol,post_covid
2024-11-21,1,1,0.0007658704050971525,0.008984571,high_vol,post_covid
2024-11-22,0,1,0.0007689561965753545,0.014046981,high_vol,post_covid
2024-11-25,1,1,0.000700947890823941,-0.034959482,high_vol,post_covid
2024-11-26,1,1,0.0007071114556569566,0.001336618,high_vol,post_covid
2024-11-27,1,1,0.0006901512497326624,0.007452167,high_vol,post_covid
2024-11-29,0,1,0.0007092256367458322,0.006456666,high_vol,post_covid
2024-12-02,1,1,0.0006970808344815787,-0.008352473,high_vol,post_covid
2024-12-03,1,1,0.0007290317009821376,0.003712425,high_vol,post_covid
2024-12-04,0,1,0.0007490033753739703,0.003434975,high_vol,post_covid
2024-12-05,1,1,0.0007316415510289887,-0.010302322,high_vol,post_covid
2024-12-06,1,1,0.0007254047968609837,0.004558239,high_vol,post_covid
2024-12-09,1,1,0.0007918262733078395,0.009917986,high_vol,post_covid
2024-12-10,1,1,0.0008001806680819112,0.012196028,high_vol,post_covid
2024-12-11,0,1,0.0008071755083311524,0.013330076,high_vol,post_covid
2024-12-12,0,1,0.0007478790430543678,-0.017081207,high_vol,post_covid
2024-12-13,0,1,0.0007229652894140429,-0.011790162,high_vol,post_covid
2024-12-16,0,1,0.001195258120679075,-0.001733466,high_vol,post_covid
2024-12-17,0,1,0.000766365050493289,-0.002643606,high_vol,post_covid
2024-12-18,0,1,0.000875142290318598,-0.00299188,high_vol,post_covid
2024-12-19,1,1,0.0007803560742139222,-0.016945363,high_vol,post_covid
2024-12-20,0,1,0.0007514657081549926,0.013982492,high_vol,post_covid
2024-12-23,1,1,0.0007527032049667708,-0.006258331,high_vol,post_covid
2024-12-24,1,1,0.0007326869224442431,0.00294324,high_vol,post_covid
2024-12-26,0,1,0.000739956135473826,0.007149969,high_vol,post_covid
2024-12-27,0,1,0.0007343931860979823,-0.008219262,high_vol,post_covid
2024-12-30,1,1,0.0007158582584257592,-0.004250137,high_vol,post_covid
2024-12-31,1,1,0.0007088287290049588,0.00882471,high_vol,post_covid
2025-01-02,0,1,0.000748725934631569,0.011232868,high_vol,post_covid
2025-01-03,0,1,0.0007422218746904541,-0.005241401,high_vol,post_covid
2025-01-06,1,1,0.000769698842402,-0.00249843,high_vol,post_covid
2025-01-07,1,1,0.000796015175397914,0.006912097,high_vol,post_covid
2025-01-08,1,1,0.0007957647015363132,0.00293169,high_vol,post_covid
2025-01-09,1,1,0.000812796216126733,0.007217296,high_vol,post_covid
2025-01-10,0,1,0.0008506264147748521,0.009161257,low_vol,post_covid
2025-01-13,1,1,0.000798784848890455,-0.013006501,low_vol,post_covid
2025-01-14,1,1,0.0007953318989887252,0.001495048,high_vol,post_covid
2025-01-15,1,1,0.0008217744257944522,0.012987196,low_vol,post_covid
2025-01-16,0,1,0.0004367427264165944,0.012420209,high_vol,post_covid
2025-01-17,1,1,0.0008075093959767677,-0.000764876,high_vol,post_covid
2025-01-21,1,1,0.0008187652394558095,0.003891391,high_vol,post_covid
2025-01-22,0,1,0.0008171152820331161,0.004563111,low_vol,post_covid
2025-01-23,1,1,0.0007902192395107971,-0.001627281,low_vol,post_covid
2025-01-24,0,1,0.0008057373525324988,0.005125977,low_vol,post_covid
2025-01-27,1,1,0.0007867562270575511,-0.014434155,low_vol,post_covid
2025-01-28,1,1,0.0007993456756760487,0.01064634,low_vol,post_covid
2025-01-29,1,1,0.0008268690868633465,0.000830958,low_vol,post_covid
2025-01-30,0,1,0.0008750018804928606,0.019277756,low_vol,post_covid
2025-01-31,1,1,0.0008718672657578165,-0.003726382,high_vol,post_covid
2025-02-03,1,1,0.0009026017761519004,0.007580053,high_vol,post_covid
2025-02-04,1,1,0.0009135874490874501,0.006822416,high_vol,post_covid
2025-02-05,0,1,0.0008935503374605294,0.006393163,high_vol,post_covid
2025-02-06,1,1,0.0008751614882209944,-0.005447355,low_vol,post_covid
2025-02-07,1,1,0.0008779740606248833,0.003948793,low_vol,post_covid
2025-02-10,0,1,0.0008749206981852623,0.016258833,low_vol,post_covid
2025-02-11,0,1,0.0008714446704178312,-0.000617852,high_vol,post_covid
2025-02-12,1,1,0.000900428362352027,-0.001202439,low_vol,post_covid
2025-02-13,0,1,0.0008839529159763676,0.005792713,low_vol,post_covid
2025-02-14,1,1,0.0008852896550314211,-0.014562545,low_vol,post_covid
2025-02-18,0,1,0.0015320513356098906,0.016508835,high_vol,post_covid
2025-02-19,1,1,0.0009911455073637488,-0.0041703,high_vol,post_covid
2025-02-20,0,1,0.0010139501744565725,0.007031499,high_vol,post_covid
2025-02-21,1,1,0.0010038541054165652,-0.000816627,high_vol,post_covid
2025-02-24,0,1,0.0009867345908778982,0.003500065,low_vol,post_covid
2025-02-25,1,1,0.0009409501939374353,-0.014831761,low_vol,post_covid
2025-02-26,0,1,0.0009577939548769222,0.004225883,high_vol,post_covid
2025-02-27,0,1,0.0009544205115361977,-0.01158637,high_vol,post_covid
2025-02-28,1,1,0.0009057277121506363,-0.016224098,high_vol,post_covid
2025-03-03,1,1,0.0009715504660104405,0.018649013,high_vol,post_covid
2025-03-04,1,1,0.00098455140712412,0.006689961,high_vol,post_covid
2025-03-05,1,1,0.0010157681646917479,0.001957099,high_vol,post_covid
2025-03-06,0,1,0.0010538492315313262,0.000445841,high_vol,post_covid
2025-03-07,0,1,0.00101630009050117,-0.00408849,high_vol,post_covid
2025-03-10,1,1,0.0010311394061831537,-0.004727635,high_vol,post_covid
2025-03-11,1,1,0.0010623565962756393,0.007546652,high_vol,post_covid
2025-03-12,1,1,0.0010735975238844702,0.00895433,high_vol,post_covid
2025-03-13,1,1,0.001103546766656819,0.015261785,high_vol,post_covid
2025-03-14,1,1,0.0010889452417933636,0.003412043,high_vol,post_covid
2025-03-17,1,1,0.0010719109688393934,0.001835016,high_vol,post_covid
2025-03-18,1,1,0.0011067951047640284,0.011632116,high_vol,post_covid
2025-03-19,1,1,0.0007558276355088268,0.000263484,high_vol,post_covid
2025-03-20,0,1,0.001105531926104231,0.001349627,low_vol,post_covid
2025-03-21,0,1,0.0010742637009734217,-0.007196904,low_vol,post_covid
2025-03-24,1,1,0.001063872631761082,-0.00169113,low_vol,post_covid
2025-03-25,0,1,0.0010990158195950152,0.003511749,low_vol,post_covid
2025-03-26,1,1,0.0011152888852187634,-0.000926463,low_vol,post_covid
2025-03-27,1,1,0.0011698299963699321,0.012925489,low_vol,post_covid
2025-03-28,1,1,0.001172294730394271,0.008557506,low_vol,post_covid
2025-03-31,0,1,0.0011670400695210116,0.011692288,low_vol,post_covid
2025-04-01,1,1,0.0011361856437796694,-0.001249707,low_vol,post_covid
2025-04-02,0,1,0.0011567567171258681,0.006710577,low_vol,post_covid
2025-04-03,0,1,0.0010766023420472905,-0.01375702,low_vol,post_covid
2025-04-04,0,1,0.0010648484151993779,-0.027829591,low_vol,post_covid
2025-04-07,1,1,0.0011204486419077854,-0.020358542,high_vol,post_covid
2025-04-08,1,1,0.0011874802265897761,0.005777286,high_vol,post_covid
2025-04-09,1,1,0.001062943642414884,0.029247416,high_vol,post_covid
2025-04-10,1,1,0.0011496825880608964,0.031781399,high_vol,post_covid
2025-04-11,0,1,0.0011935754645289987,0.021012471,high_vol,post_covid
2025-04-14,1,1,0.0011309687402073078,-0.00541464,high_vol,post_covid
2025-04-15,1,1,0.001126776392286429,0.004327835,high_vol,post_covid
2025-04-16,0,1,0.0011850582954426995,0.032973255,high_vol,post_covid
2025-04-17,1,1,0.0004310108194057417,-0.005395442,high_vol,post_covid
2025-04-21,0,1,0.001372130311246918,0.029041938,high_vol,post_covid
2025-04-22,0,1,0.0013527282116955488,-0.001586574,high_vol,post_covid
2025-04-23,1,1,0.001361930133898327,-0.037295961,high_vol,post_covid
2025-04-24,0,1,0.0013215421382521454,0.016857973,high_vol,post_covid
2025-04-25,1,1,0.0012651950266545265,-0.014997892,high_vol,post_covid
2025-04-28,0,1,0.001262020110819258,0.015147941,high_vol,post_covid
2025-04-29,0,1,0.001259506069710096,-0.004119487,high_vol,post_covid
2025-04-30,0,1,0.0012233064375357274,-0.004166813,high_vol,post_covid
2025-05-01,1,1,0.0012097722334073796,-0.029165536,high_vol,post_covid
2025-05-02,1,1,0.0011859214410854305,0.006799232,high_vol,post_covid
2025-05-05,1,1,0.0012144402412265151,0.024270707,high_vol,post_covid
2025-05-06,0,1,0.0012776027632977606,0.029781859,high_vol,post_covid
2025-05-07,0,1,0.0012224598438065075,-0.00883294,high_vol,post_covid
2025-05-08,1,1,0.0012136642078114776,-0.025398132,high_vol,post_covid
2025-05-09,0,1,0.001223821115254609,0.011700919,high_vol,post_covid
2025-05-12,1,1,0.001172404426387629,-0.035211223,high_vol,post_covid
2025-05-13,0,1,0.001204581618822895,0.006284574,high_vol,post_covid
2025-05-14,1,1,0.001176336327302285,-0.018344612,high_vol,post_covid
2025-05-15,0,1,0.0011701682871616487,0.012277391,high_vol,post_covid
2025-05-16,1,1,0.0011412785140204858,-0.012088782,high_vol,post_covid
2025-05-19,1,1,0.0014714612621029655,0.014631562,high_vol,post_covid
2025-05-20,1,1,0.0010736519040134888,0.015793405,high_vol,post_covid
2025-05-21,0,1,0.0011626748111802365,0.008801805,high_vol,post_covid
2025-05-22,1,1,0.0011267427806716595,-0.005150278,high_vol,post_covid
2025-05-23,0,1,0.0011694776213730298,0.021425435,high_vol,post_covid
2025-05-26,0,1,0.001169477225671139,0.0,high_vol,post_covid
2025-05-27,0,1,0.0011017138524411299,-0.019362124,high_vol,post_covid
2025-05-28,1,1,0.001103025682220742,-0.001668512,high_vol,post_covid
2025-05-29,0,1,0.001110991844461405,0.007109716,high_vol,post_covid
2025-05-30,1,1,0.0010805842823272687,-0.008537804,high_vol,post_covid
2025-06-02,0,1,0.0011756405265751727,0.024537666,high_vol,post_covid
2025-06-03,1,1,0.0011634713863676398,-0.006070768,high_vol,post_covid
2025-06-04,0,1,0.0011525177215499242,0.00693075,high_vol,post_covid
2025-06-05,0,1,0.0012317927274736818,-0.006781516,high_vol,post_covid
2025-06-06,1,1,0.001241598918484735,-0.008391574,high_vol,post_covid
2025-06-09,0,1,0.0012801399708602737,0.002825074,high_vol,post_covid
2025-06-10,1,1,0.0012684440596946462,-0.003366964,high_vol,post_covid
2025-06-11,1,1,0.0012445577503011015,0.000120486,high_vol,post_covid
2025-06-12,1,1,0.0012506785337086858,0.01778563,high_vol,post_covid
2025-06-13,0,1,0.001298088699703501,0.014768123,high_vol,post_covid
2025-06-16,0,1,0.0012847029593177253,-0.010194022,high_vol,post_covid
2025-06-17,1,1,0.0018041074872489845,-0.002889521,high_vol,post_covid
2025-06-18,0,1,0.0013900237085387001,0.00094444,high_vol,post_covid
2025-06-20,1,1,0.001349497284786191,-0.006422121,high_vol,post_covid
2025-06-23,0,1,0.0013414913844002699,0.002846174,high_vol,post_covid
2025-06-24,1,1,0.001279971028234752,-0.018013676,high_vol,post_covid
2025-06-25,1,1,0.0012922666022761162,0.002919769,high_vol,post_covid
2025-06-26,0,1,0.0013134441667386357,0.00192172,high_vol,post_covid
2025-06-27,1,1,0.0012821959490896756,-0.018101974,high_vol,post_covid
2025-06-30,1,1,0.0012700798572691757,0.006303199,high_vol,post_covid
2025-07-01,1,1,0.001287458355276532,0.012758252,high_vol,post_covid
2025-07-02,0,1,0.0013102443350851173,0.003380873,high_vol,post_covid
2025-07-03,1,1,0.0013346134997645612,-0.004910454,high_vol,post_covid
2025-07-04,0,1,0.0013340960326806088,0.000270075,high_vol,post_covid
2025-07-07,0,1,0.0013503114522973505,-9e-05,high_vol,post_covid
2025-07-08,1,1,0.0013314294740653491,-0.007591298,high_vol,post_covid
2025-07-09,1,1,0.0013029362201167293,0.001390052,high_vol,post_covid
2025-07-10,1,1,0.0013407985042692557,0.001749828,high_vol,post_covid
2025-07-11,0,1,0.0014536590469527509,0.011568474,high_vol,post_covid
2025-07-14,0,1,0.0014527586089797583,-0.001341782,high_vol,post_covid
2025-07-15,1,1,0.0014273403573556492,-0.00649575,high_vol,post_covid
2025-07-16,0,1,0.001420919978232843,0.006794079,low_vol,post_covid
2025-07-17,1,1,0.001165880556015702,-0.00370556,low_vol,post_covid
2025-07-18,1,1,0.0013447233486291268,0.003854692,low_vol,post_covid
2025-07-21,1,1,0.0013880766590031101,0.014478603,low_vol,post_covid
2025-07-22,0,1,0.0013938146230637577,0.010904802,low_vol,post_covid
2025-07-23,0,1,0.0013822317255057657,-0.013200213,low_vol,post_covid
2025-07-24,0,1,0.0013707816663028637,-0.006829223,high_vol,post_covid
2025-07-25,0,1,0.0013152344775904194,-0.011036652,high_vol,post_covid
2025-07-28,1,1,0.0013128549886800758,-0.007496506,high_vol,post_covid
2025-07-29,0,1,0.0013184234369026946,0.004312047,high_vol,post_covid
2025-07-30,0,1,0.0012886638900692865,-0.00833938,high_vol,post_covid
2025-07-31,1,1,0.001248178675081499,-0.000789224,low_vol,post_covid
2025-08-01,1,1,0.001294432038926946,0.016413807,low_vol,post_covid
2025-08-04,1,1,0.001275364970152677,0.007943974,high_vol,post_covid
2025-08-05,0,1,0.0013064648265931507,0.002220151,high_vol,post_covid
2025-08-06,1,1,0.001298908090769745,-0.000561943,low_vol,post_covid
2025-08-07,1,1,0.0013204402528775383,0.005987968,low_vol,post_covid
2025-08-08,0,1,0.001320095586807743,0.01134616,low_vol,post_covid
2025-08-11,0,1,0.0012923440558846196,-0.025324517,low_vol,post_covid
2025-08-12,1,1,0.0012869812930386875,-0.001253416,high_vol,post_covid
2025-08-13,0,1,0.0013101135892682923,0.002922075,high_vol,post_covid
2025-08-14,1,1,0.0012928817547090813,-0.007021347,high_vol,post_covid
2025-08-15,0,1,0.0014893544843801684,0.000239852,high_vol,post_covid
2025-08-18,0,1,0.001227055979857122,-0.001289815,high_vol,post_covid
2025-08-19,1,1,0.0011932995885959538,-0.005507847,high_vol,post_covid
2025-08-20,0,1,0.0012174803161296285,0.009013401,high_vol,post_covid
2025-08-21,1,1,0.001251239543533267,-0.001946021,low_vol,post_covid
2025-08-22,0,1,0.0012594098082717648,0.011175299,low_vol,post_covid
2025-08-25,1,1,0.0012524731600266246,-0.000177782,low_vol,post_covid
2025-08-26,1,1,0.0012432271506169754,0.004377166,low_vol,post_covid
2025-08-27,1,1,0.0012500586921864957,0.004710602,low_vol,post_covid
2025-08-28,1,1,0.001266603506327349,0.007957432,low_vol,post_covid
2025-08-29,1,1,0.001334917196602465,0.012135375,low_vol,post_covid
2025-09-02,1,1,0.0014121732020573557,0.021558253,low_vol,post_covid
2025-09-03,0,1,0.001417547043052175,0.012264609,high_vol,post_covid
2025-09-04,1,1,0.0013655626629821725,-0.00765471,high_vol,post_covid
2025-09-05,1,1,0.0013627178227246606,0.013205346,high_vol,post_covid
2025-09-08,1,1,0.0013757310306288515,0.006867801,high_vol,post_covid
2025-09-09,1,1,0.001349197074088044,0.001428284,high_vol,post_covid
2025-09-10,0,1,0.0013625653562356816,8.24e-05,high_vol,post_covid
2025-09-11,1,1,0.0013801977397219568,-0.001840587,high_vol,post_covid
2025-09-12,1,1,0.0014220844008684317,0.0034311,low_vol,post_covid
2025-09-15,1,1,0.0014396959943887763,0.008947643,low_vol,post_covid
2025-09-16,0,1,0.0013941273512356532,0.001817898,low_vol,post_covid
2025-09-17,0,1,0.001582620106206208,-0.001926508,low_vol,post_covid
2025-09-18,1,1,0.0015827562680142606,-0.010402141,low_vol,post_covid
2025-09-19,1,1,0.0016324479511302663,0.007600662,low_vol,post_covid
2025-09-22,1,1,0.001715850667049558,0.018672449,low_vol,post_covid
2025-09-23,0,1,0.0017433418896528135,0.010610006,high_vol,post_covid
2025-09-24,1,1,0.001716117889870585,-0.012911649,high_vol,post_covid
2025-09-25,1,1,0.0017807371322128807,0.001285261,high_vol,post_covid
2025-09-26,1,1,0.0018527597760868637,0.010223498,high_vol,post_covid
2025-09-29,1,1,0.0018811871690756121,0.012006109,high_vol,post_covid
2025-09-30,1,1,0.0018630868756483582,0.00519472,high_vol,post_covid
2025-10-01,0,1,0.0019190094180315492,0.006927613,high_vol,post_covid
2025-10-02,1,1,0.0018455341442241394,-0.007214078,high_vol,post_covid
2025-10-03,1,1,0.001943458143316751,0.010647105,high_vol,post_covid
2025-10-06,1,1,0.001973494789618061,0.017294429,high_vol,post_covid
2025-10-07,1,1,0.0019277607243040216,0.007091447,high_vol,post_covid
2025-10-08,0,1,0.002002242468339537,0.016633995,high_vol,post_covid
2025-10-09,1,1,0.00190017632892234,-0.024282759,high_vol,post_covid
2025-10-10,1,1,0.001963349320737544,0.00747267,high_vol,post_covid
2025-10-13,1,1,0.002115784614002374,0.032831249,high_vol,post_covid
2025-10-14,1,1,0.002146830662919256,0.007299414,high_vol,post_covid
2025-10-15,1,1,0.002315615498910743,0.009187545,high_vol,post_covid
2025-10-16,0,1,0.0027009627976320406,0.024430462,high_vol,post_covid
2025-10-17,1,1,0.0024374528547211564,-0.021322939,high_vol,post_covid
2025-10-20,0,1,0.0024908878826208404,0.034367644,high_vol,post_covid
2025-10-21,0,1,0.0022286960774997424,-0.059062036,high_vol,post_covid
2025-10-22,1,1,0.0022370702172318526,-0.010649269,high_vol,post_covid
2025-10-23,0,1,0.0022970763819058645,0.01985404,high_vol,post_covid
2025-10-24,0,1,0.002279201328058818,-0.00172251,high_vol,post_covid
2025-10-27,0,1,0.0021460792440570736,-0.028695491,high_vol,post_covid
2025-10-28,1,1,0.0021910313874228906,-0.008960779,high_vol,post_covid
2025-10-29,1,1,0.0022484257038402474,0.004402578,high_vol,post_covid
2025-10-30,0,1,0.002302012346328162,0.004408297,high_vol,post_covid
2025-10-31,1,1,0.0022794150113670496,-0.004784902,high_vol,post_covid
2025-11-03,0,1,0.00226941175569596,0.004534952,high_vol,post_covid
2025-11-04,1,1,0.002236920775995537,-0.013236252,high_vol,post_covid
2025-11-05,0,1,0.0022846785552165915,0.008224087,high_vol,post_covid
2025-11-06,1,1,0.0022896702271779958,-0.000100537,high_vol,post_covid
2025-11-07,1,1,0.0023000171310045836,0.004887657,high_vol,post_covid
2025-11-10,0,1,0.002434139658068114,0.027716516,high_vol,post_covid
2025-11-11,1,1,0.002462166293991123,-0.001216752,high_vol,post_covid
2025-11-12,0,1,0.0026461753190512778,0.023487484,high_vol,post_covid
2025-11-13,0,1,0.0018494367924746615,-0.004170993,high_vol,post_covid
2025-11-14,0,1,0.002432286338637243,-0.024002555,high_vol,post_covid
2025-11-17,0,1,0.0024630781151637,-0.004732791,high_vol,post_covid
2025-11-18,1,1,0.00248048682243736,-0.001722102,high_vol,post_covid
2025-11-19,0,1,0.002491151801196089,0.004029961,high_vol,post_covid
2025-11-20,1,1,0.0024874477591414353,-0.005212559,high_vol,post_covid
2025-11-21,1,1,0.0024172579116411488,0.004967293,high_vol,post_covid
2025-11-24,1,1,0.0024042420980010565,0.00372156,high_vol,post_covid
2025-11-25,1,1,0.002417060439923016,0.011493194,high_vol,post_covid
2025-11-26,1,1,0.0025325545927859733,0.006261761,high_vol,post_covid
2025-11-28,1,1,0.002762666030619797,0.012667816,high_vol,post_covid
2025-12-01,0,1,0.0029177774667228304,0.004965958,high_vol,post_covid
2025-12-02,1,1,0.00287850918069578,-0.012509143,high_vol,post_covid
2025-12-03,1,1,0.002863927588085979,0.003028826,high_vol,post_covid
2025-12-04,1,1,0.002793739025308364,0.002972265,high_vol,post_covid
2025-12-05,0,1,0.002899311147499751,0.00026116,high_vol,post_covid
2025-12-08,1,1,0.00287647168678849,-0.006118924,high_vol,post_covid
2025-12-09,0,1,0.003043484147829561,0.004646239,high_vol,post_covid
2025-12-10,1,1,0.003039605654261709,-0.002451547,high_vol,post_covid
2025-12-11,1,1,0.0032647204283740984,0.02101024,high_vol,post_covid
2025-12-12,1,1,0.0031094907077840496,0.00340107,high_vol,post_covid
2025-12-15,0,1,0.0030201598828540135,0.001533694,high_vol,post_covid
2025-12-16,1,1,0.0030449555997539,-0.000511008,high_vol,post_covid
2025-12-17,0,1,0.0032867228635401684,0.00993998,high_vol,post_covid
2025-12-18,1,1,0.0031677079368454693,-0.001841833,high_vol,post_covid
2025-12-19,1,1,0.003291711760037162,0.00503395,high_vol,post_covid
2025-12-22,1,1,0.003351455968708252,0.018896814,high_vol,post_covid
2025-12-23,0,1,0.0035157641732310534,0.008557909,high_vol,post_covid
2025-12-24,1,1,0.003540181602354354,-0.00049082,high_vol,post_covid
2025-12-26,0,1,0.003891472481204609,0.010766278,high_vol,post_covid
2025-12-29,1,1,0.0034716376251779897,-0.046087982,high_vol,post_covid
2025-12-30,0,1,0.003956833155617914,0.01035063,high_vol,post_covid
2025-12-31,0,1,0.003504465528115277,-0.010235033,high_vol,post_covid
2026-01-02,1,1,0.003528856982900737,-0.002592639,high_vol,post_covid
2026-01-05,1,1,0.0038905939108291494,0.02799767,high_vol,post_covid
2026-01-06,0,1,0.004170237417851883,0.010158129,high_vol,post_covid
2026-01-07,1,1,0.003955636389127656,-0.007367304,high_vol,post_covid
2026-01-08,1,1,0.0038068222014405453,9e-05,high_vol,post_covid
2026-01-09,1,1,0.004060516194309577,0.009082749,high_vol,post_covid
2026-01-12,0,1,0.0044373557161918225,0.025071136,high_vol,post_covid
2026-01-13,1,1,0.004527448449643664,-0.003284848,high_vol,post_covid
2026-01-14,0,1,0.004853393890595671,0.008051611,high_vol,post_covid
2026-01-15,0,1,0.00486578151342806,-0.002163894,high_vol,post_covid
2026-01-16,1,1,0.004730177077888273,-0.006062118,high_vol,post_covid
2026-01-20,1,1,0.005189333434305902,0.036632293,high_vol,post_covid
2026-01-21,1,1,0.005014865124727171,0.015055377,high_vol,post_covid
2026-01-22,1,1,0.0052438772188932075,0.015810444,high_vol,post_covid
2026-01-23,1,1,0.0055704981926723565,0.013637114,high_vol,post_covid
2026-01-26,1,1,0.006489713056833937,0.020585656,high_vol,post_covid
2026-01-27,1,1,0.005871214041850759,3.93e-05,high_vol,post_covid
2026-01-28,1,1,0.006368396277013981,0.042717123,high_vol,post_covid
2026-01-29,0,1,0.0064325144708220665,0.003163808,high_vol,post_covid
2026-01-30,0,1,0.004114047025046853,-0.120656918,high_vol,post_covid
2026-02-02,1,1,0.004005835843860866,-0.019579886,high_vol,post_covid
2026-02-03,1,1,0.00443415882469291,0.059054378,high_vol,post_covid
2026-02-04,0,1,0.0045153461763371375,0.003399746,high_vol,post_covid
2026-02-05,1,1,0.004049749114202258,-0.012063366,high_vol,post_covid
2026-02-06,1,1,0.004045270315314816,0.018303569,high_vol,post_covid
2026-02-09,0,1,0.00435384910917053,0.019936415,high_vol,post_covid
2026-02-10,1,1,0.004233100457259642,-0.009368841,high_vol,post_covid
2026-02-11,0,1,0.0044644185245302104,0.013458784,high_vol,post_covid
2026-02-12,1,1,0.003961738548977021,-0.029596049,high_vol,post_covid
2026-02-13,0,1,0.0041035288978126605,0.019767941,high_vol,post_covid
2026-02-17,1,1,0.003782831145808929,-0.028088975,high_vol,post_covid
2026-02-18,0,1,0.004239428055216042,0.020994975,high_vol,post_covid
2026-02-19,1,1,0.0042907894593725866,-0.002128022,high_vol,post_covid
2026-02-20,1,1,0.004619460588096778,0.016621856,high_vol,post_covid
2026-02-23,0,1,0.004935493615127955,0.028334006,high_vol,post_covid
2026-02-24,1,1,0.004985511972965219,-0.009439844,high_vol,post_covid
2026-02-25,0,1,0.0052130821631902365,0.009766363,high_vol,post_covid
2026-02-26,1,1,0.00494169792300775,-0.005759467,high_vol,post_covid
2026-02-27,1,1,0.005349278336759012,0.010377724,high_vol,post_covid
2026-03-02,0,1,0.005066228103230751,0.012142764,high_vol,post_covid
2026-03-03,1,1,0.004714755652934384,-0.03595919,high_vol,post_covid
2026-03-04,0,1,0.004669437388557992,0.00250309,high_vol,post_covid
2026-03-05,1,1,0.004638182993873668,-0.010780212,high_vol,post_covid
2026-03-06,0,1,0.004850734440234748,0.015825838,high_vol,post_covid
2026-03-09,1,1,0.004821411523305865,-0.010666683,high_vol,post_covid
2026-03-10,0,1,0.005169353622664457,0.02678147,high_vol,post_covid
2026-03-11,0,1,0.004886128258180407,-0.011984311,high_vol,post_covid
2026-03-12,0,1,0.0048985958536143055,-0.01003589,high_vol,post_covid
2026-03-13,0,1,0.004665163432272406,-0.010631318,high_vol,post_covid
